<?xml version="1.0" encoding="UTF-8"?>
<kml xmlns="http://www.opengis.net/kml/2.2">
    <Document>
        <Style id="ourPolygonStyle">
            <LineStyle>
                <color>70ff0000</color>
                <width>2</width>
            </LineStyle>
            <PolyStyle>
                <color>3dff5500</color>
            </PolyStyle>
        </Style>
        <Placemark>
            <styleUrl>#ourPolygonStyle</styleUrl>
            <name>Lewisham Borough Council</name>
            <Polygon><outerBoundaryIs><LinearRing><coordinates>-0.029732152085817,51.4928760015732 -0.029684588669438,51.4927959526947 -0.029593955245904,51.4926416706089 -0.029514566291453,51.4925086856947 -0.02944000056476,51.4923807818934 -0.029359353337433,51.4922425912913 -0.02930127088759,51.4921451457787 -0.02922200996964,51.4920091999047 -0.029158888684828,51.4919048189044 -0.029073268693004,51.491765063593 -0.028996911266199,51.4916443499958 -0.028981071263824,51.4916196426657 -0.028943327676147,51.4915732726086 -0.028897409611798,51.4915101012007 -0.028811458798083,51.4913986695283 -0.028718071816835,51.4912739668802 -0.02861688985765,51.4911374674311 -0.028521109596756,51.4910064284352 -0.028427828061236,51.4908793199301 -0.028316754217093,51.4907315439559 -0.028248489838498,51.4906383700804 -0.028208844461585,51.4905849695135 -0.028143607586506,51.4904955866667 -0.028091860977287,51.4904234957244 -0.028050642742021,51.4903801406701 -0.028009552208038,51.4903250565251 -0.027961822799752,51.4902517498485 -0.02792535915752,51.4901955375993 -0.02787109548824,51.4901202045235 -0.027830677070509,51.4900671460347 -0.02779423821551,51.490023042189 -0.027765371657191,51.4899881899766 -0.027700790013418,51.489914461042 -0.027610085113499,51.4898126805592 -0.027546585652912,51.4897446577592 -0.027473652930612,51.4896665209899 -0.027399807609951,51.4895875405659 -0.027324486319932,51.4895075864959 -0.027288774931991,51.489469606308 -0.027258847354184,51.489434856611 -0.02699490385555,51.4891984777038 -0.026590770058469,51.4888550599343 -0.02621892231822,51.4885828184079 -0.025305363137706,51.487919585922 -0.024666729983892,51.4874846994342 -0.024249702578302,51.4872318781396 -0.023760723014898,51.4869621339468 -0.023504730633411,51.4868407636834 -0.023409523426111,51.4868026663029 -0.023452063098418,51.4867687810475 -0.023543431659718,51.4866969690535 -0.023623030970416,51.4866339648548 -0.023841028377383,51.486461693913 -0.024003780608859,51.486332974265 -0.024110212564564,51.4862491063746 -0.024210437029862,51.4861699772863 -0.02431518255961,51.4860872507443 -0.0244167743387,51.4860071966795 -0.024521712755559,51.4859243553942 -0.02458775548132,51.4858719053473 -0.024634405914875,51.4858070409875 -0.024673102285425,51.4857500407976 -0.024740869315073,51.4856494492886 -0.024799820309158,51.4855634619696 -0.02484509553336,51.4854996408967 -0.024925272407739,51.4853924436482 -0.024975217598621,51.485325975493 -0.025027038962089,51.4852468598551 -0.025077745855195,51.4851671318776 -0.025122830623505,51.4850945385086 -0.025167290382769,51.4850232385571 -0.02518136069816,51.4849692143605 -0.025188463277504,51.4849437240965 -0.025185522987725,51.4849162192291 -0.025188284536412,51.4849029176159 -0.025187722558486,51.4848934287324 -0.025186656188667,51.484853896873 -0.025186711903643,51.4848526082306 -0.025186230230838,51.4848352321319 -0.025187989811329,51.4848230512329 -0.025196233116167,51.4847808704924 -0.025205445452333,51.4847279361899 -0.025215120837292,51.48466712292 -0.025225162197207,51.4846062393769 -0.025231006690716,51.4845694022514 -0.025239132729447,51.4845191043397 -0.02524819157925,51.4844641206614 -0.025256265167046,51.4844150350055 -0.02526346740984,51.4843720777116 -0.025269803715035,51.4843322920067 -0.02528015369327,51.4842698965549 -0.025288148534967,51.4842226306298 -0.025299755967473,51.4841527032324 -0.025351535020588,51.4840045212661 -0.025513015452753,51.4835619306669 -0.025532485557272,51.4834875943957 -0.025545300178586,51.4834393422567 -0.025553788631276,51.483407637875 -0.025549589969454,51.4833744229335 -0.025560210536176,51.4832522113724 -0.025563500219114,51.4832241217596 -0.025595683892061,51.4831450455175 -0.025614538680462,51.4830381544892 -0.025639918226148,51.4828969342251 -0.025668461209223,51.4827374361463 -0.025687900001362,51.4826238894066 -0.02571115657121,51.482476893182 -0.025722427457813,51.4823945013706 -0.025739050624147,51.4823255316968 -0.02575578956913,51.4822058296768 -0.025757901126083,51.4821775349491 -0.025762320491559,51.4821507611328 -0.025776918528861,51.4821080498452 -0.02580744447133,51.4820535717254 -0.025863853817589,51.4819697182385 -0.025896350103398,51.4819245314702 -0.02592857509808,51.4818924859306 -0.02595047837937,51.4818728574413 -0.025995926376895,51.4818367756141 -0.026059415919874,51.4817880371407 -0.026160617692265,51.4817106782248 -0.026257054411743,51.4816337947151 -0.026304518477757,51.4815853410266 -0.026323898513653,51.4815623371968 -0.026341147265623,51.4815405933412 -0.026373011292542,51.4814963211506 -0.026260910587704,51.4814759174955 -0.026078292166367,51.4814404381104 -0.025895698041358,51.4814044030915 -0.025711342785567,51.4813679685094 -0.025391203024321,51.4813023406061 -0.0251412938038,51.481247979227 -0.024659654912422,51.4811374426257 -0.0244122526668,51.4810774717338 -0.023399279376219,51.480828711277 -0.023345061038273,51.4808101382484 -0.023281613506319,51.4807807898016 -0.02322704282321,51.480743503768 -0.02317757532304,51.48069881992 -0.023152881098418,51.4806672123826 -0.023138528202584,51.4805973535909 -0.023106227470186,51.4803829325738 -0.023080065408484,51.4802085057678 -0.023065830884088,51.4801192117305 -0.023052241888068,51.4799815585269 -0.023045632501034,51.4798666249044 -0.023039823921579,51.4796881295557 -0.023040331302014,51.479665157685 -0.022970907609976,51.4796694468788 -0.022900987022252,51.4796757330619 -0.022815075205592,51.4796831711563 -0.022649709060074,51.4796979187112 -0.022521865183293,51.4797095078517 -0.022461226667431,51.4797161878249 -0.022349421550959,51.479725558218 -0.022209973926449,51.4797377803216 -0.022059850467539,51.4797511260232 -0.021902780227283,51.4797650197367 -0.021892302162049,51.4797661675081 -0.021731936611261,51.4797812598709 -0.021573391891521,51.4797962397691 -0.021423807177743,51.4798103050858 -0.02126012131754,51.4798256716745 -0.021080976571152,51.4798430287828 -0.020956136257317,51.4798553782694 -0.020814535894601,51.4798691028289 -0.020618692348688,51.4798864145901 -0.020459039374815,51.479900662916 -0.020308356695267,51.4799137604042 -0.020334763124647,51.4800007135871 -0.020360012135476,51.4800837362044 -0.020387750861131,51.4801749781075 -0.020401028651313,51.4802189303249 -0.02030422803038,51.4802498824588 -0.020177589842956,51.4802905229195 -0.020065206727808,51.4803263078399 -0.019880450256081,51.4803855182751 -0.019806161112043,51.4804093854038 -0.019775422788576,51.4804179910308 -0.019721331654264,51.4804355635866 -0.019678421064114,51.4804491766532 -0.019498833967307,51.4805072894775 -0.019333871550221,51.4805607894716 -0.019137723430375,51.4806244285043 -0.018978911244515,51.4806761362594 -0.018832009258699,51.4807244902808 -0.018790839469434,51.480737303306 -0.018710285125866,51.4807611825045 -0.018651842862784,51.4807740595463 -0.018590140906601,51.4807877105825 -0.018496700520381,51.4808023653651 -0.018473768422052,51.4808060063854 -0.018367741209922,51.4808177224724 -0.018232001226564,51.4808318994454 -0.017988429175242,51.4808557498898 -0.017834468874321,51.480870091092 -0.017801308802687,51.480873205974 -0.017792222028652,51.4808639282017 -0.017787137739471,51.4808586281884 -0.017758187231724,51.4808391782359 -0.017749146762695,51.4808288337881 -0.017739993391186,51.4808167104381 -0.017733931691641,51.4808033353809 -0.017725964369217,51.480790165523 -0.017713813287166,51.4807771623544 -0.017700534008293,51.4807682867305 -0.017689048704486,51.4807618119539 -0.01767867605312,51.4807559486156 -0.017661373581669,51.4807479537269 -0.017655301143981,51.4807443510468 -0.017624339627509,51.480726707909 -0.017576256876773,51.4806976916028 -0.017530208113275,51.4806698940251 -0.017475473015141,51.4806367364061 -0.017457025711891,51.4806250908081 -0.017428050738293,51.480608069338 -0.017302180045916,51.4805323678026 -0.017207301184494,51.4804753045134 -0.017101901256108,51.4804114265009 -0.016972357348678,51.4803310239762 -0.01683354380224,51.4802456065936 -0.016867053087493,51.4802081333969 -0.016887383177522,51.4801857252138 -0.016920251947877,51.4801499003557 -0.016922989337687,51.4801480509476 -0.016936875666875,51.4801297991102 -0.016953921306499,51.4801117553737 -0.016955836950541,51.4801102904534 -0.016961896418638,51.480104269669 -0.016980710164287,51.480091277452 -0.01699166468625,51.4800829023715 -0.017015614584174,51.480069034763 -0.017044620465464,51.4800522238423 -0.017068880522416,51.4800398362998 -0.017082627510007,51.4800335507125 -0.017112929135763,51.4800218570507 -0.01715028377404,51.4800094534948 -0.017223148394914,51.4799894515284 -0.017266538443708,51.4799803712319 -0.017336388310811,51.479969702293 -0.017377568024525,51.4799637329923 -0.017450851983213,51.4799558990458 -0.017654113137048,51.4799389672521 -0.017803524955578,51.4799261249378 -0.017882680250955,51.4799196858383 -0.01803685787866,51.4799063680193 -0.018150856197436,51.4798964438437 -0.018204040137717,51.4798940098861 -0.018255902343271,51.4798878502992 -0.01829210051102,51.4798805010523 -0.018381805443024,51.4798564657201 -0.018464729133712,51.4798178730764 -0.018488339154181,51.4798067929141 -0.018526549826369,51.4797804055532 -0.018556182991807,51.4797603534087 -0.018602283275676,51.4797298404028 -0.018637971051557,51.479706929259 -0.018727126486556,51.479647703309 -0.018769773324886,51.4796147253481 -0.018797942380714,51.479580576322 -0.018832166075466,51.4795435673999 -0.018859092558551,51.4795175449018 -0.018891737558574,51.4794827314117 -0.018900691662356,51.4794745499897 -0.018911960228473,51.4794608536916 -0.018925263892998,51.4794481171662 -0.018940801766653,51.4794317160412 -0.018960969516145,51.479390580922 -0.018965537078483,51.4793604762253 -0.018979146884528,51.4793201565002 -0.018990255790375,51.4792964583071 -0.019010904591469,51.4792716255163 -0.019030782481868,51.4792508534655 -0.019057332840518,51.4792129737372 -0.019072742628661,51.4791926819047 -0.019076789350176,51.479160902915 -0.019077474053632,51.4791246228067 -0.019072951537739,51.479062163615 -0.019072619733915,51.479045106598 -0.019075239088095,51.479032559941 -0.019079452617531,51.4790242992634 -0.019081639530778,51.479008042026 -0.019089850807745,51.4789828137089 -0.019096914508264,51.478963491403 -0.019105143569078,51.4789369890933 -0.019107058596303,51.4789073737248 -0.019108331642713,51.4788985075775 -0.019106068856206,51.4788686579135 -0.019103454815094,51.4788445172896 -0.019102805690975,51.4788089727313 -0.01910938374475,51.4787716897184 -0.019111621002057,51.4787406211503 -0.019112704992554,51.4787019403938 -0.019114843710939,51.4786867938606 -0.019115039374273,51.4786549488665 -0.019112981891608,51.4786019657779 -0.019111858780398,51.4785641667831 -0.019101371230018,51.4785188101396 -0.019104050588351,51.4784638630418 -0.019099843261868,51.4784173166879 -0.019100370949359,51.4784119559566 -0.019109345541184,51.4783485972157 -0.019118319266733,51.4782989409181 -0.019137474303412,51.4782127945326 -0.019142215854405,51.4781923214455 -0.019145508659587,51.4781710837536 -0.019149698837709,51.4781496759775 -0.019155547382277,51.4781310732375 -0.019159192775257,51.4781085456303 -0.019171367913117,51.4780670900983 -0.019177875498339,51.4780127625676 -0.019186133983352,51.4779727228536 -0.019188082750146,51.4779414632502 -0.019183528158003,51.4779165748875 -0.019181624926275,51.4778783993895 -0.019162258972988,51.4778121550723 -0.019137937015901,51.4777371236589 -0.01912515966699,51.4776898775699 -0.019105842432395,51.4776156717649 -0.01906160797922,51.4774869777054 -0.019054476852423,51.4774326048695 -0.019048906532059,51.4774038108059 -0.019061010975713,51.4773366173431 -0.019066843791187,51.4773115340647 -0.019096998174795,51.4772520513678 -0.019110709858326,51.4772367299588 -0.019128673175166,51.4772190730229 -0.019149142573066,51.4772051617179 -0.019210018120643,51.4771769063091 -0.019268631244837,51.4771583815994 -0.019385903782373,51.4771266386767 -0.019405628427395,51.4771230268818 -0.019468739858075,51.4771103911028 -0.019658595654695,51.4770810122351 -0.019884030286123,51.4770379760414 -0.019966801129214,51.4770164140115 -0.020016387328952,51.4770011429004 -0.020087732239928,51.4769764263655 -0.020148697935378,51.4769517187791 -0.020174628023151,51.4769417880768 -0.02021279489524,51.4769231764369 -0.020320177060337,51.476867405536 -0.020469784758002,51.4767951273617 -0.02050952034193,51.4767745052329 -0.020542890827732,51.4767502575523 -0.020568269546492,51.476732540396 -0.020594800653582,51.4767087329304 -0.020642746250038,51.4766560306082 -0.020667892715669,51.4766299775936 -0.020700101611294,51.4765914529174 -0.020737877716268,51.4765339501423 -0.020755672663576,51.4764790730265 -0.020756628431505,51.4764365024372 -0.020754483124835,51.4764175793337 -0.020751410595511,51.4763653120173 -0.02074412507697,51.4763213063543 -0.020735455930753,51.4762845076049 -0.020720689373373,51.4762325886384 -0.020698727472763,51.4761646334171 -0.020687036681446,51.476133329542 -0.020672897667106,51.476083281798 -0.020658245624034,51.4760450762182 -0.02063573958924,51.4759554488187 -0.020630279176946,51.4759240649223 -0.020629279581749,51.4759060874359 -0.020631577678857,51.4759009409525 -0.020633797645763,51.4758702425472 -0.020636254826998,51.4758638505375 -0.020646996019289,51.4758393581724 -0.020655606568425,51.4758073720129 -0.020678725198374,51.4757756291072 -0.020711202782985,51.4757157967029 -0.020744185449597,51.4756729567942 -0.020771205724669,51.4756340845554 -0.020819065206915,51.4755987288745 -0.020863582184296,51.4755737134036 -0.020908038970781,51.4755500530269 -0.020933004620164,51.4755418855519 -0.020981939557313,51.4755318629565 -0.021029896285456,51.4755277006758 -0.021101116656657,51.4755212180778 -0.021180842337295,51.4755189483446 -0.021307135803199,51.4755111356808 -0.021400712206438,51.4755049332627 -0.021573353730835,51.4754989433454 -0.021773896813916,51.4754906417913 -0.021960962594236,51.4754804406209 -0.022062451930195,51.4754705447639 -0.022123798633357,51.4754580189254 -0.022174355440668,51.4754439539157 -0.022213416594143,51.4754278872932 -0.02226639750877,51.4754079871978 -0.022292106214724,51.4753993796265 -0.02232062905716,51.4753926280143 -0.022445436290065,51.4753689678322 -0.022477361658609,51.4753672457737 -0.022539243107457,51.4753652495294 -0.022576499687203,51.4753680149335 -0.022614133017826,51.4753681976282 -0.022656145430167,51.4753675504165 -0.022700427010627,51.4753646815633 -0.022723770110049,51.4753605547099 -0.022762321267851,51.4753562330134 -0.022807052460586,51.4753429741182 -0.022826230037483,51.4753347085744 -0.022860976234864,51.4753119924236 -0.022899812793334,51.4752641354838 -0.022911889166343,51.4752317507698 -0.022913056987087,51.4751636312868 -0.022870264381402,51.4750562571296 -0.022821649865122,51.4749258240608 -0.022791108527807,51.4748299507616 -0.022781337737243,51.4748019375956 -0.022769653361742,51.4747474656111 -0.022764164705611,51.474720828665 -0.022760192836014,51.4746766784618 -0.022767920356981,51.4746077218051 -0.022773901629461,51.4745572214851 -0.022782388029351,51.4745145854553 -0.022792132509884,51.474466270053 -0.022796183614366,51.4744457302789 -0.022799934892843,51.4743809727591 -0.022796880798654,51.4743594722666 -0.022790704512545,51.4743355485668 -0.022781362758885,51.4743102683861 -0.022778384023453,51.4743045301188 -0.022703337116517,51.474297931071 -0.022694924952144,51.4742764273991 -0.022678291774242,51.474249633878 -0.022656101769682,51.4742230703352 -0.022630099346686,51.4741925314468 -0.022615970595328,51.4741726210742 -0.022599842147118,51.4741462785096 -0.022582351935139,51.4741119731339 -0.022564163152487,51.4741113109915 -0.022476571644277,51.4741095954946 -0.022309330380489,51.4740936192469 -0.02227683451752,51.4740903450771 -0.022159262535088,51.4740710593406 -0.022119104543108,51.4740606647282 -0.022083959883871,51.4740484581174 -0.02202032491707,51.4740280681948 -0.021907176613726,51.473989896249 -0.021842851578104,51.4739679540995 -0.02180195014339,51.4739966524448 -0.021713723214247,51.4739570044034 -0.02166082610391,51.4739384547489 -0.021677958674993,51.4739108956752 -0.021606909022741,51.4738862283359 -0.021562012342731,51.4738716096066 -0.021533299237144,51.4738642524711 -0.021471465162825,51.4738417586441 -0.021406995341443,51.4738187472562 -0.02131494197364,51.4737886342304 -0.021274897307793,51.4737756333052 -0.02118606679586,51.473732420688 -0.021155011889452,51.4737177945273 -0.021075538236889,51.4736775833842 -0.021000550836507,51.4736389884337 -0.020924900803434,51.4735994047173 -0.020908653827536,51.4735893235792 -0.020885647539396,51.4735732927932 -0.020876592878587,51.4735569049962 -0.020862622796509,51.4735377093354 -0.020829914739842,51.4734911771506 -0.020766818421788,51.4733970871757 -0.020741945172859,51.4733492655163 -0.020734467915445,51.4733334969824 -0.020726033452554,51.473313564757 -0.020711303363628,51.4732593963563 -0.020669191287606,51.4732021593232 -0.020659393099032,51.4731918030771 -0.020613615228371,51.4731885406252 -0.020570618928466,51.4731823637787 -0.020547425244897,51.4731790088475 -0.020515431844571,51.4731772840649 -0.020460239771041,51.4731767069843 -0.020431757110548,51.4731771736985 -0.020359206919067,51.4731786738762 -0.020262475101211,51.4731733661459 -0.020224281511653,51.4731570786598 -0.020173655721406,51.4731343004866 -0.020126598496954,51.4731080267918 -0.020095303066519,51.4730901966191 -0.020076075365703,51.4730784957474 -0.020015007660933,51.4730339734236 -0.019977707350975,51.4730058501132 -0.019973142045498,51.4730017441593 -0.019966183689907,51.4729915536461 -0.019964325440042,51.4729512313771 -0.019988804384329,51.4728986741241 -0.019996822163221,51.4728450086933 -0.020005593240705,51.4728046295038 -0.02001883725492,51.4727704869206 -0.02003472441362,51.4727453962783 -0.020056592056068,51.4727136512135 -0.02008965359242,51.4726775925248 -0.020107969709497,51.4726577560915 -0.020139211742559,51.4726242736879 -0.020183458985467,51.4725796340779 -0.020210784815316,51.4725489299452 -0.020265770285274,51.4724973619308 -0.02027231904804,51.4724907179985 -0.020279309153994,51.472478274808 -0.020288996491076,51.4724649293313 -0.020313129600561,51.4724203050887 -0.020330277860374,51.4723967761901 -0.020330027511727,51.4723850398271 -0.020326446191059,51.4723713514909 -0.020318919068784,51.4723436134413 -0.020311956739382,51.472320387676 -0.020312033421681,51.4723054571647 -0.020302420306607,51.4722952227224 -0.020278705965304,51.4722732544399 -0.020240990158093,51.4722371843657 -0.020220673494186,51.4722156295902 -0.020182394564264,51.4721794312779 -0.020148139594352,51.4721467389214 -0.020060836412321,51.4720902786625 -0.020017970811159,51.4720679867593 -0.019956743005125,51.4720534422256 -0.019921989272283,51.4720453900089 -0.019839603632775,51.4720374798957 -0.019803172900084,51.4720374569429 -0.019766998884173,51.4720402818707 -0.019712674341682,51.4720416157106 -0.019674936068982,51.4720454816334 -0.019549805702239,51.4720562835293 -0.019459086342926,51.4720611497072 -0.019416618648989,51.4720646982043 -0.019385124078208,51.4720646398404 -0.019321196977494,51.4720467318757 -0.019301545349335,51.4720360893734 -0.019297067460323,51.4720212014897 -0.019276787348398,51.4719725093097 -0.019266816710429,51.4719486400076 -0.019256683283176,51.471911021412 -0.019237886781819,51.4718500304366 -0.019231544780196,51.471821245795 -0.019220697882295,51.4717913175524 -0.019209314824931,51.4717596077465 -0.019200191323862,51.4717084934901 -0.019188912650036,51.4716376744408 -0.019162459300267,51.4715092817692 -0.019151623301575,51.4714446618069 -0.019130435021267,51.4713520940944 -0.019092161794134,51.4712570145396 -0.019046230818534,51.4712018014355 -0.019004790481748,51.47115925428 -0.018848123780108,51.4712101171795 -0.01881820548229,51.47116850576 -0.018921248271586,51.4711304379812 -0.018936610642758,51.4710770010936 -0.018945001865912,51.4710749208003 -0.018908054867223,51.4710244881585 -0.018823311772493,51.4709071451999 -0.018775268934815,51.470839119182 -0.018718882193869,51.4707652128115 -0.018658861977716,51.4706862449326 -0.018871378308716,51.4706054043573 -0.018957605404116,51.4705722366631 -0.019003895760375,51.4706328264344 -0.019014311309586,51.4706455934554 -0.019104007691255,51.4706008196108 -0.019208379623188,51.4705457387838 -0.019224330576966,51.4705334174351 -0.019244765462103,51.4705065440239 -0.019251644978201,51.4704846268021 -0.019255923288356,51.4704474811059 -0.019256157678541,51.4704352646183 -0.019247784107546,51.4704095706676 -0.019232021288775,51.4703765314246 -0.019196523376428,51.4703200126889 -0.019180119355882,51.470294924014 -0.019131467388857,51.4702341091382 -0.019103788091464,51.4702027030052 -0.019045802712878,51.470138044141 -0.018988752443198,51.470072643854 -0.019066060610167,51.4700332146266 -0.019113965499473,51.4700086572084 -0.019026497910813,51.4699542231235 -0.018978339583518,51.4699298935246 -0.018845586591337,51.4698600650366 -0.018717733422624,51.469793467653 -0.018593980545805,51.4697280509801 -0.018521115171905,51.4696992296777 -0.018461868263429,51.4696776746436 -0.018356327924699,51.4696434868502 -0.018299210101226,51.4696275235487 -0.01819780204293,51.4696006275536 -0.018135400893641,51.4695834640946 -0.018020718383885,51.4695481965774 -0.017983456795318,51.4695392349436 -0.017936420137071,51.469530108096 -0.017876900804049,51.4695216956311 -0.017842368999209,51.4695181488481 -0.017714945489245,51.4695100706498 -0.017672471698681,51.4695050937026 -0.017618429044918,51.4694934409096 -0.017604610329669,51.4694907999314 -0.017570078530117,51.4694872539678 -0.017501847932743,51.4694814719679 -0.017477091257764,51.4694780903169 -0.017427372638382,51.4694692884368 -0.017374169661634,51.4694587603492 -0.017335667967597,51.4694510734231 -0.01730435557355,51.4694416563879 -0.017278223417339,51.4694289941542 -0.017259506135607,51.4694162720183 -0.01723612906732,51.4693947677747 -0.017178488672804,51.469343059849 -0.017161485786437,51.4693276283458 -0.017098424878646,51.4692683817198 -0.017061983331702,51.4692336959921 -0.016985667051873,51.4691614894476 -0.016890817239121,51.4690723038333 -0.01686988685402,51.4690832449922 -0.01686296185699,51.4690857205464 -0.016817802112709,51.469108472434 -0.01678314807281,51.4691282535445 -0.016750599368796,51.4691473301314 -0.016683578983341,51.4691887844239 -0.016577118225947,51.4692510494025 -0.016561896481037,51.4692602354116 -0.016522944922924,51.4691945849999 -0.016491246108061,51.469146277734 -0.016439142782452,51.4690626295062 -0.016418666631603,51.4690358045087 -0.016362926968858,51.4689701911489 -0.016334300484669,51.4689373532258 -0.016287173096406,51.468889340708 -0.016224420003568,51.4688256941086 -0.016139972004517,51.468735944629 -0.016087016647237,51.4686856104054 -0.016037871940279,51.4686431176769 -0.01596505215162,51.4685887944487 -0.015717503251399,51.4684299196084 -0.01545862546552,51.468271558499 -0.015207627003235,51.468119484012 -0.0151267959974,51.4680715364513 -0.015086368035838,51.4680532045816 -0.015061737040662,51.4680443973428 -0.014989229877966,51.4680501135759 -0.014922834429208,51.4680857329634 -0.014825999021795,51.4681396421093 -0.014605405299635,51.4682594451592 -0.014239036824267,51.4684294348385 -0.013930003793411,51.4685697267407 -0.013571312340964,51.468733479119 -0.013278790062276,51.4688668159303 -0.013106143396807,51.468939400867 -0.013107592931608,51.4689411313755 -0.01311079432153,51.468944858308 -0.013115610990273,51.4689504444572 -0.013119482297886,51.4689549570267 -0.013123700689565,51.4689598981419 -0.013129881373565,51.4689670955432 -0.01313573946709,51.4689738971877 -0.013140130668321,51.4689790363757 -0.013144151382644,51.4689837223404 -0.013148445714398,51.4689887052093 -0.01315298807184,51.4689940106282 -0.013157343104288,51.4689993857158 -0.013161031065045,51.4690039428401 -0.013174581602464,51.4690207256121 -0.013197446767828,51.4690489252779 -0.01322260024453,51.4690799308167 -0.013242359774175,51.4691044870018 -0.013313003554277,51.469191557718 -0.01348415710994,51.4694031566955 -0.013713589456547,51.4696696854306 -0.01391329909746,51.4699040662029 -0.013978375263253,51.469988798516 -0.014006419052417,51.4700263412064 -0.014070808465006,51.4701268839306 -0.014094493347728,51.4701648051313 -0.014262455311543,51.4704302919084 -0.014413087312466,51.4706615809503 -0.014446210680663,51.4707154839713 -0.014518316675554,51.4708550333624 -0.014535650069054,51.4708892300062 -0.014570688316363,51.4709490422644 -0.014650847441664,51.4711031929727 -0.014702809838141,51.471189962807 -0.014828587412036,51.4713769821519 -0.014868438331802,51.4714260258671 -0.014962620861023,51.4715406336923 -0.015146806970762,51.4717494346799 -0.015027673752816,51.4717926237937 -0.014964762191857,51.4718245592657 -0.014905997683877,51.4718443588506 -0.014812201145151,51.4718707983876 -0.014734143954965,51.4718848467966 -0.014585848456211,51.4718995145509 -0.014527790315804,51.4719030514721 -0.014515838334494,51.4719448899789 -0.01450600861301,51.4719725484565 -0.014508940786313,51.4720232721239 -0.014516728148453,51.472129011046 -0.014519089157254,51.4721619946645 -0.014496790773114,51.4721729931533 -0.014476371003257,51.4721931485267 -0.014442994505346,51.4722276602032 -0.014414179813838,51.4722576276604 -0.014355371024542,51.4723184904336 -0.014383885911934,51.4723303501305 -0.014319596837249,51.4724038000669 -0.014266030267777,51.4724662920328 -0.01424464103464,51.4724912889053 -0.014177432552657,51.4725533133235 -0.014119176980326,51.4726057715923 -0.014056617625997,51.4726612379131 -0.014045572999457,51.4726708873014 -0.013955090868583,51.4726309598992 -0.013832605684808,51.4725765073913 -0.013726440079015,51.472529726011 -0.013645646521576,51.4724925757999 -0.013631474833865,51.4724880362667 -0.013615038729594,51.4724812308397 -0.013549757320523,51.4724578011581 -0.013497926644742,51.4724432405445 -0.013504920330317,51.4724282365719 -0.013414725372536,51.4724076249463 -0.013352975275684,51.4723957775595 -0.013259650961107,51.4723808745458 -0.013154646453182,51.4723693734284 -0.013049627768106,51.4723582325919 -0.012993948632208,51.4723526084325 -0.01287021226538,51.4723476314713 -0.012756145085534,51.4723456986465 -0.012727258716126,51.472348416023 -0.012563497821129,51.4723431525915 -0.012478822897969,51.4723460404758 -0.012383531267094,51.4723498257118 -0.012280642186628,51.4723560037046 -0.011914220527655,51.4723767973204 -0.01166035836442,51.4723944568171 -0.011540463599711,51.4724071867205 -0.011360217573204,51.4724289750583 -0.010869175348567,51.4724915787639 -0.010300293011282,51.4725676233938 -0.009975592520736,51.4726100020269 -0.009801042186555,51.4726333252607 -0.009410819005059,51.4726843116587 -0.009076465118105,51.4727232837966 -0.008817148058263,51.4727469659517 -0.008650121951721,51.4727563719355 -0.00837203252628,51.4727610111716 -0.00829242086958,51.4727621798357 -0.008229672742843,51.472760034106 -0.008103400363583,51.4727470872092 -0.007978641255233,51.4727258852406 -0.007706639836627,51.4726834577752 -0.007383056046684,51.472634032706 -0.007296007242082,51.47262067224 -0.007172244516131,51.4726030861965 -0.006682729506003,51.4725511991649 -0.006510746542821,51.4725288332559 -0.006322806828969,51.4725022335713 -0.00586078362307,51.472438260925 -0.005751808336852,51.472422426643 -0.005402046001067,51.4723744880321 -0.005223653908088,51.4723497747106 -0.005033063692648,51.472323230404 -0.004874647456206,51.4723007727428 -0.004635717632137,51.4722672120222 -0.004397722748573,51.4722331541329 -0.00400355611758,51.4721783208233 -0.003645993532082,51.4721276632865 -0.003463166376824,51.4721018394206 -0.003210872006643,51.4720661301079 -0.002975209543818,51.47203350655 -0.002779424126955,51.472007017614 -0.002546568186817,51.4719750300271 -0.002318865220366,51.4719440155538 -0.001982414971858,51.4718982701812 -0.001667314203438,51.4718560315434 -0.001447051810047,51.4718303864973 -0.001268736035518,51.471815826644 -0.001102316799383,51.4718076905081 -0.000957897470627,51.4718026952592 -0.000898107937935,51.4718030585333 -0.000751331903344,51.4718097747434 -0.000647764214959,51.4718156139144 -0.000524226819268,51.4718224957067 -0.000391092336482,51.4718294439892 -0.000254382327853,51.4718337960771 -0.000139106706436,51.4718373614491 -0.000053407895602,51.4718395874411 0.000243014845842,51.4718668176162 0.00039130361121,51.471879006632 0.000428274462959,51.471883242193 0.000522986987359,51.4718915164244 0.000644226984843,51.4719048876419 0.000809255539583,51.4719239651282 0.001043961830378,51.4719501488001 0.00132875476866,51.4719826214002 0.001574962337581,51.4720102210959 0.001792269359286,51.47203508683 0.001902757512003,51.4720472589169 0.00214118147986,51.4720740684842 0.002492347366703,51.4721139314884 0.002848674929469,51.4721537053032 0.003161673225723,51.4721898393437 0.003517211821452,51.4722291632543 0.003668807189663,51.4722471028118 0.00391179877193,51.4722741670698 0.00413886728357,51.4722997060992 0.004244626332331,51.472311612338 0.004368847335385,51.4723254368441 0.004430865357543,51.4723324724811 0.004515520670817,51.47234177774 0.004582490831721,51.472349211588 0.004671723087909,51.4723592244934 0.004749484885148,51.4723679234663 0.004863107400778,51.4723804798295 0.0049594355747,51.4723912768154 0.00501289573576,51.4723972497759 0.005118943146093,51.4724090891411 0.005168320537117,51.4724145886512 0.005235679096098,51.4724220748375 0.005320050845613,51.4724315066625 0.005410641184528,51.4724416162896 0.005472652959642,51.4724484698234 0.005564119184503,51.47245868576 0.005649167273201,51.4724681048838 0.005720033085211,51.4724761360416 0.005806925131255,51.4724857042772 0.005941842356099,51.4725006661559 0.006184762419481,51.4725278474032 0.006523656261043,51.4725653730626 0.007133304240231,51.4726335234853 0.007776915868577,51.4727046469618 0.008530114833177,51.4727890821125 0.00910129820074,51.4728518745354 0.009804078788499,51.4729163483517 0.010173971841281,51.4729493915995 0.011041474153583,51.4730528032012 0.01154733599871,51.4731095362171 0.012113317930266,51.4731691350823 0.01217422972372,51.4731761127333 0.012326449066208,51.4731938900389 0.012469998878053,51.473210398613 0.01260960553562,51.4732265978658 0.012751642037925,51.4732430385324 0.01286541319291,51.4732559991159 0.012974796215592,51.4732688469421 0.013114550112051,51.4732849486385 0.013253095442064,51.4733010709102 0.013376136611828,51.4733151929399 0.013462277444349,51.4733253241213 0.013593066742558,51.4733403524974 0.014664641218518,51.4734633957843 0.015486650924306,51.4735524685733 0.015920265889637,51.4736001507375 0.016375908218615,51.4736570164942 0.017054302343173,51.4737414367472 0.017962760236284,51.4738300092568 0.017976010858823,51.4737628323105 0.017975663639185,51.4737549623586 0.017970840288289,51.4737477314715 0.017956066204797,51.4737395467836 0.017929637633314,51.4737326876116 0.017799423324719,51.4737011723417 0.017426305805033,51.4736158880977 0.017042239028662,51.4735274150477 0.01669550292475,51.4734478636481 0.016205878061204,51.4733353232061 0.015437804728076,51.4731594926811 0.015323119222094,51.4731327707762 0.015001032146706,51.4730809202884 0.014979126760302,51.472910830129 0.014990359772615,51.4727773030463 0.015019076878161,51.4725703377561 0.015027062935909,51.4725471339378 0.01504379633896,51.4724770845368 0.015100945062983,51.4723225149464 0.015173850198814,51.4721280449186 0.015220351391032,51.472018867856 0.015272248954329,51.4719013165467 0.015352582967423,51.471709464269 0.015453063100981,51.4714776594842 0.01552954179149,51.4713161189449 0.015630045704317,51.4711372418534 0.015756156391267,51.4709114774696 0.015878441563694,51.4707022805585 0.01598221859077,51.4705205276429 0.016093976145001,51.4703223739011 0.016211626634894,51.4701140368746 0.016222101923891,51.4700900932194 0.016232000205418,51.4700661585828 0.016236343732664,51.4700470011062 0.016235614256121,51.4700304506298 0.016232644719988,51.4700153793136 0.016226577532829,51.4700027803208 0.016285053389041,51.4699682668711 0.016334383160821,51.4699388198158 0.016419357403194,51.4698882769578 0.016472660592813,51.4698564018123 0.016498948411539,51.4698150800943 0.016531736384288,51.4697669451492 0.016577897545095,51.4696998913441 0.016617509840431,51.4696420113061 0.016661304916904,51.4695761303474 0.016681925249575,51.4695467990669 0.016686126041481,51.4695392699736 0.016697327403605,51.4695156699071 0.016699903870194,51.4695124160616 0.016703027834636,51.4695044342578 0.016704499727839,51.4694966688103 0.016703562793192,51.4694891336303 0.016701626591536,51.4694829375796 0.016696743875407,51.4694749981195 0.016690877093075,51.4694687752266 0.016683873851078,51.4694641761967 0.016679021609381,51.4694603900059 0.016667416990047,51.4694542657676 0.0166580313227,51.469450463098 0.016647290133009,51.4694467772596 0.016644379657834,51.4694458839522 0.0166442868111,51.4694369187852 0.016643067121543,51.469398995356 0.016641211360702,51.469394591094 0.016641024298203,51.4693800591787 0.0166407817525,51.4693676981903 0.016638299506188,51.4693525447635 0.016633915750567,51.4693319491877 0.016627809264966,51.4693099668587 0.016609098927815,51.4692695132057 0.016585709728827,51.4692154537862 0.016576657225856,51.4691962127639 0.01656497138113,51.4691736761746 0.0165433984678,51.4691289704494 0.016504659391432,51.4690962469482 0.016472445155865,51.4690700093069 0.016453089179089,51.4690537745616 0.016417337083465,51.4690239718134 0.016357625605134,51.4689745952516 0.016303361377667,51.4690083618756 0.01620731669085,51.4690674115348 0.016109778835299,51.469127282648 0.016064678083148,51.4691552468417 0.016057949438125,51.4691585423675 0.016045727521265,51.4691613756573 0.016035088771513,51.4691625926982 0.016024778743735,51.4691626107377 0.016016084806898,51.4691617268942 0.015988595828197,51.4691734089582 0.015891666768875,51.4692124393032 0.015866143577674,51.4692224976175 0.015860023713867,51.4692309499565 0.015851542708482,51.4692377738041 0.015832984791978,51.4692499390276 0.01580716575022,51.4692648513547 0.015788425169508,51.4692757472232 0.015778092898881,51.469281012048 0.015765728326898,51.469286392735 0.015734889459797,51.4692971781705 0.01571069959251,51.4693057027389 0.015690328273934,51.4693139341598 0.015682646227169,51.4693170625947 0.015664309394144,51.4693245090444 0.015656365447424,51.4693276410792 0.015631430904236,51.4693373367068 0.015576298774197,51.4693587797284 0.015545692833969,51.4693705728064 0.015525069715373,51.4693782212929 0.015480633564516,51.4693944525697 0.015426794498697,51.4694138085447 0.015378532443271,51.4694307889804 0.015326078905641,51.4694496651646 0.015282608107671,51.4694653258203 0.015236366033004,51.4694819783234 0.015192171452053,51.4694977817775 0.015156483473888,51.4695102160288 0.015125471734451,51.4695211040949 0.015099231216963,51.4695302159294 0.01505194329592,51.4695468215383 0.015000441359153,51.4695647692428 0.014980004039559,51.4695718937118 0.014931290673579,51.4695880677596 0.01486981480776,51.469608075225 0.014857940094771,51.4696118943117 0.014818045571391,51.4696235202368 0.014784431581372,51.4696333134491 0.014762401585306,51.4696397808804 0.014740524134531,51.469646148565 0.014716314165371,51.4696540212409 0.014671015131781,51.4696684108136 0.014623080159818,51.4696833339507 0.01460036079415,51.4696907250657 0.014590703232676,51.4696940168374 0.01457674347392,51.4696990434721 0.014571967926111,51.4697006884428 0.014556742316325,51.4697042062326 0.014541257712174,51.4697077608425 0.014518891293369,51.4697125082795 0.014504764877216,51.4697161375819 0.01448867735377,51.469720224124 0.014467874864426,51.4697249446937 0.014467450303415,51.4697251453308 0.014449642152608,51.4697288396514 0.014436737365958,51.469731796885 0.01440687184438,51.4697379104955 0.014383305480349,51.4697426461385 0.014364082882636,51.4697465580816 0.014343792839283,51.4697499352916 0.014300472567145,51.4697570137341 0.014255539265115,51.4697644759748 0.014243909294965,51.4697667593161 0.014218238078224,51.4697710427572 0.014192014473055,51.4697746513221 0.014171215020616,51.4697782647683 0.014135631943338,51.4697836302562 0.014092744018887,51.4697900321312 0.014071385062642,51.4697927765654 0.014035357474768,51.469797497674 0.014017697575219,51.4698002109625 0.013995480932331,51.4698036202913 0.013979202350223,51.4698057235249 0.013943639509926,51.4698103395035 0.013932165146906,51.4698114483749 0.013902068658984,51.4698134956614 0.013887819632449,51.4698146359771 0.013855205889579,51.4698172633407 0.013828299097086,51.4698195490153 0.013784261984355,51.46982352805 0.013761342124251,51.4698251589314 0.013741744447765,51.4698265052583 0.013723743852905,51.469827367329 0.013697514960467,51.4698284695686 0.013660402153775,51.4698298656518 0.013654181268777,51.4698301442032 0.013644246973985,51.4698303570015 0.013629073272173,51.4698305752049 0.013618437875119,51.4698307577696 0.013602505676672,51.469830426937 0.013573919874556,51.4698298969375 0.013536653001118,51.4698292650417 0.013517183121697,51.4698288699212 0.013515203358345,51.4698361980003 0.013510405394823,51.4698530358257 0.013505381072466,51.46987081549 0.013501941867141,51.4698828997557 0.013501069326602,51.469885811328 0.013473937379956,51.4698841933951 0.013438574022369,51.4698820908396 0.013398595366267,51.469879714071 0.013357175810056,51.4698772154362 0.013318800715027,51.4698748938517 0.013261826523786,51.4698715155611 0.013235061858669,51.4698699326363 0.013208764796198,51.4698683416801 0.013189192437316,51.4698671559943 0.013123149297074,51.4698632048571 0.013113815558739,51.4698626357178 0.013084241984868,51.4698601423259 0.013050951780209,51.4698573790725 0.013017193558022,51.4698545815748 0.01297971927534,51.4698514944171 0.012968665163274,51.4698505384195 0.01293900066419,51.4698474835989 0.012905014981482,51.4698440649691 0.012858893485023,51.4698393545646 0.012827454341705,51.469836184483 0.012787203428795,51.4698314146839 0.012749971619194,51.4698270310198 0.012717269253103,51.4698231955298 0.01267728737647,51.4698177331239 0.012641299301217,51.4698127858168 0.012609979059941,51.4698084886314 0.012616467268471,51.4697891209297 0.012622703019735,51.4697700696108 0.012629159945887,51.4697507438121 0.012634749890414,51.4697337044812 0.012640508702736,51.4697159545157 0.012646223084243,51.469697162142 0.012652045116132,51.469677805868 0.012656456260698,51.4696635583566 0.012662048237104,51.4696450603498 0.012666967348306,51.4696286791128 0.012672863772464,51.4696095086126 0.012677930517845,51.4695926868905 0.012696541988299,51.4695317233975 0.012716192915018,51.4694662753193 0.012737112969399,51.4693978648008 0.012757478177118,51.4693284296212 0.012779887710294,51.4692533945865 0.012793610926846,51.4692070303067 0.012807260184564,51.4691617671194 0.012825372644685,51.4691031476097 0.012837060548606,51.4690651429268 0.012858704454442,51.4689956183412 0.01286424265088,51.468976195883 0.012903275854077,51.4688522044856 0.012947170410236,51.4687029038181 0.012952064267574,51.4686884393777 0.013001061183211,51.4685250348807 0.013059139458637,51.4683172818665 0.013072550535044,51.4682579138547 0.013083672610348,51.4681907010924 0.013088046254155,51.4681466519086 0.013085965821722,51.4680993771354 0.013076930816247,51.4680264446074 0.013068963652096,51.467999894153 0.013055488327057,51.4679694948571 0.013030086591542,51.4679329323855 0.013013141602357,51.4679119937487 0.012973252550535,51.4678771960626 0.012942416607142,51.4678495218268 0.01288070329014,51.4677932621656 0.012821750620132,51.4677445378718 0.012792304116329,51.46771532266 0.012753821422228,51.4676683703102 0.012740113461065,51.4676437375835 0.012718315153351,51.4676007435766 0.012713923391061,51.4675905904618 0.012696307001241,51.4675419842036 0.012688124580328,51.4674884462729 0.012690659528883,51.4674577722344 0.012690964017697,51.4674426041661 0.012700620772877,51.4673972512095 0.012716691231098,51.4673578745691 0.012743585371454,51.467314328384 0.012773548273554,51.4672780281358 0.012806163493094,51.467246838871 0.012849605243906,51.4672078810576 0.01293567311459,51.4671445379613 0.013017804589314,51.4670800483509 0.013110575831596,51.4670035496138 0.013164709327543,51.4669537940118 0.013221501295763,51.4668982310487 0.013244951951869,51.466868412119 0.013265303941531,51.4668390456465 0.013170545749276,51.4668105512614 0.013038302344682,51.4667733960741 0.012792396591601,51.4667021018806 0.012628741393102,51.4666572963212 0.012452838532112,51.4666099722205 0.012381528978336,51.4665893600293 0.012308245226491,51.466556954281 0.012085966096217,51.4664597784058 0.011935191601712,51.4663986780506 0.011923846722563,51.4663946271068 0.011861292647507,51.4663548859528 0.011834019512947,51.4663415622769 0.011828335506321,51.4663396336716 0.011699415250668,51.4662926357804 0.01153669888566,51.4662359852225 0.011337817354903,51.4661960283241 0.011016524892721,51.4661326947475 0.010989241180902,51.4661195149425 0.010832544002538,51.466100366469 0.010672371739153,51.4660794563004 0.010314913692342,51.4660328144791 0.009877815423198,51.4659747977508 0.00982210820226,51.4659666541387 0.009785201038981,51.465955459082 0.009567353821916,51.4659258322434 0.009437881549601,51.4659074277565 0.009213701045303,51.4658773017319 0.009147505479199,51.4658735829586 0.009094556732533,51.4658729736163 0.00913251505289,51.4657864985812 0.00914383098718,51.4657456670457 0.009156980921581,51.4656802392663 0.009179173518993,51.4655885746844 0.009184974949785,51.4655769519001 0.009194290839987,51.4655267391142 0.009193076215295,51.4655182257161 0.009190791153675,51.4654440208957 0.009178519367874,51.4653857003054 0.00916002768441,51.4653183881909 0.009087402701874,51.4651018848876 0.009048791248087,51.4649854846122 0.009024457012604,51.4649067482147 0.009019819925824,51.4648752735635 0.009013116388841,51.4648539206684 0.009013248884957,51.4648244093035 0.009008627183841,51.4647562957707 0.009012254150684,51.4647283324781 0.009028686913916,51.464671340417 0.009060126289269,51.4646022630637 0.009092077019984,51.4645337839597 0.009146368122034,51.4644212511997 0.00923954291964,51.4642223057043 0.009291170106325,51.4640369567221 0.009329984002128,51.4638790557054 0.009335722986234,51.4638421146421 0.009348363986632,51.4638054735205 0.009396346314235,51.4636348407412 0.009420073661267,51.4635671085128 0.009492411680583,51.463401195188 0.009545510474903,51.4632726097379 0.00957836839349,51.4631916805411 0.009638425831028,51.4630282760614 0.00967462349485,51.4629292203046 0.009707967237713,51.4628482836418 0.009735169542104,51.4627601724817 0.009738505148265,51.4627476818334 0.009748829865094,51.4627174814478 0.00975645727397,51.4626921789106 0.009773720738917,51.4626430574121 0.009782311538305,51.462606518 0.009784814820483,51.462586155788 0.009799551983032,51.4625237330911 0.009803988248149,51.462492117393 0.009824308802549,51.4623468073397 0.009838038034276,51.4622282973666 0.009850470568108,51.4620913104324 0.009857064294344,51.4619871763617 0.009853226764936,51.461833485203 0.009845864296465,51.4617432368844 0.009836707164586,51.4616342170788 0.009819558540073,51.461453762858 0.009794853173427,51.461267070269 0.009792039934848,51.4612361848887 0.009793301251788,51.4611985579087 0.009787269886539,51.4611386142355 0.00977953702612,51.4610620197883 0.009779639922984,51.4609993909688 0.00977910291023,51.4608962936281 0.009780082966051,51.4608580968225 0.009785509779972,51.4607825925606 0.009797794364925,51.460630372461 0.009813042382807,51.4604762049923 0.009829490587671,51.4603234396223 0.009844691555905,51.4601595507842 0.009861479813716,51.459979982698 0.009882763385811,51.459790377107 0.009897893101464,51.4596767630677 0.009903113613836,51.4596313793577 0.009921974195595,51.4595335899454 0.009944506105849,51.4594502035126 0.009961969622731,51.4593950137548 0.00999868962832,51.4593095982213 0.010073198561277,51.4591477749175 0.010156856200439,51.4589782066221 0.010228649744448,51.4588496304281 0.010345357226599,51.4586460575389 0.010444726836062,51.4584712404318 0.010553650225601,51.4582806065339 0.0106385813342,51.4581314109297 0.010722341825523,51.4579988343188 0.01081843251712,51.4578444670419 0.010918792557138,51.4576836226825 0.01102985169584,51.4575127224559 0.011064941629575,51.4574645532021 0.011156798211959,51.4573256206932 0.011208266273922,51.4572550769583 0.011345610617871,51.4570737526605 0.011452627266292,51.4569311138939 0.011467587938829,51.4569071432097 0.01148192340614,51.4568824413344 0.011502398309993,51.4567950142725 0.011503478277656,51.4567116248483 0.011510332544113,51.4566851807443 0.011536554020597,51.4566139771506 0.011739352954459,51.4565446734256 0.011846847117388,51.4565032487008 0.01189637277833,51.4564792085083 0.011942251644383,51.4564574466823 0.011977316077585,51.4564427300764 0.012172689647124,51.4563610645802 0.012353379689584,51.4562879987199 0.012578695370662,51.4561967118001 0.012699635869166,51.4561460699179 0.012798960766097,51.4561065740543 0.012931914552911,51.4560584578164 0.01314648721454,51.4559835098 0.013204970500437,51.4559669277598 0.013304613671095,51.4559400213877 0.013458641258876,51.455895506888 0.013731364355212,51.4558169391044 0.013806331602749,51.4557961699766 0.014035475862636,51.4557281257594 0.014085938415233,51.4557157727381 0.014333575128928,51.455655568725 0.01457146302731,51.455602943526 0.014890905824922,51.4555437290007 0.015123370554823,51.4555026813842 0.01535346382079,51.4554616745404 0.015775293497804,51.4553840228987 0.016018641511142,51.4553342635024 0.016390321128803,51.4552626596431 0.017019967244677,51.4551365956708 0.017548540945737,51.4550319056211 0.017521353566119,51.4549667883911 0.017496524972421,51.45480714352 0.017469536287144,51.4547351640058 0.017455213848891,51.45469570151 0.017461467408305,51.4546503220926 0.017470792929361,51.4545726486362 0.017477992634681,51.4545137591576 0.017481715679457,51.454481835216 0.017486224850744,51.4544436782904 0.017486495999191,51.4544420576094 0.017495955330086,51.4543639600814 0.017502969700626,51.4543043939273 0.017507358974908,51.4542452605212 0.017514902415996,51.4541447911375 0.017534817959175,51.4540781064281 0.017556953539205,51.4540053601072 0.017573396251592,51.4539480598262 0.017590034242371,51.4538952238354 0.017618868931935,51.4538192543248 0.017638463893431,51.4537664645798 0.01763991030128,51.4537640116249 0.017652733830498,51.4537339706966 0.017684609530296,51.4536599893317 0.017713797558218,51.453592075814 0.017733385397492,51.4535461827973 0.017755563873714,51.4534955833086 0.017773608495628,51.4534570019499 0.017783117393794,51.4534364398508 0.017795614608162,51.4534131068974 0.017817245990358,51.4533712587673 0.017852457502482,51.4533059610192 0.017882905349164,51.4532524997875 0.017925726447278,51.453183477543 0.017958441568611,51.453135610408 0.017990049425743,51.4530908702478 0.018048546954537,51.4530106995586 0.018057488772409,51.4529984035381 0.018069170701624,51.4529389503669 0.01808616022752,51.4528588140127 0.018101582490363,51.4527890005498 0.018116219663335,51.4527225036713 0.018132188697322,51.4526439379343 0.018168423258138,51.4524681038044 0.0182387813529,51.4521182919767 0.018251850944091,51.4520445522187 0.018255807469553,51.4520309669613 0.018292847351709,51.4518638545814 0.018330073894042,51.4516751579001 0.018349958885485,51.4515752152394 0.018514370850052,51.4515939658633 0.018898827576613,51.4516364377595 0.019266524201797,51.4516775359781 0.019301235603971,51.4516814446625 0.019559437941737,51.4517097247011 0.019580460193079,51.4516411698156 0.019586044778843,51.4516219871952 0.019627111451765,51.4514862728522 0.019619915126094,51.4514855262659 0.019627820738981,51.4514572289749 0.019639713978655,51.4514133215468 0.019646618104596,51.4514139373715 0.019646929400236,51.4514128699536 0.019658861188492,51.451376003272 0.019660763101032,51.4513717429744 0.01967439118227,51.4513401150996 0.019694432600395,51.4512937049214 0.019714381510917,51.4512474824846 0.019734009031331,51.451202066843 0.019778933204411,51.4510983140917 0.019795609904945,51.4510580167355 0.0198268827009,51.4509495772683 0.019844710408416,51.4508804991002 0.019885119832713,51.4507296906498 0.019563232872309,51.4506944449995 0.019154817991719,51.450650728597 0.018617369734034,51.4505900220808 0.018219268128493,51.4505477849947 0.017822991044686,51.4505038550671 0.017398893978798,51.4504573186581 0.016999205565371,51.4504134445929 0.016633827468201,51.4503730098135 0.016127355303068,51.4503174516694 0.015765422799201,51.4502776671853 0.015278788997176,51.450224372333 0.015130815781491,51.4502081809539 0.015101631653652,51.4503125509872 0.015035518114895,51.45054371733 0.015014092667103,51.4506205544025 0.014966382752341,51.4506150673087 0.01493259213559,51.4506112187956 0.014939122538643,51.4505855569945 0.014948882109989,51.4505495815634 0.014963730895114,51.4504936255625 0.014978176401447,51.4504397906724 0.014991440210236,51.4503907620875 0.015003282927298,51.4503456131585 0.015017856199594,51.4502924595252 0.015035762847925,51.4502284841543 0.015044232663054,51.450198101009 0.015049402204595,51.4501798483924 0.015055142323665,51.450159353942 0.015060361947971,51.4501409313983 0.015067514203605,51.4501154720022 0.015072542231668,51.450097307247 0.015077800163286,51.4500788066953 0.015081143588664,51.4500668067129 0.015088269771294,51.4500676015465 0.015091777886401,51.4500547327203 0.015096226091083,51.4500382074261 0.015089141659278,51.4500374127749 0.015097047351508,51.450015174255 0.015099998922789,51.4500067628665 0.015107762515494,51.4500045781992 0.015121524396895,51.4500030359785 0.015141843984623,51.449999019552 0.015246701468,51.4499785054556 0.015358340127828,51.4499583729431 0.015391866488719,51.4499515179966 0.015404412794336,51.4499494993253 0.015426604220786,51.4499450774787 0.015447799104511,51.449940609803 0.015473698774774,51.4499345702534 0.015504206021314,51.4499291970251 0.015542912004167,51.4499225012255 0.015583780849318,51.4499152097849 0.015641436045885,51.4499050183032 0.015742247440338,51.4498852576581 0.015837244447394,51.4498667776289 0.015904419277118,51.4498536247097 0.015999361464003,51.4498339026758 0.016119240042143,51.449811078317 0.016235085867782,51.4497870803491 0.01625395442909,51.4497835850814 0.016269708830677,51.4497812746523 0.016304382458573,51.4497743646485 0.01635226122283,51.4497637311763 0.016362453987257,51.4497621962143 0.016383382382073,51.44975736784 0.016413232524664,51.449750347386 0.016459838711575,51.4497390549886 0.016505088336543,51.4497287580268 0.016526514021869,51.449724600938 0.016582066099113,51.4497116987297 0.016595892451782,51.4497079636633 0.016623605076176,51.4497018540167 0.016631925421977,51.449700156981 0.016652142705058,51.449693301202 0.01667274900869,51.4496881869452 0.016689871313449,51.4496851730768 0.016760113141728,51.4496669668894 0.016791141520421,51.4496584674337 0.016843400348542,51.4496449418713 0.016914944467436,51.4496280729185 0.016963418515942,51.4496168453213 0.017044144926721,51.4495967104371 0.01709719443138,51.4495834616328 0.017218062987,51.449553505757 0.017294357588408,51.4495350980184 0.017328117500183,51.4495266323722 0.017393855937384,51.4495105599365 0.017427528837113,51.4495021128448 0.017436628551521,51.4495004994683 0.017445561514629,51.4494985966912 0.017463768092843,51.4494954669349 0.017481032759264,51.4494921591326 0.017495959035723,51.4494886964079 0.017512599580102,51.4494853022142 0.017583597454138,51.449470190464 0.017617977102641,51.4494636736202 0.017716933794477,51.449444487249 0.01777516703777,51.4494360060071 0.017820377654829,51.44942833153 0.017925136602141,51.4494103077543 0.017972421926524,51.4494038601208 0.017990671204733,51.4494017007784 0.018014053134705,51.4493996473635 0.018034166240337,51.4493974559439 0.018042205741172,51.4493964426024 0.018104209337773,51.4493888684505 0.018255405660168,51.4493698501558 0.018373393703601,51.4493556783897 0.018505166515974,51.4493403942507 0.018664134198971,51.4493213396983 0.018728299167653,51.4493134357452 0.018865446570271,51.4492966018431 0.019058566781618,51.4492729768047 0.019207768862234,51.4492545752495 0.019303554462557,51.4492445725996 0.019420272337537,51.44923333444 0.019576393802337,51.4492167566325 0.019652091986052,51.4492095276779 0.019782794092184,51.4491981463606 0.01990041679842,51.4491898067307 0.01996543501194,51.4491836356193 0.020073651463271,51.4491735153609 0.020109085203056,51.4491697970974 0.020263075940138,51.4491542254063 0.020425067029114,51.4491384536379 0.020440287095134,51.4491366986193 0.02049803247719,51.4491310427948 0.020541176052133,51.4491223345236 0.020552930228239,51.449120965643 0.020685767405747,51.449105175996 0.020812716653921,51.4490897781207 0.020993800047988,51.4490682026285 0.021124916953611,51.4490521498585 0.021267015628306,51.4490348393237 0.02144977702698,51.4490125534457 0.021635779957288,51.4489897266902 0.021717981779528,51.4489784022466 0.021872171443583,51.4489568024801 0.021979584115517,51.4489426142484 0.022020573312432,51.4488921751587 0.02209464681735,51.4487989117039 0.022108912357426,51.4487805019306 0.022113113609344,51.4487735328568 0.022136857826551,51.4487444685611 0.022147999855501,51.4487257241459 0.022149447829439,51.4487162773427 0.022148928125486,51.4487080299431 0.022154019545511,51.4486754985545 0.022161098571651,51.4486527441238 0.022179218669512,51.4486019223005 0.022187747957079,51.4485768119084 0.022192606261816,51.4485601182957 0.022196385884855,51.4485436366287 0.022204522713925,51.4485026030194 0.022212488393115,51.4484717711824 0.022224439829415,51.4484432015736 0.022233403047275,51.4484243975947 0.022253086998625,51.4483808330237 0.022266560576674,51.4483550546326 0.022296065603593,51.4483051048317 0.022303939573464,51.4482933124907 0.022339514158424,51.448250543149 0.022359880609172,51.4482189147274 0.022380484872534,51.4481834827103 0.022406272920507,51.4481430296052 0.022418076446521,51.4481237575642 0.022452807532897,51.4480668506405 0.022495482485983,51.4479948182849 0.022531506433774,51.4479375679955 0.02257082758049,51.4478705467254 0.022618734714262,51.4477902648518 0.022656127541785,51.4477218199609 0.022661607313756,51.4477086120395 0.022669270079115,51.4476955616145 0.022677186251891,51.4476812433191 0.022697263032411,51.447650105447 0.022706289253725,51.4476362536202 0.022735191650836,51.4475937934732 0.022767652309153,51.4475438887952 0.022769036768372,51.4475294898005 0.022781861878636,51.4475066362235 0.022813365782495,51.4474526688637 0.02284482336191,51.4473941366095 0.022869873611891,51.4473489254002 0.022904675051082,51.44728868526 0.022953876801299,51.4472025526265 0.022920072181354,51.4471868172354 0.022845199061656,51.4471563449198 0.02283903329728,51.4471540231891 0.022829802293492,51.4471491320034 0.022820949038343,51.4471457873718 0.022808644679266,51.4471417261775 0.022782413257339,51.4471355733353 0.022666201372691,51.4471018318383 0.022562325462247,51.4470728316632 0.022450670829474,51.4470401777363 0.022318592976411,51.4470026294261 0.022206248748529,51.4469712002965 0.022199735603067,51.4469692559278 0.022162460627977,51.4469588095145 0.022164421489815,51.4469556326937 0.022137290720851,51.4469468387171 0.022112310649679,51.4469394267288 0.022078946308273,51.4469295108893 0.02203856429693,51.4469175010865 0.021983895574252,51.4469012816106 0.02193393295003,51.4468864315267 0.021888263602141,51.4468728581369 0.021858205176546,51.4468639544944 0.02182050862891,51.4468527895146 0.021771178671361,51.4468384131707 0.021750232843433,51.4468319504529 0.021719230440236,51.4468228849886 0.021706021580601,51.4468190640925 0.021699547079033,51.4468173420533 0.021675468530249,51.4468109836845 0.021622058135874,51.4467968233009 0.021589624224527,51.4467882231291 0.021562989345851,51.4467811704859 0.021529888992454,51.4467725997707 0.021500374380142,51.4467649600546 0.021471230180954,51.4467573652059 0.021444394506629,51.4467503924361 0.021408862010287,51.4467412017313 0.021358984006128,51.4467282600311 0.0213161567157,51.4467171833185 0.021280705416408,51.4467079399159 0.021242803651628,51.4466976946613 0.021242332644661,51.4466931865547 0.021240772913959,51.446679370696 0.021238691887894,51.4466645368345 0.021237336412146,51.4466550870958 0.021237221496624,51.4466425080377 0.021237573059679,51.4466280099532 0.021237497574915,51.4465993716302 0.021237485388989,51.4465731126315 0.021237622848908,51.4465430713463 0.021238081281736,51.4465087277312 0.02123855570318,51.4464819837232 0.021238958107771,51.4464492723818 0.021239392210659,51.4464158446608 0.021239740025275,51.4463847655683 0.021240131712724,51.4463546803321 0.021240644818693,51.4463172718996 0.021241212471502,51.4462796646834 0.021241590346404,51.4462406272726 0.02124165907456,51.4462089963299 0.021241865067981,51.4461747371003 0.021242260773973,51.4461130220353 0.021242657711121,51.4460974979793 0.021243172391257,51.4460731004175 0.021244206987081,51.4460244239096 0.021244870862299,51.4459932997995 0.02124556803931,51.4459585941504 0.021245995204668,51.4459235748065 0.021246676593621,51.4458885115124 0.021247163501735,51.445853411102 0.021248584370627,51.445796173907 0.021249213138361,51.4457642545309 0.021249211799909,51.4457339377541 0.021249245444657,51.4457058479109 0.021249245769459,51.4456770032398 0.021250196036464,51.4456422932271 0.021251186496001,51.4456156985966 0.02125235415083,51.445584446197 0.02125358688065,51.4455575695109 0.021256325707342,51.4455157467788 0.021258501043526,51.4454828061345 0.021260335927641,51.4454565953348 0.021262890464624,51.4454250402528 0.021265359040184,51.4453915378947 0.021267841551483,51.4453641216783 0.021271997298841,51.4453241441448 0.021275238130427,51.4452922597852 0.021277822540083,51.4452657177187 0.021280150410175,51.4452376674707 0.021283703899874,51.445198456617 0.021287044984139,51.4451602044677 0.021288470242787,51.4451424495383 0.021289515298792,51.445131078014 0.021292301521235,51.4450990018461 0.021296009170522,51.4450675869613 0.021297849298936,51.4450313894737 0.021298720204026,51.4450150622755 0.021306196769031,51.4449940456516 0.021315279600171,51.4449675903261 0.021340128015875,51.4448986650794 0.021375663823045,51.4448104916143 0.021375890331936,51.444810015584 0.02140010231983,51.4447501814051 0.021430942571045,51.4446741761852 0.02146203050014,51.4445967098403 0.021488144102809,51.4445298203225 0.021495481002939,51.4445093924281 0.021494397039913,51.4444989209143 0.021498442332234,51.4444884581133 0.021516735179024,51.4444486082966 0.021520827590841,51.444439213037 0.021405719664093,51.4444091428305 0.021224744952345,51.444362335234 0.02100337253732,51.4443053439199 0.020853066476758,51.4442666512128 0.02068448303751,51.4442223487143 0.020621903566975,51.444206137198 0.020649227127683,51.4441631220069 0.020683345794191,51.4441085274039 0.020735735891923,51.4440241860674 0.020786776644279,51.4439409363106 0.020804879918164,51.4439109011042 0.020856861901116,51.4438243329105 0.021005176661547,51.4435753838798 0.021185400074446,51.443279182001 0.021378371429613,51.4429494117998 0.021505574288441,51.4427282317886 0.021673604301894,51.4426797585615 0.021766876768606,51.4426570300005 0.021919269042683,51.4426169789451 0.022005561504848,51.4425973345846 0.022204566723786,51.4425386933719 0.022377122092488,51.4424853245149 0.022844554373418,51.4423423869621 0.02316967415222,51.4422348067021 0.023285242040799,51.4421930176861 0.023295960221762,51.4421899343705 0.023534180908843,51.4421155778375 0.023657636417018,51.4420782457098 0.02390704890934,51.4420065037509 0.024150385925918,51.4419448698466 0.02420848422674,51.4419312688793 0.024503081906619,51.4418757900274 0.024748535467172,51.4418352400302 0.024949271996372,51.4418025012919 0.025019414588636,51.441793138062 0.025225728091106,51.4417658610822 0.02540834343842,51.4417389930092 0.025579882904003,51.4417163915503 0.025848126078325,51.4416817442448 0.026056395965178,51.4416585075868 0.02631527313704,51.4416266154659 0.026482382330315,51.4416111297917 0.02660351000976,51.4416016256072 0.026856694153495,51.4415805979137 0.02699137912151,51.4415637968494 0.027076480049202,51.4415575084159 0.02719865969943,51.4415450213484 0.027277276890918,51.4415395867619 0.027306867395027,51.4415383342263 0.027371774298247,51.4415312831315 0.027410795583758,51.441528756008 0.027465844665714,51.4415266928038 0.027466437073708,51.4415266825623 0.027691215864999,51.4415177000632 0.027886523247167,51.4415153572414 0.027994349826023,51.4415182958379 0.02810257167395,51.4415253174978 0.028233552470455,51.4415375031042 0.028369485837309,51.4415544204366 0.028464342010959,51.4415676019926 0.028707886951744,51.4416045194747 0.028959148557233,51.4416416734664 0.029290966735735,51.4416923694602 0.029378625496165,51.4417053852556 0.029378326114379,51.4417043121797 0.029372654518627,51.4416789422452 0.029365183764658,51.4416446662347 0.029356949156622,51.4416236752595 0.029346571520786,51.4415970584968 0.029341418251558,51.4415845521221 0.02934012318712,51.4415827993206 0.029336594418342,51.4415794790274 0.02933243851105,51.4415772685265 0.029330520051649,51.4415767099862 0.029318822119976,51.4415691352894 0.029283844791992,51.4415459865077 0.029278724046461,51.4415433700307 0.029274027501514,51.4415411688827 0.029249426899933,51.441523251605 0.029199832860779,51.4414876756355 0.029174121045811,51.4414691004002 0.029166060872844,51.441464252364 0.029163467021347,51.441460662288 0.029158920624039,51.4414587966732 0.02915421660718,51.4414564265823 0.029150661253879,51.4414555582261 0.029148491196372,51.4414554267056 0.029147057239234,51.4414535917715 0.029143085174676,51.4414524770236 0.029137836773394,51.4414500318173 0.029129134492727,51.4414459556934 0.029126619251368,51.4414441394677 0.029123293046264,51.4414423372734 0.029114456055584,51.4414352211596 0.029107361143425,51.4414277358688 0.029104009147313,51.4414222991641 0.029102162225045,51.441420302307 0.029101159954375,51.4414190516403 0.029099696873701,51.4414104545006 0.029097204503311,51.4414061018627 0.029097433650406,51.4414051680255 0.029097569220199,51.4414021224608 0.029098192619606,51.4414009282007 0.029098861345268,51.4413977043436 0.029094856827327,51.4413866996938 0.029092039839154,51.4413780414454 0.029090110571625,51.4413741862678 0.029085459380157,51.4413699555154 0.029080365277711,51.4413648870874 0.029055717425791,51.441336741993 0.029033846847132,51.4413112925963 0.029032441466899,51.4413099724634 0.029014815393047,51.4412897725626 0.028992442431872,51.4412641232142 0.028976758915194,51.4412459670745 0.028972562302595,51.4412397841746 0.02896697459276,51.4412205225938 0.028961210138256,51.4412033774172 0.028958563918934,51.4411986047693 0.028956124392428,51.4411923914698 0.028946549269744,51.4411747204835 0.028944683650775,51.4411723012783 0.028937701971898,51.4411612644968 0.028935699309773,51.4411557199098 0.028920620501279,51.4411359462591 0.028904123301854,51.4411129344985 0.028904238777898,51.4411091428659 0.0289047731855,51.4411079861182 0.028905007345954,51.4410980070719 0.02890549600951,51.4410937719249 0.02890636395301,51.441088938479 0.028906792733245,51.4410833518263 0.028904266755579,51.441078239861 0.028900878229673,51.4410658720071 0.02888976859476,51.4410410421869 0.028875044626324,51.4410079060431 0.028857197937914,51.4409684002476 0.028845484091623,51.4409421438014 0.028839805372175,51.4409299846344 0.028837845778079,51.440928496926 0.028838146464242,51.4409261247761 0.028836059623931,51.4409217651179 0.028833499513192,51.4409189352568 0.028816060830143,51.440888636588 0.028805869913424,51.4408723287872 0.028805018222007,51.44086837043 0.028799211418841,51.4408594257637 0.028789092052305,51.4408416796483 0.028771745549579,51.4408073217543 0.028752307028755,51.4407685188552 0.028742642262189,51.4407488205935 0.028739163556548,51.4407374687023 0.028726072534965,51.440707602014 0.028701252838211,51.4406511400885 0.028689824493466,51.4406252177255 0.028675675125338,51.440592832426 0.028668904444973,51.4405773953216 0.028663407957073,51.4405643453897 0.028662797272604,51.4405632282362 0.02866177738325,51.4405600201031 0.028659626960691,51.4405542244668 0.028655520709407,51.4405470255882 0.028651913487237,51.4405419314232 0.028644508236321,51.4405274360665 0.02862580393489,51.4404910719311 0.028610772912183,51.4404618772919 0.028600853716952,51.4404409477887 0.028599748236808,51.4404372366305 0.028592773426676,51.4404038081345 0.028592904149987,51.4403876922821 0.028591873033216,51.4403834834259 0.028588038969415,51.4403208103413 0.028584445186412,51.440268303242 0.028587804302653,51.440245352648 0.028591751011305,51.4402204970721 0.02859367019924,51.4402087955035 0.028593990444109,51.4402060201311 0.028595564671743,51.4402027725194 0.028595244619515,51.4401993157649 0.028597238886686,51.440195577965 0.028598363801622,51.440188424388 0.02859851439774,51.4401792534568 0.028599670299308,51.4401683169033 0.028602097954241,51.4401372356954 0.028605677738402,51.4401226447389 0.028614928406732,51.4400881432861 0.028629689763227,51.4400349229757 0.028658830875178,51.4399675849586 0.028684327277361,51.4399086311721 0.028695277230543,51.4398838738665 0.028698223476444,51.4398740493447 0.028700511344762,51.4398684620062 0.028701573409221,51.4398638203502 0.028704132556559,51.4398595493851 0.028709860416798,51.4398409589627 0.028715776224889,51.4398218365022 0.028720270696076,51.4398135697562 0.028722917829512,51.4398017683586 0.028723886375562,51.4397950158727 0.02872674983733,51.4397880975094 0.028728633971154,51.4397829137444 0.028735305780159,51.4397713071137 0.028740432886785,51.4397630294222 0.028745650013316,51.4397519767428 0.028746688701822,51.4397468076034 0.028749370057865,51.4397405533727 0.028766711060476,51.4396978542425 0.028785758469714,51.4396507675964 0.028795829233677,51.4396252332076 0.028801913702797,51.4396146934064 0.028804572509568,51.439603156197 0.028809471543155,51.4395897312769 0.028836242658729,51.4395166220464 0.028859094083349,51.439455204929 0.028876053959425,51.4394086822654 0.028880824887038,51.4393971085109 0.028883888252067,51.4393804131284 0.028885574393228,51.4393659871171 0.028887554004093,51.4393438949206 0.02889018268564,51.4393364527265 0.028888690484329,51.4393170627301 0.028888522004418,51.439298969999 0.028884877560771,51.4392739372819 0.028869813420429,51.4392344409075 0.028867824928862,51.4392324941604 0.028865825602258,51.4392255286265 0.028865568294523,51.4392197209243 0.028858240974684,51.4391878839966 0.028848619656644,51.4391472367794 0.028846504241562,51.4391328765392 0.028839979976357,51.4391001003407 0.028838176166906,51.4390832247724 0.028835821886356,51.4390586985193 0.028832874423756,51.4390351061064 0.028834723712108,51.439019620599 0.028835106373445,51.4390139349205 0.028833591904604,51.43897975098 0.028837952665463,51.4389636941341 0.028844660546758,51.4389386145054 0.028846233868375,51.4389311905704 0.028847197361596,51.4389195504919 0.028846037894865,51.4389029281687 0.028833985206064,51.4388503030172 0.028815730025275,51.4387721624146 0.028730134020656,51.4387720578199 0.02850514886518,51.4387399501696 0.02814815889273,51.4386886860115 0.027793631148852,51.438638384519 0.027539660583402,51.4386014605286 0.027005006432461,51.438525047449 0.026790556110413,51.4384884459349 0.026359082167462,51.4384117591833 0.026183814783759,51.4383679290191 0.026057884026921,51.438345919224 0.025965430458194,51.4384246068607 0.025692335270919,51.4383744048018 0.025289214906819,51.4383007505152 0.024880434581347,51.438226689001 0.024782048960745,51.4382077301483 0.024783197039475,51.4381789904466 0.024796986896963,51.4380572360288 0.02480280211771,51.4379849402297 0.02480926567132,51.4379377550352 0.024810393494038,51.4379255779941 0.024812753003523,51.4379156468075 0.024829922464071,51.4378290683926 0.024841308730102,51.4377729428347 0.024858447807826,51.4376975251853 0.024874785255159,51.4376338850503 0.024881805200739,51.4375984728003 0.024888314545401,51.4375515125277 0.024894253653302,51.4375066250836 0.024898627166278,51.437463622617 0.024901974607343,51.43741238324 0.024900293455664,51.4373892976927 0.024900112111036,51.4373777439849 0.024898427516636,51.4373695175474 0.024897287955136,51.4373063851373 0.024896732957552,51.4372490215017 0.024900136323515,51.4372363735011 0.024909639473993,51.4371974102148 0.024919865524737,51.4371299537716 0.024938799060874,51.4370951613341 0.024945952250054,51.4370777020974 0.024963457950978,51.4370404585525 0.025003230819746,51.4369661113505 0.025005148647031,51.4369608038654 0.025008299795334,51.4369546881982 0.025013755153156,51.4369439984929 0.025021510988437,51.4369289758244 0.025030662655223,51.4369116790134 0.025035312013718,51.4369028386873 0.025038630713109,51.4368964449413 0.025041525493474,51.4368917554859 0.025043429999239,51.4368872207244 0.025047162474641,51.4368801624475 0.025052921396235,51.4368700907088 0.025055449892035,51.4368633652795 0.02505936757059,51.4368567534513 0.025064804548135,51.4368456485859 0.025067731553279,51.4368379459346 0.025075016484922,51.4368210275862 0.025077639780887,51.4368164462372 0.025080515195129,51.4368125880637 0.025083035537585,51.4368044418882 0.025088445517345,51.4367939957716 0.025115799878497,51.4367962239364 0.025135914291001,51.4367787719566 0.025172618010955,51.4366339549609 0.025217006846366,51.4364593788304 0.025263091153126,51.4362647793545 0.025295938939527,51.4361442541058 0.025299950235951,51.4360716296762 0.025304311513127,51.4359838838445 0.025315957440502,51.4359692472012 0.025334844634957,51.4359334239833 0.025366233393968,51.4358592043378 0.025393268123886,51.4357836156208 0.025435643987163,51.4356666919739 0.025513117320291,51.4357386183937 0.025518910538936,51.4357352161062 0.025630334798175,51.4358356553705 0.025772630646671,51.4359621839355 0.025887576435784,51.4360078714774 0.026026717114153,51.436063047501 0.026230109121006,51.4361449741828 0.02641461367399,51.4362179390122 0.026506374750149,51.4362545336809 0.026622966395455,51.4363018422981 0.026710660043581,51.4363366761474 0.026733085025304,51.4363452491299 0.026746166843527,51.4363505177148 0.026807450579756,51.4363753257834 0.026838849250335,51.4363880539606 0.026916529475109,51.4364196793955 0.026989103287684,51.4364490261068 0.02701623549883,51.4364600536802 0.027091430955448,51.4364905375855 0.02718129672156,51.4365271312415 0.027277387984521,51.4365361832696 0.027357118929668,51.4365438498917 0.027420047949161,51.4365447061278 0.027508495874438,51.4365459169623 0.027567970864598,51.4365466889553 0.027613143478147,51.4365472235137 0.02764883009699,51.4365474373682 0.027682854704446,51.4365476799522 0.02770402222475,51.4365477986315 0.027707818702432,51.43654772039 0.027715905333238,51.4365469825178 0.027716057781099,51.4365466885095 0.027723605404179,51.4365124908432 0.027884058199258,51.4364957068022 0.028017376734661,51.436482219228 0.028109607629172,51.4364728469041 0.028161168851107,51.4364674747839 0.028158004864597,51.4364632182822 0.028198935866384,51.436459044418 0.028215086046112,51.4364572434578 0.028317691754226,51.4364470161413 0.028406426785446,51.4364381123325 0.028452810117344,51.4364334663551 0.028489322875409,51.4364298220655 0.028526220976492,51.4364261719972 0.02857304392149,51.436421414048 0.028617054033378,51.4364169826262 0.028641542994314,51.4364145508209 0.02866594081881,51.436412107997 0.028673531558443,51.4364113498596 0.028681097816751,51.4364105912459 0.028683561740646,51.4364103462755 0.028684948154948,51.436409422992 0.028686827576416,51.436409657567 0.028685629829236,51.4364080838361 0.028688677210373,51.4363989554086 0.028690933031666,51.4363923883841 0.028693615377646,51.4363844389552 0.028694393874287,51.4363821673517 0.028702201621377,51.4363614923266 0.028718137675677,51.4363219874808 0.028747082074808,51.4362499044592 0.02877198235276,51.4361888106625 0.028806567673388,51.4361028797701 0.028839396946134,51.4360211582807 0.028865873031584,51.435956666625 0.028868646931755,51.4359462380426 0.028877511365929,51.4359126532937 0.028888267353387,51.4358808119255 0.028897212552878,51.4358517141683 0.028901147033834,51.435836434479 0.028905123179157,51.435817126117 0.028913333693149,51.4357843710389 0.028916633417745,51.4357747373276 0.028915961087089,51.4357688819471 0.028917516597891,51.4357666121845 0.028927423140756,51.4357253734654 0.028938249021571,51.4356799766745 0.028953931170057,51.4356164649423 0.028962511847898,51.4355795630887 0.028969606554057,51.4355558868307 0.028971707520891,51.4355472226188 0.028975031738814,51.4355287888584 0.028979511964804,51.4354897142106 0.028986331519704,51.4354380026265 0.028991782233873,51.435395892243 0.029000821259513,51.4353288712848 0.029008339574019,51.4352711088247 0.029016409018998,51.4352102306536 0.029022139500743,51.4351682008579 0.029031255394867,51.4350997990407 0.029038906398694,51.4350419479462 0.029047651081267,51.434977606581 0.029053752636757,51.4349315154281 0.02906732035407,51.4349261906141 0.029073863198036,51.4348775899775 0.029083075360326,51.4348144491718 0.029089214530099,51.4347723259626 0.029088776362883,51.4347562001517 0.029086284683843,51.43471827404 0.029085845383569,51.4346993946003 0.029086530551376,51.4346743624934 0.029084254146109,51.4346322994854 0.029082793609633,51.4346086849322 0.029081017290841,51.434593531037 0.029078211371594,51.4345769282057 0.029069956304516,51.4345401450162 0.029056855873265,51.4344718677509 0.029041686881685,51.434394309561 0.029035735175103,51.4343534306783 0.029027798236596,51.4343487370035 0.029018975521076,51.4343365522219 0.028980487502829,51.4342840715827 0.02894309082911,51.4342313139491 0.028917329630917,51.4341950926829 0.028823732633897,51.4341480522028 0.028757149244183,51.4341149338938 0.028673459078123,51.434074211211 0.028592576894288,51.4340337672334 0.028621858104694,51.4340185930801 0.028684871386717,51.4339859257914 0.028742746018878,51.4339556765603 0.02875143788573,51.4339618248429 0.02880164288284,51.4339329160448 0.028872107248087,51.4338970998786 0.02896484426155,51.4338499411611 0.029042599554134,51.4338104614307 0.029123052359158,51.4337695536277 0.029184227742349,51.4337390750046 0.029260527027354,51.4337009998534 0.029341821396515,51.4336604235571 0.029420557349111,51.4336212710192 0.029469044316811,51.4335972233649 0.029463607820171,51.4335929171657 0.029591411569083,51.4335303974442 0.029667200146502,51.4334932805175 0.029727314085739,51.4334637678347 0.029778527516481,51.4334389830762 0.029813646163518,51.4334216372094 0.02980899952231,51.4334164549171 0.029834638866663,51.4334032417899 0.029861083358846,51.4333894976164 0.029903588067876,51.433367537209 0.029875718386376,51.4333460191057 0.029894236089062,51.4333371568982 0.029916667745813,51.4333263293883 0.029948477244651,51.4333059345677 0.029980411852996,51.4332852794709 0.030003246418045,51.4332710797645 0.030018982322463,51.4332617477005 0.030026000685394,51.4332550693422 0.030049212875477,51.4332368944508 0.030081320564326,51.4332108000227 0.030107683956721,51.4331890335851 0.03011344273694,51.433191263073 0.030125457550101,51.4331820817583 0.030140840951506,51.4331710309112 0.030157016587704,51.4331591902428 0.030172737542789,51.433146407778 0.030183327412064,51.4331393222323 0.030193468818072,51.4331314674508 0.030204119844046,51.4331257612788 0.030218893441315,51.4331165330815 0.030240586557436,51.4331045959594 0.030261257304368,51.4330944886386 0.030277493627968,51.4330871326396 0.030289956462138,51.4330818267516 0.030301646181834,51.4330777420182 0.030316181520322,51.433072485672 0.030333586945509,51.433066577087 0.03035191632083,51.4330597019324 0.03035913484536,51.4330575067239 0.030376306238513,51.4330525500538 0.030386006078424,51.4330503118732 0.03041520053058,51.4330425587825 0.030425287618715,51.4330397095585 0.030440259915313,51.4330349636293 0.030453255263388,51.4330323230374 0.030474205409347,51.4330254033751 0.030481267361018,51.4330234410927 0.030518531063425,51.4330091568591 0.030524730849693,51.433006699599 0.030547976459632,51.4329976879513 0.03056769419613,51.4329897437226 0.030591465967291,51.432980561078 0.030614475582074,51.4329715490072 0.03064305872011,51.4329587406531 0.030661389283984,51.43295179708 0.030680588877259,51.4329425191412 0.030721140960043,51.4329227119007 0.030765306128313,51.4329007430822 0.030804634028749,51.432881233102 0.030935802085527,51.4328172272391 0.030989468607486,51.4327904011624 0.031044438487534,51.4327630551645 0.03110225820839,51.4327342784338 0.031163364721439,51.4327038997222 0.031229477813989,51.4326708936965 0.031288504280069,51.4326414340712 0.031339148471276,51.4326161503382 0.031386341246797,51.4325927492772 0.031405009058468,51.4325834255681 0.031395550604574,51.4325693426346 0.031377272427697,51.4325476281164 0.031361147899988,51.432526495004 0.031350187261112,51.4325125370183 0.031317147904385,51.4324726910223 0.031285969372681,51.4324349648189 0.03125163157893,51.4323937051103 0.031220762796696,51.4323549806907 0.031207972607699,51.4323414527835 0.031178880296926,51.4323109244334 0.031153167246412,51.4322848655411 0.031122927859874,51.4322543579506 0.031094772495593,51.4322258457828 0.031064929555837,51.4321954518178 0.031066988358039,51.4321940905735 0.031074330572987,51.4321883310204 0.031077120736839,51.4321855218125 0.031098894281786,51.4321665919109 0.031135699865677,51.4321240996498 0.031158980575041,51.4320941639904 0.03117603989136,51.4321065063963 0.031186364407367,51.4321113825271 0.031227689999711,51.432154564409 0.031286351274612,51.4322156011273 0.031327945273107,51.432226466239 0.031428157068457,51.432328152882 0.031484542569923,51.432391420554 0.031607058611081,51.4325552799589 0.031745087926765,51.4325067580834 0.031868224001773,51.4324643921993 0.031972429657375,51.4324282511178 0.032079301160903,51.4323914324137 0.03218054006614,51.4323568183445 0.032187455798783,51.4323530580481 0.032188149260363,51.4323501736392 0.032223611514814,51.4321808209653 0.03223750409168,51.4321142292383 0.032313337691381,51.4320496571635 0.032320810267951,51.4320425291927 0.032419307662992,51.4319587856595 0.032494115794453,51.4318905054218 0.032722727682038,51.4319924919456 0.032911887561024,51.4320773308173 0.033017226964764,51.4321245951385 0.033109886662194,51.4321660404557 0.033203392293178,51.4322079026919 0.03325563173915,51.4322311536945 0.033286846052597,51.4321937217622 0.033311084396655,51.4321651386073 0.033347024465114,51.4321228430665 0.033388534360437,51.4320754471474 0.033422940772141,51.43203593996 0.033451011715662,51.4320060321576 0.033492472621082,51.4319626236786 0.033577078547713,51.4318747630404 0.033629296087245,51.4318171027337 0.033685852029088,51.431755188952 0.033722515508773,51.431716401531 0.033736452158165,51.431695130331 0.033810712787065,51.431725925491 0.03394380759847,51.4317801005807 0.034076987976151,51.4318361616769 0.034209731437591,51.4318920953061 0.03429438204211,51.4319270498917 0.034329337470117,51.4319414274609 0.034366889433153,51.4319569965 0.03440121142366,51.4319711368329 0.034397195747542,51.4319749170701 0.034447754824315,51.4319956669558 0.034496821238948,51.4320159130363 0.034492861512359,51.4320196572328 0.034508301785767,51.4320261744984 0.034555088005491,51.4320460005868 0.034559218799121,51.432042253419 0.034589224386909,51.432054666409 0.034639964261458,51.4320756603815 0.034685690304102,51.432094515583 0.034730557079198,51.4321131024011 0.034770304263884,51.4321297285568 0.034807573344032,51.4321453023634 0.034838337234213,51.4321582327155 0.034861089024936,51.4321676968335 0.034868238718345,51.4321708246037 0.034897959562802,51.4321831714117 0.03493764298064,51.4321996223527 0.034981129378081,51.4322177033469 0.03501234932033,51.4322306958808 0.035027417524914,51.4322364776089 0.035023454789588,51.432240185903 0.035050636839538,51.4322513761756 0.035090773171345,51.4322678183011 0.035094572661698,51.4322642891032 0.035132078534929,51.4322800709301 0.035170678834597,51.4322963283607 0.035209970240659,51.4323128561606 0.035206012228115,51.432316670497 0.035237336487883,51.4323294498217 0.035268142557421,51.4323420609723 0.035269679500335,51.4323408085301 0.035272271878801,51.4323383138052 0.035303700433866,51.4323509141376 0.035353639340855,51.4323716743954 0.03541060207107,51.4323953172448 0.035448274647714,51.4324110250289 0.035499882494505,51.4324324630965 0.035540025593863,51.4324490821118 0.035580922023965,51.4324660765307 0.035607707584715,51.4324772735579 0.035611497873657,51.4324785854698 0.035649399450137,51.4324943602565 0.035701413815947,51.4325160384832 0.035770767982075,51.432544978692 0.035816501234012,51.4325639736123 0.035866555914638,51.4325848026828 0.035922893286431,51.432608314051 0.035964942093916,51.4326258189083 0.036017521416097,51.4326473181097 0.036013517760219,51.4326510757102 0.036075795987462,51.4326765675016 0.036079764654978,51.43267270259 0.036094231556478,51.4326783174609 0.036148085614007,51.4327005912448 0.036198291559614,51.4327215470439 0.036194598914726,51.4327254071643 0.036259570937284,51.4327524914957 0.03626451328699,51.4327487814302 0.03629488583387,51.4327613683627 0.036373734579816,51.4327932152922 0.036400740301029,51.4328045656891 0.036500879617833,51.432846482681 0.036550075223823,51.4328664198805 0.036572311104821,51.4328760419102 0.036606810722338,51.4328904231126 0.036634775275049,51.4329017208224 0.036655409411081,51.4329100702707 0.036669666900983,51.4329157930278 0.036680029449431,51.4329201814435 0.036703957333024,51.4329301922249 0.036732853327823,51.4329420843549 0.036758365770828,51.4329526242614 0.036764476195918,51.4329551521498 0.036767159362749,51.4329562512411 0.036764420364088,51.4329588123972 0.036763149994234,51.4329600089661 0.036790378186135,51.4329713428158 0.036806126382897,51.4329778778053 0.036815488286919,51.4329817637983 0.036821999938343,51.4329844816596 0.036825444572366,51.4329859128508 0.036826854742288,51.4329846248205 0.036829444717782,51.4329822389194 0.037018673501726,51.4330595516871 0.037162449026453,51.4331184188816 0.03723357022041,51.4331476449558 0.037277684143893,51.4331657852235 0.037333035986857,51.433188712297 0.037365590064055,51.433202458905 0.037382471057541,51.4332095514803 0.037394381344038,51.4332142204917 0.037437229879113,51.4332318880753 0.037500978714588,51.4332580262164 0.037558452624696,51.4332816582213 0.037626303182741,51.4333085028901 0.037661061286778,51.4333222110996 0.037708595395803,51.4333409976998 0.037708134255667,51.4333305090158 0.03770636562439,51.4333079069264 0.037706150852948,51.4333061848918 0.037702473237148,51.4333010724207 0.037699814126865,51.4333002562144 0.037696760147426,51.4332998776403 0.037703778140248,51.4332807748788 0.037706028891071,51.4332693469371 0.037706454134774,51.4332633861378 0.037701482844654,51.4332199029801 0.037696014273281,51.4331699669525 0.037692979291216,51.4331436088924 0.037688083202855,51.433098743991 0.037684017705069,51.4330787115789 0.03767044722782,51.4330128601854 0.03766200283919,51.432971765706 0.037648915882324,51.4329165168164 0.037639427959417,51.4328769944768 0.037621114436633,51.4328097578616 0.037607053994045,51.4327574594255 0.037589965851102,51.4326898561681 0.037577657534817,51.4326396847041 0.037563443696959,51.4325839373902 0.03756475994634,51.4325018654061 0.037565315975471,51.4324492265407 0.037565911027699,51.4324129795508 0.037565170975531,51.4324087647769 0.037564549348916,51.4323947985653 0.037563502464944,51.4323867931535 0.037561011856105,51.4323804522741 0.037553066645875,51.4323441352122 0.037544856649167,51.4323173194265 0.037539759138646,51.4323082629931 0.037525602846265,51.4322723587629 0.037517262534353,51.4322545742751 0.037511162311933,51.4322337849348 0.037506622222252,51.4322044754258 0.037502359381903,51.4321813627131 0.037501735860885,51.4321673533668 0.03750331919224,51.4321399599534 0.037506236699704,51.4320746618688 0.037508763271956,51.4320054612947 0.037511971942765,51.4319176458124 0.037514588233416,51.4318456126607 0.037517079874752,51.4317658980017 0.037520517483942,51.4317123187264 0.03752528246378,51.4316352606684 0.037526054468055,51.431618665838 0.037525562854486,51.43160762011 0.037525424774485,51.4315996690449 0.037527901577914,51.4315971996616 0.03752888978992,51.4315951599433 0.037534072463521,51.4315904869866 0.037578351461736,51.4315144938863 0.037616601335806,51.4314485626993 0.037623245807277,51.4314378164915 0.037601678652344,51.4314280805109 0.037598200034762,51.431427467402 0.037592376987564,51.4314240874133 0.037575374876029,51.4314137091045 0.037554554924789,51.4314013989014 0.037551998565222,51.4313972642628 0.037550005370852,51.431396085747 0.037540654680292,51.4313846553343 0.037540086954749,51.4313815643948 0.037539677633314,51.4313675513235 0.037542712805326,51.4313630496936 0.037552737334896,51.431336318017 0.037569397884238,51.4312891151821 0.037589773111059,51.4312671920229 0.037608929995919,51.4312227768033 0.037638172902129,51.4311578304442 0.037664881482716,51.4311028861551 0.037697097184095,51.4310393458766 0.037721016394969,51.4309786873108 0.037729001525222,51.4309385275564 0.037739322219101,51.4308827395194 0.037746635215288,51.4308729232559 0.037773424655193,51.4307783028332 0.037806139784616,51.4306502978495 0.03782649491761,51.43057011253 0.037840164779309,51.4305138453793 0.037849485834528,51.4304734510518 0.037866175642981,51.4304093380033 0.03787200952717,51.4303890156693 0.037874412974338,51.4303824440186 0.037880837585663,51.4303677977286 0.037906336471435,51.430304795044 0.037948378629617,51.430204643049 0.037989960982537,51.4301017606446 0.03801231928223,51.4300438684424 0.038028121769497,51.429997674191 0.038048102789844,51.4299318185885 0.038063231058942,51.4298856369542 0.038097658030968,51.4297734002328 0.038119546560085,51.429697400546 0.038126222132239,51.4296732720864 0.038137167583633,51.429635606762 0.038155323881709,51.429575981788 0.038167710197855,51.4295339738353 0.038168873922785,51.4295306756275 0.038178758485008,51.429498749235 0.038186611746993,51.4294800716746 0.038142134922044,51.4294784888714 0.038143685324779,51.4294703043027 0.038146293853271,51.4294537027108 0.03815690740146,51.4294201520867 0.038167679490318,51.4293860591207 0.038170901488877,51.429362750624 0.038184306307803,51.4293289194402 0.038202840782302,51.4292814770828 0.038208011690145,51.4292724759382 0.03822835182398,51.4292251046995 0.038248204709076,51.4291741572937 0.038268133409218,51.4291212624665 0.038290137300212,51.4290597260844 0.038307016081581,51.4290119033167 0.038305708968201,51.4289972781405 0.038303170779881,51.4289402666683 0.038301306126423,51.4288799655105 0.038304741313043,51.4288430297052 0.038303380471291,51.4288122368285 0.038301990955924,51.4287995088231 0.038302213780064,51.4287964679897 0.038301005571576,51.4287775370113 0.038306367398968,51.428765458712 0.038309089866371,51.4287599813559 0.03831157565716,51.4287529361275 0.038317193548393,51.4287353325312 0.038323043637329,51.4287229768477 0.038333211733256,51.4286817862478 0.038339927764364,51.4286709155484 0.038341270322756,51.4286651402362 0.038342224929437,51.4286506187184 0.038341246816968,51.4286376317531 0.038354911164224,51.428468337965 0.038361264082018,51.428350438095 0.038364577543006,51.4282811077771 0.038361857668788,51.4282415675936 0.038360026357752,51.4282114843556 0.038360062082736,51.4281975525738 0.038358376760044,51.4281744319275 0.03835197116854,51.4281418993846 0.038351416007268,51.4281309159132 0.03835231745051,51.4281195303021 0.038348878121588,51.4280512922605 0.038347697981411,51.4280008086148 0.038180962486377,51.4279306833808 0.038010916623918,51.4278581153902 0.037960361675043,51.4278390036815 0.037916601883264,51.4278242433648 0.037844349823599,51.4278007407065 0.037855671720124,51.4277495270918 0.037894320442367,51.4275843008879 0.038056309242784,51.4275837345255 0.038369902640173,51.4275830335156 0.038473952881211,51.4275839750225 0.038473435571095,51.4275184623237 0.038477689455152,51.4274038616218 0.038477736366692,51.4273095675853 0.038467707087498,51.4272598754378 0.038454441873163,51.4271906832371 0.0384674503152,51.4271414411906 0.038497309235861,51.4270303854139 0.038538057255096,51.4268943814357 0.038566637727487,51.4267815969223 0.038590057651064,51.4267056649188 0.038646299243924,51.4265043697493 0.038779848372737,51.4265120508541 0.038800659801751,51.4264404152021 0.038822464160039,51.4263012396127 0.038835697140743,51.4261672150511 0.038853794628674,51.4261603982772 0.038859948250362,51.4260740117318 0.03895284811236,51.4260761477082 0.038974439965699,51.4259412268068 0.038993381341476,51.4258276098231 0.039026205442675,51.4256394766765 0.039038034269422,51.4255727491701 0.039048411413985,51.4255273029355 0.039052871515225,51.4255017177234 0.039057873339544,51.4254613675599 0.03906168657918,51.4254032833261 0.039060906016394,51.4253767884381 0.039060848251925,51.4252677546358 0.039059538330004,51.4251845010695 0.039063570120637,51.4251608316828 0.039064990148186,51.4251531539958 0.039066429157599,51.4251449660793 0.039067205127788,51.4251342617832 0.039067615719602,51.4251204900584 0.039065697679761,51.4250659462146 0.039062101856352,51.4250216565197 0.03906186066717,51.4250131758832 0.039053719159736,51.4249120256056 0.039049133181011,51.4248320799654 0.039046021485851,51.4247794777715 0.039040868453472,51.4247614817188 0.039045607844741,51.4247314177391 0.039053921524226,51.4246944398702 0.039054767062356,51.4246907857223 0.039054766766353,51.4246906499342 0.039055392745366,51.4246879114889 0.039054751734084,51.4246878587892 0.038999868902945,51.4246838988058 0.038884586502609,51.424675873273 0.038767722990078,51.4246676790783 0.038763691763011,51.4246619145738 0.038738839792649,51.4246525130255 0.038710034054061,51.4246414104246 0.03867607520214,51.4246276446983 0.038660809342736,51.4246168308945 0.038647892103239,51.4246049114797 0.038591349968162,51.424553038813 0.03848325066923,51.4244545350118 0.038178026798087,51.424178869628 0.037832956666144,51.4238655869527 0.037507546740215,51.4235702925964 0.037266507652531,51.4233537714537 0.037031227126717,51.4231366955224 0.036857528416754,51.422975017627 0.036746321313016,51.4228690757068 0.036634531872948,51.4227615421333 0.036546966177073,51.4226768901672 0.036540503853577,51.4226708827243 0.036424319694337,51.4225592084602 0.0363488252138,51.4224865123012 0.036275839165099,51.4224184326643 0.036230763680751,51.4223884857538 0.036190710659183,51.4224072266861 0.036129426325843,51.4224367421026 0.036006643399044,51.4224992073813 0.035794216872379,51.4226130880182 0.035625883535342,51.4227088498678 0.035546509559364,51.4227549914403 0.035498598623994,51.4227828651519 0.035486171394796,51.4227907636096 0.035441903113169,51.4228194958322 0.035383614582716,51.4228571793434 0.035355252359869,51.4228751873537 0.035344357448787,51.4228843910517 0.035335899142025,51.4228894543533 0.035252036621564,51.4229488870327 0.035171666471899,51.4230058012541 0.035074602391366,51.423074169989 0.034960944396749,51.4231525579862 0.03487325291771,51.4232143105278 0.034782476816664,51.4232767316705 0.034723223562898,51.4233185279299 0.034694692334963,51.4233401242263 0.034685147592346,51.4233428510852 0.034674665944265,51.4233511320723 0.034639348028353,51.4233778660215 0.034604300278427,51.4234045952724 0.034594266343223,51.4234123675747 0.034579523992019,51.4234221011231 0.034541824231169,51.4234469312062 0.034483609942233,51.4234878415059 0.034409713684316,51.4235378990871 0.034367839146633,51.4235661838248 0.034362457525475,51.4235698276397 0.034337842478518,51.4235909656043 0.034281470559394,51.423639873664 0.0342297385802,51.4236866732705 0.034182718652325,51.4237300088372 0.034119791596916,51.4237895982139 0.034067254695555,51.4238396231153 0.034019769136074,51.4238846582832 0.033980083447653,51.4239226254212 0.033962524812669,51.423939845851 0.033956376168926,51.4239458465258 0.033952761219208,51.4239482366277 0.033950689011414,51.4239510648986 0.033943259056996,51.4239577523847 0.033917521766266,51.4239752999674 0.033881046228062,51.4240013172784 0.033845551803487,51.4240271116184 0.033823774317737,51.4240445608045 0.033774546029337,51.4240825306696 0.033701833357844,51.4241339828194 0.033658921828998,51.4241619363984 0.033587328642064,51.4242100686438 0.033543642388311,51.4242348656024 0.033470008257089,51.4242751067833 0.033357987601858,51.4243358270904 0.033266175998833,51.4243853656376 0.033196025091225,51.4244184148172 0.033105583986484,51.4244607971513 0.03300522063872,51.424508106088 0.03296254209493,51.4245270732131 0.03288482679007,51.4245610456882 0.032807655868676,51.4245930275225 0.032762853485231,51.4246212779886 0.032731470047522,51.4246376714248 0.032688255942661,51.4246779143362 0.032643401189535,51.4247192414584 0.032584971603125,51.4247498406095 0.032459262662252,51.4248163452504 0.032389205159339,51.4248372401565 0.03233626981606,51.4248536114687 0.032212460354375,51.4249200829338 0.032140424841265,51.4249583144857 0.032084949086414,51.4249983731772 0.032013129436219,51.4250509986786 0.031989931601297,51.4250661933625 0.031959689048193,51.4250845488872 0.031876610582691,51.4251357849159 0.031793960326257,51.4251871447671 0.031700801709703,51.425244498877 0.031642699887818,51.4252800263852 0.031605536262309,51.425302527051 0.031552374095114,51.4253350434849 0.031522185564665,51.4253528790823 0.031496152776268,51.4253688035843 0.031468406181346,51.4253851363867 0.031440562757093,51.425401200172 0.031391488784443,51.4254283434217 0.031355472687676,51.4254474706402 0.031315491484542,51.4254688842307 0.03127347296135,51.4254892512568 0.031260477137334,51.4254947778253 0.031222181577944,51.4255112933731 0.031209509616204,51.4255162738456 0.031167591118937,51.4255330680977 0.031127664189352,51.4255498827429 0.03109349756578,51.425563891545 0.030938678570389,51.4256243006396 0.030728163213509,51.425703304464 0.030498937971062,51.4257898282505 0.030319687263321,51.4258569116843 0.030176210650319,51.4259118182465 0.030103379705883,51.4259518793298 0.030090780266745,51.4259580824267 0.030060897610227,51.4259765555196 0.030054235968769,51.4259826557775 0.030005625399777,51.4260152071941 0.029868096517991,51.4261592143912 0.029775527163172,51.4262469169956 0.029756369273967,51.4262685317261 0.029725727080161,51.4262987295475 0.029697676382425,51.4263292053383 0.029655148971131,51.4263821824312 0.029641288757035,51.4263953211747 0.029600079843973,51.4264315060441 0.029538166691116,51.4264777241107 0.029478516548996,51.4265168092309 0.029302558704177,51.4266317526287 0.029162224001942,51.4267241513006 0.028921172601711,51.4268834325315 0.028770460813046,51.4269830194949 0.028768778626669,51.4269840459391 0.02847653791521,51.4271745798672 0.028348949650351,51.4272553564043 0.028232404760118,51.4273226265931 0.028117797640284,51.4273903937213 0.027847109771478,51.4275911396717 0.027662141896566,51.427726962542 0.027577676496496,51.4277891185523 0.027501445226555,51.4278448765116 0.027425744499767,51.4279003725358 0.027359471595704,51.4279489417816 0.027302760912747,51.4279904992062 0.02723112354166,51.4280431342757 0.027178068859445,51.4280817542297 0.027182676872228,51.4280880991804 0.027154515814003,51.4281087045208 0.027130442554976,51.4281269576285 0.027118381615384,51.4281355351252 0.027118329271481,51.4281343525448 0.027117275001253,51.4281319192696 0.027116944938677,51.4281305724221 0.027116085610642,51.428129488331 0.027116101610198,51.4281237396955 0.027114547463497,51.4281252881947 0.027110849038009,51.4281333829443 0.027070728471571,51.4281618040904 0.027058397269281,51.4281703862538 0.027025286713127,51.4281921769961 0.02700806066838,51.4282032098646 0.026976874494939,51.4282226848803 0.026938845195665,51.4282464204093 0.026904503479427,51.4282678942635 0.026886579378382,51.4282784328735 0.02687290063502,51.4282871228496 0.026858298429327,51.4282963350994 0.026852878093899,51.4282991339266 0.026823118301654,51.4283172316811 0.026818036035446,51.4283185030373 0.026751814080685,51.4283559978824 0.026644291846345,51.4284166920211 0.026546552997935,51.4284723148151 0.026457511378463,51.4285227987331 0.026307650843626,51.4286076405103 0.026223490940784,51.4286554201808 0.026174689249925,51.4286832293297 0.026135897546312,51.4287050334576 0.026098171835511,51.4287264810092 0.026088674709224,51.4287318862978 0.026079290281554,51.4287367824301 0.026043005207669,51.4287558389934 0.026019948248819,51.4287678169261 0.025988405636878,51.4287823102744 0.025962643986833,51.428792984183 0.025940557396599,51.4288011430694 0.025898442362323,51.4288181015382 0.025860192107726,51.4288338097184 0.025831960819714,51.4288436809288 0.025785610578095,51.4288596972286 0.025759227578597,51.4288685220657 0.025723365225185,51.4288801312736 0.025681883729116,51.4288931055862 0.025677630780141,51.4288947852333 0.025667090563679,51.4288980106098 0.025649902541347,51.4289038023592 0.025592480395858,51.4289232231088 0.0255543768973,51.4289361390063 0.025523326564634,51.4289464815209 0.025503312084162,51.4289525747887 0.025483370055255,51.4289602738578 0.025466823341806,51.428968336933 0.025458790025117,51.4289732096683 0.025404285126055,51.4289480976312 0.025209548204703,51.4288595917707 0.025100944455318,51.428810239958 0.024979538210978,51.4287550766656 0.024932903823102,51.4287338258742 0.024894410188701,51.4287163131486 0.024846365574635,51.4286944976393 0.02479583245684,51.4286715146301 0.024743020930548,51.4286474630099 0.024721351997695,51.4286376409599 0.024700490899497,51.4286281296025 0.02468081127876,51.4286191805849 0.024660321219911,51.4286098615585 0.024639530887288,51.4286004209129 0.024620868280844,51.4285918931814 0.024601121131638,51.4285829453174 0.024582227010724,51.4285743217557 0.024559308527971,51.4285639250191 0.024539512862757,51.4285549204277 0.024489017679955,51.4285319420338 0.024383090170765,51.428483703475 0.024337307187791,51.4284629224811 0.024284965400701,51.4284391044663 0.024241837858718,51.4284194898446 0.024220076176163,51.4284095820759 0.024181075877849,51.4283981364864 0.024139608447958,51.4283860068462 0.024098702089032,51.4283740401706 0.024083774714826,51.4283696584037 0.024062007281408,51.4283646321268 0.02403930243298,51.428358445742 0.024016072780583,51.4283516793702 0.023993349598863,51.428345077815 0.02397666103233,51.428338440413 0.023972540826637,51.4283367111438 0.02396392740719,51.4283335360308 0.023938020556449,51.4283238382722 0.023897443504879,51.4283080572924 0.02383852528215,51.4282858068015 0.023775776547776,51.4282620980916 0.023748236622732,51.4282518052684 0.023742681418437,51.4282401283874 0.023730929566018,51.4282160941338 0.023713497015096,51.4282063885258 0.023674428181224,51.4281846262481 0.023638257320127,51.4281644749455 0.023618777579069,51.4281535933022 0.023603042024705,51.4281446893411 0.023580315224196,51.4281317503802 0.023560718603248,51.4281206971799 0.02354528610313,51.4281111305894 0.023542081464582,51.4281087964578 0.02353097263797,51.4281018207667 0.023525282020157,51.428097105924 0.023518360254289,51.4280921362465 0.023512232615531,51.428086321005 0.023507803540265,51.4280813766463 0.023488342458178,51.4280633613856 0.023467604624883,51.4280578325062 0.023447817538677,51.4280524958509 0.023452941240856,51.4280493605704 0.023410006679962,51.4280185316111 0.023373080198492,51.4279922762127 0.023357806207658,51.4279813785922 0.023342979267305,51.4279707988015 0.023337527798273,51.4279737436864 0.023335104497856,51.4279717719725 0.023326298998693,51.4279645065013 0.02332665518927,51.4279617907523 0.023327919984165,51.4279518981677 0.02325179123537,51.4279051128869 0.023206260916328,51.4278771290907 0.023191884067245,51.4278683023502 0.023187155289323,51.4278653973773 0.023181748711595,51.4278620634436 0.023178214774111,51.4278598941629 0.023174929234658,51.4278578770738 0.023173446191849,51.4278571301677 0.02316563581111,51.4278532100062 0.023160170584787,51.4278504697246 0.023156932442923,51.4278484509178 0.023153998671416,51.4278466139129 0.023152822837452,51.4278458850865 0.02314958186107,51.4278438672276 0.023149128626064,51.4278435719846 0.023146840316703,51.427842148311 0.023144418625639,51.4278403429368 0.023140914146827,51.4278377657622 0.023137672808549,51.4278360653634 0.023134267706624,51.4278342724646 0.023131395591376,51.427832268024 0.023131166198333,51.4278321226986 0.023129864754593,51.4278312206756 0.023125286944861,51.427828509143 0.023120557509083,51.4278260124626 0.023113007155046,51.4278217910401 0.023079447215062,51.4278082376702 0.022987653982279,51.427772574458 0.022962692069472,51.4277623062177 0.022811463647806,51.4277012515001 0.022756395822209,51.4276790869346 0.0226452066946,51.4276347759067 0.022547168276247,51.4275964457716 0.02252278222807,51.4275848473294 0.022383959500947,51.4275176345523 0.022356581740293,51.4275052945058 0.02230335056635,51.4274816447782 0.022254061424692,51.4274563424514 0.022213140013911,51.4274339345002 0.022171485637082,51.4274092927209 0.022132792374826,51.4273894866602 0.022096120377461,51.4273724200705 0.022077637892352,51.4273653421222 0.022060737978618,51.4273606146294 0.022046143463362,51.4273554507749 0.022016091779602,51.4273447422476 0.021998963084394,51.4273396220999 0.021991774470336,51.4273347270868 0.021969698503189,51.4273228242944 0.021933995750282,51.4273037597741 0.021877113281065,51.427273964955 0.021793394194634,51.4272297081434 0.021739725171879,51.4272009145192 0.02169036095995,51.4271738964949 0.021683847084484,51.4271699143106 0.021534969341441,51.4271126206385 0.021545245290175,51.4270766493829 0.021555923516227,51.4270380919884 0.02148812443104,51.4270095931949 0.021412473867775,51.4269551104113 0.021331852433279,51.4269137747691 0.021304179964245,51.4269005105934 0.02128040299942,51.4268892350467 0.021258686963423,51.4268795463007 0.021239986782359,51.4268715367068 0.021218471921884,51.4268624946807 0.021204226706463,51.4268573840583 0.021186991901021,51.4268511891626 0.021164336270466,51.4268417872909 0.021138524454027,51.4268322851537 0.021127652378625,51.4268285723337 0.021119118448934,51.4268258830738 0.021115429751236,51.4268245707405 0.021108044725509,51.426823761897 0.021105256141252,51.4268238099768 0.021102555772533,51.4268243250721 0.021098338566778,51.4268243690058 0.021095093469887,51.4268243404219 0.02108331447334,51.4268242314515 0.021064611481558,51.4268240143352 0.021051264851088,51.4268238478551 0.021037655155895,51.4268233594623 0.021011977695447,51.4268224118445 0.02099104155126,51.426821627088 0.020978403579005,51.4268211552093 0.020962712906354,51.4268205812792 0.020946118199915,51.4268199599815 0.020938328665386,51.4268196662071 0.020934171376858,51.4268195031616 0.020931778508577,51.4268194562834 0.020926669056954,51.4268192961636 0.020828546831796,51.426815281687 0.020829899697852,51.4268235139603 0.02057673356503,51.4268542941923 0.020404653106822,51.426874802921 0.020214391231891,51.4269022283076 0.019985311972969,51.4269627241361 0.019808769125826,51.4270093130803 0.019695841357024,51.4270387073117 0.019691207997946,51.427030944331 0.019664658611897,51.427031136465 0.019585176940567,51.4270310516734 0.019531127909591,51.4270312211377 0.019477314677391,51.427031551087 0.019458035287254,51.4270316395124 0.019434483966061,51.4270313141069 0.019408030991798,51.4270310827492 0.01939253478554,51.4270309728942 0.019385096568686,51.4270310785487 0.019372700736403,51.4270313361546 0.019365411230293,51.4270316173077 0.01933951469504,51.4270327504819 0.01929263456323,51.4270347325376 0.019255591479013,51.4270363014141 0.019215072707337,51.4270380281726 0.01920352574253,51.4270385175471 0.019184344156622,51.4270393236839 0.01916991301173,51.4270399445718 0.019153765927683,51.4270406354832 0.019142336592404,51.4270411174297 0.019135718834868,51.4270413977894 0.019112907111277,51.4270423824523 0.018860137752555,51.4270524195861 0.018782696827972,51.427056534812 0.018747769895322,51.4270577802061 0.018742613931322,51.4270553572501 0.018735654398522,51.4270520930313 0.018734442997938,51.4270519259391 0.018726565648481,51.4270483016178 0.018719797643546,51.4270448461458 0.01871428652833,51.4270426226545 0.018706742709174,51.427039744404 0.018698107435218,51.4270371358541 0.01869273559077,51.4270357876815 0.018674120055019,51.4270319094185 0.018658029275929,51.4270284265338 0.01864257799038,51.4270258103526 0.018631929214278,51.4270207301187 0.018603384396706,51.4270144535267 0.018527056522088,51.4269974697967 0.018449853545166,51.4269788086016 0.018398086382939,51.4269664154843 0.018350269996655,51.4269504443479 0.018307753021521,51.4269477923279 0.018241197946983,51.426943298714 0.018184747227639,51.426945210387 0.018157547817969,51.4269444259389 0.018068128424088,51.4269382197025 0.018063552800333,51.4269379648339 0.017995986913782,51.4269335460384 0.017922013566765,51.4269290540475 0.017885534080168,51.4269269247564 0.017861699464464,51.4269237585246 0.017847380061171,51.426920939299 0.017777138395845,51.4269078612059 0.017675062746762,51.4268888758298 0.017619788677025,51.4268787981841 0.017612777060815,51.4268811752123 0.017578410090774,51.4268746856284 0.017538078731979,51.4268670450633 0.017532822627924,51.4268660698552 0.017530402720541,51.4268657355966 0.017527350220006,51.4268647233612 0.017523625240705,51.4268643486131 0.017518304405427,51.4268618708875 0.017511215464614,51.4268602383589 0.017465562940397,51.4268468780699 0.017382657034631,51.4268214553713 0.017361933372131,51.426814485417 0.017337504463389,51.4268063471824 0.017312623448085,51.426798035964 0.017293393420939,51.4267915987595 0.017279371692192,51.426787044089 0.017268616079644,51.4267838774877 0.017259685945769,51.4267803845006 0.017249597365356,51.4267774366398 0.017237660639888,51.4267730915935 0.017221377092398,51.4267655200155 0.017213515637406,51.4267618278753 0.017201772441355,51.4267553112812 0.017199227917105,51.4267542048626 0.017142058773535,51.4267292429095 0.017121546586714,51.4267200498016 0.017091841584296,51.4267070489593 0.01705425835354,51.4266893859029 0.017017965913153,51.4266725819393 0.016994782402618,51.426661818732 0.01697253322155,51.4266509414202 0.016930781669648,51.4266310973002 0.016922827188132,51.4266282970497 0.016863604105788,51.4266065025713 0.016769528137416,51.42655789073 0.016678299880784,51.4265099159919 0.01659395538234,51.4264653480217 0.016511206490971,51.4264214369134 0.016435622591038,51.4263812119348 0.016379408849134,51.426351658454 0.01632057654259,51.4263209476254 0.016276256657842,51.4262978065627 0.016268425629642,51.4263049998687 0.016260419561731,51.4263009270536 0.01621182963749,51.4262759079329 0.016208430198929,51.4262742343513 0.016177379390176,51.4262579982729 0.016153669022913,51.4262454516649 0.016120961032049,51.4262281676129 0.016106578069485,51.4262205946752 0.01610512740788,51.4262196969435 0.016103570013806,51.4262192830723 0.016101853239382,51.4262181893735 0.016098973112531,51.4262168755703 0.016094931675923,51.4262154207657 0.016090860527767,51.4262147290786 0.016086894675041,51.4262135535555 0.016080278361069,51.4262119029227 0.016069135946562,51.4262094209412 0.01598102204259,51.4261894934591 0.015920394368668,51.4261855423148 0.015904552860331,51.4261850314601 0.015851744646771,51.4261808477814 0.015766894192677,51.4261745720501 0.015702036296518,51.4261705955143 0.015653751396318,51.4261695660492 0.015501144609788,51.4261681756067 0.015352870223547,51.4261656331183 0.015252249482542,51.4261637658293 0.01512183648951,51.4261615760614 0.015036600145926,51.4261607893524 0.01502327686077,51.4261605291195 0.014977422068834,51.4261613172103 0.014963979360256,51.4261619394375 0.014934177340989,51.4261645074205 0.014876909225718,51.4261696391913 0.014824543826396,51.4261752037771 0.014708607341489,51.426185029903 0.014696557906496,51.4261861614415 0.014640804615462,51.4261918525083 0.014638683452124,51.4261917684513 0.014570426501314,51.426188850415 0.014501871932855,51.4261864590466 0.014429153834021,51.4261842192128 0.014382449675786,51.4261827356444 0.014326885630835,51.426181084128 0.014258730373685,51.4261790059079 0.014187157509605,51.4261768352797 0.014175494254724,51.4261764115367 0.014119946553594,51.426174673309 0.014128731620642,51.4261407123387 0.014146718339578,51.4260822672465 0.014163828356876,51.4260261313232 0.014188025273689,51.42594753775 0.014215190427195,51.4258584900801 0.014248171101838,51.4257514428338 0.014274857396844,51.4256644978355 0.014263327537423,51.4256619683523 0.014285574457505,51.425599951756 0.014341023866903,51.4254406304454 0.014352787863482,51.4254072782621 0.01436131179266,51.4253823164754 0.014366215318993,51.4253684459291 0.014379845314494,51.4253296730651 0.01439397139855,51.4252907657729 0.014407291383654,51.4252494918774 0.014418220177373,51.4252154022196 0.014341693302634,51.4252051871499 0.014311213718268,51.4252004463213 0.014203025021838,51.4251836940479 0.014129733892669,51.4251718557666 0.014040497583228,51.425157535004 0.013971300638403,51.4251476317331 0.013867797524737,51.4251325531994 0.013798898341587,51.4251225826608 0.013754918269026,51.4251162569962 0.013704371713284,51.4251127465036 0.01363899735122,51.4251082838042 0.013589740636561,51.4251050568711 0.013538463671773,51.4251014878073 0.01352969410306,51.4250661708683 0.01352481812217,51.4250464519915 0.013520060645197,51.4250271708377 0.013512647459487,51.4250098454108 0.01350923232289,51.425000646654 0.013505584541434,51.424990573275 0.01350389720453,51.4249874645911 0.013500867549691,51.4249813078459 0.013500029102624,51.4249789561833 0.013496909443234,51.4249719628348 0.013491473090891,51.4249630541923 0.013487931424203,51.4249554268892 0.013483406216138,51.4249457139107 0.013479069324537,51.4249361289957 0.013475513967726,51.4249281574949 0.013473136445488,51.4249237135102 0.013472367215201,51.4249223471926 0.013467689756621,51.4249133589674 0.013460769255349,51.4249000080825 0.013455078176605,51.4248894931641 0.01345039006347,51.4248808513523 0.013448080273691,51.4248773261894 0.013443188563629,51.4248676851527 0.013437546285505,51.4248564805304 0.013433602122049,51.424848629917 0.013430578966701,51.4248426205439 0.01342682086254,51.4248342577303 0.013424471890309,51.4248286306728 0.013422892269156,51.4248249616716 0.013420905836162,51.4248210370608 0.013416474241752,51.4248122748324 0.013415610705233,51.4248099739611 0.013412854188392,51.4248040418448 0.013410436989663,51.4247986623674 0.013406267519357,51.424788696868 0.013402567540993,51.4247798564256 0.01339963897736,51.4247723993504 0.013397714191766,51.4247674556711 0.013396411306896,51.4247641263495 0.013395573620627,51.4247617917599 0.013393998105099,51.4247596883718 0.013390841474065,51.4247520823318 0.013388431629436,51.4247468699978 0.013382923612286,51.4247354139607 0.01337911593661,51.4247232074828 0.013374294108259,51.424709854725 0.013371423320635,51.4247029263455 0.013368221578428,51.4246972060158 0.013365482255574,51.4246844991645 0.013365365987998,51.4246818545167 0.013351542652665,51.4246753138735 0.013345900110507,51.4246732308673 0.013318274653736,51.4246630530553 0.013286472262245,51.424651278762 0.013274420363437,51.4246460953118 0.01324499376181,51.4246341776885 0.013215398482538,51.4246221856146 0.013180800490364,51.4246074817122 0.01315605989782,51.4245969926276 0.01314865092162,51.4245937960331 0.013138152730744,51.4245886488407 0.013109072634674,51.424574729684 0.013088348824937,51.4245665124942 0.013066454872848,51.4245578540514 0.013044239578439,51.4245474807585 0.013018126939628,51.4245353263162 0.012995536619119,51.4245248308536 0.012971782459653,51.4245149210306 0.012948648776827,51.4245051534306 0.012920323806889,51.4244930630322 0.012892709146542,51.4244812931731 0.012882068812346,51.4244764451684 0.012856718759344,51.4244648171788 0.012825670880208,51.4244524650476 0.012814767852735,51.4244481854091 0.012793959663409,51.4244389947742 0.012782547849303,51.4244334153843 0.012767688926536,51.4244260219296 0.012757700656717,51.4244210853791 0.012751930685759,51.424417770691 0.01274346476738,51.4244129105236 0.012738121347414,51.4244099734129 0.012720121143523,51.4244011455382 0.012702412548612,51.424392439456 0.012690662600455,51.4243866608217 0.012681923101735,51.4243820886267 0.012662932335692,51.4243722246671 0.012651964776098,51.4243664757638 0.012651374678717,51.4243662062115 0.012641923910867,51.4243612910001 0.012631091268187,51.4243548805908 0.012627215330477,51.4243526368244 0.012574501430852,51.4243279341533 0.012534473386192,51.4243115840318 0.012456881154541,51.4242779610389 0.012440999150469,51.4242729466712 0.012378196159135,51.4242479791391 0.012345396134163,51.4242357154138 0.012317536039288,51.4242254235902 0.012280411380332,51.4242109822269 0.012236435268115,51.4241939164799 0.012207545878457,51.4241851108565 0.012183849493854,51.4241769004646 0.012143238486462,51.42416564217 0.011980080810485,51.4241158521052 0.011882785619177,51.4240857288184 0.011890215342761,51.4240633696905 0.011861821486468,51.4240523827677 0.011867289823732,51.4240463121707 0.011814926880285,51.4239162131273 0.011748221592305,51.4237555231334 0.011613831301354,51.4237164739024 0.011333969626673,51.423638565097 0.011246840054958,51.4236135251065 0.011197893417048,51.4235959588071 0.011099438103762,51.4235567700491 0.011044732812373,51.4235299794177 0.011004425865196,51.4235089176359 0.010922320449722,51.4234589309463 0.010913652769881,51.4234531028661 0.01087647992982,51.4234250554699 0.010815210172791,51.4233706473812 0.010782412757728,51.4233377433252 0.010746297467174,51.4232989194114 0.010710416339928,51.4232567451715 0.010649427916076,51.4231913364204 0.010509231885238,51.4230436186548 0.010501042425737,51.4230346896477 0.010283680822954,51.4228029413768 0.010094377949869,51.4226015630511 0.009982067546712,51.4224818132447 0.009958428427253,51.4224920200189 0.00977372014087,51.4225593329136 0.009724106610544,51.4225765525179 0.009457971699817,51.4226734232664 0.009256031218072,51.422747517349 0.009160301922383,51.4227838368329 0.0090861997871,51.4228089355429 0.008977531592843,51.4228450503427 0.00890171023068,51.422869752126 0.008743667547244,51.4229128837639 0.008579629245949,51.4229512239134 0.008466291047037,51.4229740150638 0.008105832053906,51.4230395050543 0.007929230087964,51.4226435291825 0.007844279223637,51.4224521777187 0.007735508488856,51.4222038254902 0.007729664177704,51.4221917760296 0.007573533288863,51.4218249245366 0.007388531423745,51.4214024256799 0.007321886649164,51.4214146498139 0.00706882243907,51.4214635277193 0.006863208716843,51.4215032823546 0.006802142061735,51.421383657796 0.006842169711091,51.421374993994 0.006766359998007,51.4212343461477 0.006909244061925,51.4212069688716 0.006860528278677,51.4211143907004 0.006825681978895,51.4211199738426 0.006809453177487,51.4210893364029 0.006728686328543,51.4209447840948 0.006534290237993,51.4209856753264 0.006390975325856,51.4210153878142 0.00630869290325,51.4210304249293 0.006248748589595,51.4209363776768 0.006140730762504,51.4207643680711 0.006097611964964,51.4206903102374 0.00606682903666,51.4206187005273 0.006016151883612,51.4205055463235 0.006017935488968,51.4204613026016 0.006017079476936,51.4203931709682 0.006016265630579,51.4203260350373 0.005990424734057,51.4202579972958 0.005940307243898,51.4201697647873 0.005888690127286,51.4200715855767 0.005844132244631,51.4199889091035 0.005788193035621,51.4198891418968 0.005733905584673,51.4198149422908 0.005693067192292,51.4197723037256 0.005657152642515,51.4197350981131 0.005646077283659,51.4197240454461 0.00562362732762,51.4197015108667 0.005585019097971,51.4196664430908 0.005569918339265,51.4196589458719 0.005566427049139,51.4196564354011 0.005549484119537,51.4196424713516 0.005533238127068,51.4196289198465 0.005502183141737,51.4196034955209 0.005489835022458,51.4195934952118 0.005498084785542,51.4195876093483 0.005472343058911,51.4195669872112 0.00543679286982,51.4195399373944 0.005400491842175,51.4195098293012 0.005341022390439,51.4194629777601 0.00521617444793,51.419355744972 0.005302467261624,51.4192987541751 0.005490036075163,51.4191744888563 0.005558166304924,51.4191294032582 0.005545740646193,51.4191225572295 0.005498021668421,51.419095836124 0.005458191626309,51.4190742085732 0.005400601469388,51.4190444197166 0.005397836557722,51.4190429606875 0.005358013234303,51.4190187241184 0.005385508112324,51.4189454077451 0.005400733657706,51.4189101537074 0.005427221909632,51.4188337222785 0.005454043278181,51.4187577401888 0.005488198936907,51.4186646565237 0.005597738296684,51.418585170173 0.005670979365232,51.418526293512 0.005467729947895,51.4184186163619 0.005057824863897,51.4182012410118 0.004704763499002,51.418010941362 0.004491650279532,51.4179055086328 0.004042354992896,51.417679973143 0.003730666017346,51.4175237635651 0.003533595923131,51.4174273635692 0.003103869891063,51.4176840670935 0.002739819336306,51.4179104269083 0.002507882342545,51.4180552420285 0.002325300288405,51.4181731510489 0.002157323152505,51.4182936422235 0.001892490709611,51.4184796635406 0.001742947968511,51.4185856995943 0.001612488553131,51.4185254294963 0.001545628617006,51.4184903526998 0.001416025885988,51.4184247564988 0.001300713623885,51.4183672230208 0.001149577712393,51.4182921917823 0.001058307224875,51.4182466373065 0.00095802471276,51.4181959055426 0.000922071531088,51.4181778155989 0.000884207819536,51.4181591521267 0.000860941299106,51.4181479132152 0.000825142204801,51.4181294635906 0.000805653654457,51.4181197663345 0.000762363989735,51.4180984103032 0.000714926246719,51.4180748408317 0.000677294320575,51.4180562443831 0.00061287718816,51.4180232576169 0.000600457043982,51.4180179289984 0.000549923566225,51.4179954599778 0.000631266175284,51.4179336505537 0.000591665884039,51.4179228378337 0.000532692129947,51.4179046963896 0.000461870294752,51.4178801616433 0.000343211291095,51.4178353815686 0.000279346577143,51.4178143449793 0.000218818693489,51.4177917621802 0.000191081089881,51.4177798961771 0.00015391246553,51.4177624463602 0.000103386180865,51.4177365381092 0.000023779191123,51.4176893728463 -0.000043057197128,51.4176462406431 -0.000085057179068,51.417611639908 -0.000118969779982,51.417575199713 -0.000147298418174,51.4175341965284 -0.000172978027074,51.4174889043528 -0.000174517000727,51.4174862327095 -0.000180754041295,51.4174737525194 -0.000185646944413,51.4174621486978 -0.000189000673536,51.4174505186184 -0.00019061057468,51.4174449362541 -0.00019801260408,51.4174246439405 -0.0002230590065,51.4173418851398 -0.000248928404968,51.4172246747305 -0.00026475106044,51.4171194199615 -0.000276051831947,51.4170164280182 -0.000284360874212,51.4169508291692 -0.000291462444307,51.4168894652058 -0.000291652989165,51.4168539389314 -0.00028917231015,51.4168094316495 -0.000281949734309,51.416748887206 -0.000266751491351,51.4166839512221 -0.000270190671243,51.4165740174641 -0.000273502105325,51.4164825900086 -0.000275592660161,51.4164502877579 -0.000279422639226,51.4164326944455 -0.00029009290286,51.4164064955107 -0.000304068078577,51.4163838539239 -0.000322198554227,51.4163616303462 -0.000346130518725,51.4163401658122 -0.000371885739355,51.4163216074341 -0.000397091069304,51.4163060909937 -0.000465763070301,51.4162717076288 -0.000505030654402,51.4162532933633 -0.000607311139978,51.4162056276369 -0.000752982996665,51.4161376132527 -0.00085073051239,51.4160916128374 -0.000836078904338,51.4160728886592 -0.000806765564964,51.4160324769323 -0.00078301736681,51.4159954722283 -0.000751169995622,51.4159429046045 -0.000729043838115,51.4159070597721 -0.00084727237086,51.4158962654998 -0.001024416877899,51.4158798533029 -0.001195970670888,51.4158637816718 -0.00130470866371,51.4158533485074 -0.001426151547672,51.4158423476499 -0.001517807665123,51.4158337139384 -0.001541424902501,51.4158321992455 -0.001612651625007,51.4158275356293 -0.00161868952223,51.415826964081 -0.001665539460502,51.4158238579509 -0.001691254008142,51.4158222054152 -0.001740658207735,51.4158173828652 -0.001896858565645,51.4158019199193 -0.002050671516635,51.4157868513403 -0.00224428372423,51.4157677340861 -0.002305994038361,51.4157618916714 -0.002613306537386,51.4157316040258 -0.002775930431728,51.4157158132089 -0.002940093715365,51.4156998748288 -0.003061578684964,51.4156879143591 -0.003168362947516,51.4156775325347 -0.003294739932387,51.4156652198941 -0.003352536995631,51.4156596682036 -0.003391389486328,51.4156507443038 -0.003380191600528,51.4156231033717 -0.003474292581683,51.4155871477125 -0.003551959733467,51.4155573600832 -0.003547679884978,51.4155084876218 -0.003543901789642,51.4154960489214 -0.003531758736297,51.4154548844332 -0.00352524357833,51.4154381292449 -0.003511327159952,51.4154025120057 -0.003497403165457,51.4153670690991 -0.00348742350567,51.415349819643 -0.003469128435515,51.4153187457253 -0.003463609694264,51.4153110706408 -0.003444014917996,51.4152842453549 -0.003401676362654,51.4152260968002 -0.003372616895135,51.4151862134455 -0.003333139759679,51.4151327323982 -0.003313669994921,51.4151038345311 -0.003308428833437,51.4150942135852 -0.003280499587388,51.4150355972612 -0.003334030542974,51.4150213954182 -0.003546595207531,51.4149653769208 -0.003732072156297,51.4149163861345 -0.003931204447197,51.4148638145549 -0.004099644053467,51.4148192885948 -0.004189242655396,51.4147955491757 -0.00426276959861,51.4147762771789 -0.004268444150621,51.4147811697482 -0.004319374772346,51.4147680140501 -0.004434815048833,51.4147379975201 -0.004581827294785,51.4146998041008 -0.004697823318183,51.4146697976798 -0.004808896844671,51.4146408395831 -0.004907135212487,51.4146154094169 -0.004967045659208,51.4145996975902 -0.004985172453493,51.4146460465773 -0.004990270386011,51.4146594591438 -0.004993937421854,51.4146687429594 -0.004999523772425,51.4146830928129 -0.005010186486702,51.4146940793487 -0.005015394129293,51.4146994909229 -0.005017516867497,51.4147011736642 -0.005017936989202,51.4147014335169 -0.005043433505677,51.4147208192413 -0.005055389164934,51.4147279077336 -0.005088821573533,51.4147473862334 -0.005102433941936,51.4147612125801 -0.005124479056159,51.4148021964565 -0.00513529652949,51.414869473604 -0.00513721274549,51.4148829669123 -0.005149025894857,51.4149096774593 -0.005154024529612,51.4149160917843 -0.005186386845799,51.4149577053586 -0.00521439146867,51.4149941052789 -0.005256551398721,51.4150491403101 -0.005285052276391,51.415086036074 -0.005303641232507,51.4151101568074 -0.005304928645225,51.4151123963834 -0.005318784072164,51.4151379518871 -0.005339060428073,51.4151749774791 -0.005349633391193,51.4151964194916 -0.005369472236724,51.4152375492241 -0.005387812131135,51.4152753530228 -0.00541440330439,51.415330285854 -0.005435506142206,51.4153741961247 -0.005454478502507,51.4154133641141 -0.005473355280917,51.4154527463046 -0.005486298755968,51.4154793672223 -0.00549314855502,51.415502855625 -0.005494193926597,51.4155113816711 -0.005512853101175,51.4156444553296 -0.00552071070714,51.4157114230562 -0.005524634511083,51.4157474167749 -0.005529036496617,51.4157579262241 -0.005538613586575,51.4157756560524 -0.005562639373342,51.4158011606212 -0.005583364075832,51.4158200045781 -0.00560385731634,51.4158344865944 -0.005653132952565,51.4158573828788 -0.005765513349664,51.4159181177527 -0.005832886025328,51.4159544839335 -0.005901107482185,51.4159912431147 -0.005939998732905,51.4160120839965 -0.005965277981151,51.4160336133137 -0.005976391808579,51.4160267158865 -0.006025233122214,51.4159958967495 -0.006027436045509,51.4159969621165 -0.006035134333692,51.4159930354244 -0.006041791803399,51.4159911477229 -0.006073665417764,51.4159843857557 -0.006108784148773,51.4159788651478 -0.006430902940333,51.415978977288 -0.006553367122485,51.4159785831287 -0.006570743009268,51.4158750699796 -0.006601318452737,51.4156881969632 -0.006612829407784,51.4156132707737 -0.006632562271277,51.4154934925311 -0.00664415072837,51.4154016446747 -0.00665472812355,51.4153178283387 -0.006658117250365,51.4152778483387 -0.006654656455212,51.4152096425166 -0.006651903063369,51.4151418372187 -0.006647622548779,51.415050891305 -0.00664502445875,51.4149844088146 -0.006639403997844,51.4149485193969 -0.006627731846366,51.4148721090379 -0.006614715774676,51.4147877503123 -0.006599959921605,51.4147079457186 -0.006591600883092,51.4146634403181 -0.006613042022462,51.4146598012483 -0.006703864190457,51.4146443578907 -0.006807671589176,51.4146267548137 -0.006896485928332,51.4146117097328 -0.006977925002265,51.4145978665576 -0.007038794283968,51.4145875343022 -0.007092237006317,51.414578493052 -0.007169139287894,51.4145653963745 -0.007208728618073,51.4145587338205 -0.007241394820647,51.4145531954938 -0.007283594411331,51.4145460017377 -0.007323862972959,51.4145391960129 -0.007362777759944,51.4145325669064 -0.007399227377744,51.4145264057857 -0.007438996250324,51.4145196805588 -0.007475824414973,51.4145129493997 -0.007502905392672,51.4145079617623 -0.007538196432498,51.4145014895343 -0.007579168752102,51.4144940086224 -0.007577749390603,51.4144917254634 -0.007617060075954,51.4144849195468 -0.007663959418202,51.4144767641491 -0.007665531107351,51.4144764374375 -0.007771270957336,51.4144581631196 -0.007773440945248,51.4144599851033 -0.007849785832612,51.4144471626942 -0.007964390347014,51.4144279561008 -0.008046491051717,51.4144140946654 -0.008123793237561,51.4144011804331 -0.008133277140605,51.4143999341836 -0.008210701765609,51.4143893628455 -0.00827553341654,51.4143805964156 -0.00833101002519,51.4143730559232 -0.00837690728674,51.4143668068166 -0.008391825412618,51.414366264395 -0.008403908327677,51.4143634219632 -0.008434017477731,51.4143535115525 -0.008478623377183,51.414338757401 -0.008528908167487,51.414322187805 -0.008569894761554,51.4143086797109 -0.008601281692075,51.4142982873601 -0.008602833361568,51.4142976599312 -0.008660533168987,51.414272383355 -0.008718340088727,51.4142446076276 -0.008836814791752,51.4141869886425 -0.008883488642133,51.4141641209445 -0.008952796334474,51.4141265375807 -0.009030773756628,51.4140841004418 -0.009075280181423,51.4140580222426 -0.009097113277163,51.4140369448348 -0.009128079650946,51.4140074630364 -0.009138390868395,51.4139966730365 -0.009157276772561,51.4139726606219 -0.00918387732777,51.4139338706881 -0.009223557652174,51.4138763070442 -0.009271818268957,51.4138602657323 -0.009279102592978,51.4138579073802 -0.009389437184674,51.4138250835298 -0.009426688606377,51.4138146799456 -0.009659489213211,51.4137716699059 -0.009752985299781,51.4137457838649 -0.010083110312055,51.4136492445795 -0.010082767784554,51.4136398465175 -0.010169388435934,51.413616661835 -0.010312265020673,51.4135777590345 -0.010535809377375,51.4135576022716 -0.010746613719029,51.413554135647 -0.011157736620046,51.4135465530229 -0.011319680930924,51.4135441349993 -0.011321040329358,51.4135387577932 -0.011767635436894,51.4135357667923 -0.011897228377469,51.4135346769718 -0.012009825656948,51.4135358824492 -0.012203510667548,51.4135375231401 -0.012422749334506,51.4135473460179 -0.01261283353839,51.413554090524 -0.01291066843819,51.4135612530193 -0.013222202049697,51.4135728736171 -0.013386770559313,51.4135791852941 -0.01377786048466,51.4136092941034 -0.014165854166608,51.4136431324686 -0.014239697901466,51.4136495534574 -0.01423963504691,51.4136781832087 -0.014239712557007,51.4137169809545 -0.014239693157666,51.4137436123116 -0.014239759611429,51.4137646452207 -0.014239768712046,51.4137720015979 -0.014239793396826,51.4138125160994 -0.014280253525997,51.4138176089284 -0.014374332816047,51.4138295435455 -0.014362281027334,51.4138876684887 -0.014357831420632,51.4139089450468 -0.014421723016506,51.4139166829616 -0.014452346019959,51.4139203968541 -0.014512183011346,51.4139277180143 -0.014538134177178,51.4139308554445 -0.014518562184031,51.4140069827837 -0.014461533368354,51.4142305362792 -0.014420735594306,51.4143900436052 -0.014363688093346,51.4146135724687 -0.014316987553207,51.4147962759845 -0.014283548922753,51.4149265486931 -0.014281816191028,51.4149337118924 -0.014281051921511,51.4149372439617 -0.014142922531427,51.4149377350763 -0.014140932038476,51.4150922737481 -0.014274679749732,51.4151605807997 -0.014314596442728,51.4151601562052 -0.014326926649616,51.4150950196951 -0.014327960625139,51.4150890802887 -0.014461946236128,51.4150806796175 -0.014670137687702,51.4150679752104 -0.014881711302209,51.4150548771634 -0.015074728832619,51.4150429672624 -0.01522842600097,51.4150344489341 -0.015354881247426,51.4150278730183 -0.01557208856731,51.4150178745484 -0.015809721086735,51.4150079210317 -0.015972919419903,51.4150019672574 -0.016224370881038,51.4149948016725 -0.016430991024719,51.4149906333284 -0.016522610568164,51.4149893282998 -0.016653583700703,51.4149894399281 -0.016763870599534,51.4149899532548 -0.016812634011689,51.4149908357684 -0.016832553719538,51.4149908328233 -0.016954796170954,51.4149930329552 -0.017052453309762,51.4149966390592 -0.017247513265385,51.4150041461842 -0.017427222792866,51.4150165031522 -0.017546595935918,51.4150236308186 -0.017657740057315,51.4150321228246 -0.017823969149857,51.4150450021298 -0.017966721637184,51.4150561326337 -0.017880739691656,51.4154050554737 -0.017835825316316,51.415588844182 -0.017798010940909,51.4157441347717 -0.01797563251887,51.4157614474768 -0.018417651813678,51.4158046355131 -0.01875366219507,51.4158373641363 -0.018962611319787,51.4158572750845 -0.019207492609329,51.4158798961001 -0.019402964145983,51.4158979643564 -0.019510132576313,51.4159078384449 -0.019628556125778,51.4159188449822 -0.019677685796825,51.4159234958197 -0.019747585931889,51.4159300343017 -0.01981403571293,51.4159362779601 -0.019882367405988,51.4159426369946 -0.019925743513645,51.4159468434405 -0.020059814727878,51.415959377279 -0.020137745479467,51.4159667202002 -0.02018437485611,51.4159709913729 -0.020218848421562,51.4159744062007 -0.020218761457196,51.4159725575887 -0.020234985817372,51.4159775096334 -0.020288427557288,51.4159937385468 -0.020354978293432,51.4160141285483 -0.020384998787833,51.4160233153353 -0.020412694123241,51.4160316615918 -0.020441281861269,51.4160375606489 -0.020460690122576,51.4160394890396 -0.020485077651473,51.4160332531901 -0.020507669048172,51.4160229851693 -0.020526991568376,51.4160115828117 -0.020582746353459,51.4159782601395 -0.020577690519886,51.4159729148393 -0.020612155229887,51.4159539604396 -0.020633990097057,51.4159492192561 -0.020690173755154,51.415945620841 -0.020727540104074,51.4159499206899 -0.020758853015894,51.4159585203766 -0.020999516760439,51.4160242207096 -0.021030704164105,51.4160629048778 -0.021028489298486,51.4161549575734 -0.021047251591396,51.4161688490209 -0.021292752031498,51.4162720543481 -0.02142890817405,51.4163392914696 -0.021467208144046,51.4163083852128 -0.021552387298205,51.4163604534078 -0.02169697608256,51.4164498471263 -0.021814181536298,51.4165211678878 -0.021978819069274,51.416621905892 -0.021999184104728,51.4166394933237 -0.022019642670574,51.416654880866 -0.022173741651415,51.4167414991138 -0.022016364856123,51.4169182151813 -0.02190111580241,51.417049127723 -0.021697575811216,51.4172786720504 -0.021768746299026,51.4173018864516 -0.021933669516564,51.417355299547 -0.022110617707714,51.4174128199542 -0.022120341226691,51.4174157924458 -0.022558358081886,51.4175643259775 -0.022288697343805,51.4176808529916 -0.022134274011723,51.4177648345822 -0.021979687723232,51.4178517790754 -0.021897658285653,51.4178980333335 -0.021812772174441,51.4179603204227 -0.021723888691085,51.418026146159 -0.021656618318031,51.4180756555692 -0.021616422243166,51.418104882341 -0.021583956947065,51.4181351019519 -0.021554624698328,51.4181668069825 -0.021528356296033,51.4181962696154 -0.021459984864952,51.4182713082279 -0.021396356430742,51.4183422181612 -0.021384608844277,51.4183693709016 -0.021369389568701,51.4184045802408 -0.021332226563127,51.4184860060468 -0.02129586095468,51.4185667150738 -0.021286568433982,51.4185897014602 -0.021275506810136,51.4186139880407 -0.021260760913572,51.4186493555344 -0.02124085071715,51.418715293528 -0.021234529051853,51.4187503517337 -0.02123500453601,51.4187727520448 -0.021231520382472,51.4188033499992 -0.021226123512123,51.4188726876062 -0.021227425013469,51.4189260589676 -0.021228099409439,51.4190474904981 -0.021227303157846,51.4190791922725 -0.021224191360347,51.4191623949995 -0.021221546400271,51.4192347844638 -0.021218524710103,51.419288082868 -0.021213504122567,51.4193653927175 -0.021207415357358,51.4193783638254 -0.021179707973486,51.4194356036004 -0.021171697568261,51.4194485431771 -0.021147773147834,51.419490517511 -0.021107637822604,51.4195529774414 -0.021068385900606,51.4196146617919 -0.021025587198475,51.4196781747767 -0.021013404323988,51.4196962085386 -0.021008018306678,51.4197041941497 -0.021005221411628,51.4197078448211 -0.021004982537591,51.4197082472681 -0.020980928878143,51.4197396176737 -0.020971009553397,51.4197526617111 -0.020964335753707,51.4197615248745 -0.02092408198911,51.4197976048112 -0.02084902231792,51.4198651065517 -0.020800034879543,51.4199094833554 -0.020759126580866,51.4199461592076 -0.02082894897844,51.4199833227501 -0.020903863736793,51.4200238015433 -0.021005091371103,51.4200785590249 -0.021164153111781,51.4201637701907 -0.021196108204385,51.4201810523985 -0.021194014989033,51.4201828291411 -0.021340466740809,51.4202614351237 -0.021476757954115,51.4203318307445 -0.021580013336936,51.4203845265939 -0.0216492515169,51.4204422851785 -0.021505613309176,51.4205422978574 -0.021047314004418,51.4208485526006 -0.020928791248212,51.4209271024513 -0.020997981128362,51.4209758200551 -0.021081214230593,51.4210264544848 -0.021184724330131,51.4210896658542 -0.021282481315619,51.4211524787884 -0.021312629978352,51.4211723734852 -0.021412497089758,51.4212364251633 -0.021517390099754,51.4213065723969 -0.021616260243358,51.4213715081636 -0.021720289571087,51.4214393861246 -0.021816361316616,51.4215023212541 -0.021988958935887,51.4216132832054 -0.022091179271209,51.4216785763375 -0.022174923665406,51.4217319848107 -0.022242504341775,51.4217756537969 -0.022290551544903,51.4217316814092 -0.022366594446134,51.4216627834605 -0.022407138963625,51.4216422773161 -0.022499958752174,51.4215968054002 -0.022545124864324,51.4215750255168 -0.022574504057151,51.4215570360849 -0.022589177576208,51.4215732485923 -0.022680584413646,51.4216776964182 -0.022771079716498,51.4217808113426 -0.022836604904918,51.4218554024186 -0.022917926505964,51.4219482941155 -0.023006389261143,51.4220483691599 -0.023062607532624,51.4221381315572 -0.023101392947599,51.4221807138477 -0.023157356765076,51.4222429716784 -0.023190381601889,51.4222741851478 -0.023278338497424,51.4223581712808 -0.023363738087992,51.4224401609846 -0.023430899280719,51.4225047108634 -0.023515993818847,51.4225770774257 -0.023591873671574,51.4226401212733 -0.02368240822999,51.4227145326542 -0.023700326116082,51.4227282088485 -0.023768461012193,51.422770233387 -0.02386804378427,51.4228243589948 -0.023885263403308,51.4228357508922 -0.023938399864188,51.4228706861873 -0.024022169873634,51.4229258347685 -0.024129813930964,51.4229935736176 -0.024202475761835,51.4230391787029 -0.0242557002218,51.4230720838428 -0.024308673074189,51.4230993830549 -0.024340118699738,51.423116779005 -0.024383887353708,51.423138005794 -0.024441332451119,51.4231645682359 -0.024528579993962,51.4231967982317 -0.024723997261135,51.4232603505585 -0.024847348863447,51.4233002272046 -0.02493107390877,51.4233278939324 -0.025019348290109,51.423349963615 -0.025131202847236,51.4233782001871 -0.025211823565685,51.4233993710347 -0.02535765628703,51.4234387588227 -0.025473374608305,51.4234701383917 -0.025490149678158,51.4234807123062 -0.025507713023359,51.4234908183724 -0.025519950764076,51.4235031423353 -0.025586431076342,51.4235668746249 -0.025624988507316,51.423603879334 -0.025647008288546,51.4236248320807 -0.025657980784649,51.4236272290718 -0.025739021029672,51.4236672574854 -0.025756715815612,51.423667170502 -0.025768070860176,51.4237435906948 -0.025769429176322,51.4237527952905 -0.025963446206879,51.4236116009179 -0.025989270135244,51.4236242866387 -0.026420987266376,51.4238189802315 -0.026747764888789,51.4239667756382 -0.026927908046401,51.4240484684536 -0.027114097639405,51.4241293238605 -0.027228122071226,51.4241852489131 -0.027324636997662,51.4242378271169 -0.027528646730527,51.4243497417657 -0.027662910738482,51.4244240870094 -0.027761985006262,51.4244783508931 -0.027776297335761,51.4244774180393 -0.027797479570446,51.4244913931051 -0.027774607831731,51.4244992270209 -0.027793822346809,51.4245676451273 -0.027823849107202,51.4246815646632 -0.0278547985602,51.424686781256 -0.02788591112978,51.4246969313766 -0.027910644472775,51.4247069751053 -0.027991759221142,51.4247421524372 -0.028318984877127,51.4248862881373 -0.028387621737472,51.4249155467111 -0.029443747894894,51.4253793078198 -0.029618745232944,51.4254551599291 -0.029767340809114,51.4255133962949 -0.030080942856154,51.4256454275655 -0.030216087886108,51.4256827601056 -0.030273297778978,51.425690014308 -0.03039913842868,51.4257065130325 -0.030573740930219,51.4256950605743 -0.030995688842398,51.4256491036715 -0.031971548791549,51.4255360249256 -0.031916687673774,51.4252724979734 -0.031794129587228,51.4247101653235 -0.032074768322419,51.4247038087174 -0.032655732699523,51.4246869597172 -0.032825658331784,51.4246818463601 -0.032873725194708,51.4246820510781 -0.033133944692385,51.4246846129523 -0.033189499647387,51.4246559393317 -0.033216110553267,51.424657588007 -0.033215172994083,51.4246458509744 -0.033224699528252,51.424623402679 -0.033349302448899,51.4246346786958 -0.033578634290327,51.4246554024471 -0.033567370566944,51.4247078110632 -0.033715905549534,51.424720419671 -0.034213110223452,51.4247543377619 -0.03421233943986,51.4247723051846 -0.034210432876485,51.4248280146274 -0.034196660580149,51.4249313366452 -0.034191622340223,51.4249918776149 -0.034192529781032,51.4250445928409 -0.034194099653834,51.425081866724 -0.034195415049393,51.4251102855588 -0.034236678719364,51.425103845046 -0.03431302454072,51.4250921814096 -0.034443235919571,51.4250725086843 -0.034640818109637,51.42504231741 -0.034708963330757,51.4250315538501 -0.034822489236682,51.4250145426302 -0.034857278433726,51.4250092047359 -0.034884924198892,51.4250050088214 -0.035066530426075,51.4250039258084 -0.03532572861113,51.4250024926139 -0.035681016158642,51.4250003996864 -0.035964321888628,51.4249987504447 -0.036162742689637,51.4249981547354 -0.036359885775208,51.4249970975293 -0.036474764171369,51.424996571784 -0.036870695681101,51.4249930851592 -0.036892145723704,51.4249930541836 -0.03729477430377,51.4249884318958 -0.037299908820001,51.4249841842216 -0.037470111178207,51.4249815462418 -0.037731722179066,51.4247162036769 -0.038059542557656,51.4243835673203 -0.038284547353113,51.424133716847 -0.03829900261882,51.4241183480811 -0.038453414711756,51.4239567722212 -0.038550035782666,51.4239795622188 -0.038552230165351,51.4239800476903 -0.038586971613498,51.4239883297461 -0.038613013277831,51.4239945003472 -0.038614129730213,51.4239926799892 -0.038696267938903,51.42401095676 -0.038847347126906,51.4240449205611 -0.038987552304331,51.4240763244968 -0.039143647901668,51.4241115607173 -0.039305816206722,51.4241480871891 -0.03942697921203,51.4241752097569 -0.039567572483981,51.4242074117696 -0.039596326367034,51.4242118550282 -0.039740414057508,51.4242354092841 -0.039754604933196,51.4242373741818 -0.039893527327899,51.4242587105405 -0.03989913031109,51.4242598465272 -0.039899722268154,51.4242558941656 -0.039962118123974,51.4242640699936 -0.040014066429213,51.424269562047 -0.040107558066089,51.4242778423804 -0.040121320189225,51.4242796085152 -0.040201691387048,51.4242866918279 -0.040297686578063,51.4242959329486 -0.040389411687095,51.424304689817 -0.040419358338627,51.4243068416492 -0.040455626407397,51.4243078608524 -0.040502181851579,51.4243076077956 -0.040635959276943,51.4243054352981 -0.040642887449501,51.4243055196554 -0.040772455697025,51.4243018071919 -0.040821131518065,51.4242982872709 -0.040860980582794,51.4242927618428 -0.040917187130926,51.4242829702388 -0.040959867772809,51.4242729516061 -0.040997611106308,51.4242626444887 -0.041061428802206,51.4242367236125 -0.041114341115329,51.4242115574763 -0.041131534689906,51.4242031766276 -0.041159582768701,51.4241879609598 -0.041216908720081,51.4241519772701 -0.041264224018115,51.4241178919018 -0.041371887041759,51.4240419676239 -0.041448096137006,51.4239889557336 -0.041464292707603,51.4239779169632 -0.04150492884152,51.4239493566098 -0.041530287846875,51.4239329385276 -0.041539272056994,51.4239268161308 -0.041633201366736,51.4238658088049 -0.041640581090987,51.4238607108561 -0.041665061102585,51.4238457070243 -0.041687347367777,51.4238333994666 -0.041645377923005,51.4237674502935 -0.041571921461353,51.4236522362081 -0.041701552083219,51.423609758124 -0.041844824618285,51.4235628288355 -0.041933463959726,51.4235337969914 -0.041953618957126,51.4235200598747 -0.042001754553986,51.4235010518784 -0.042196252594941,51.4234385246007 -0.042377509153205,51.423379342387 -0.042506715656529,51.4233368572115 -0.04270495931532,51.4232706928647 -0.042853722941203,51.4232206993251 -0.042871168731334,51.4232527733213 -0.042914179235137,51.423327787198 -0.042926813877348,51.4233488427966 -0.042957840803386,51.4234030187678 -0.043065720029182,51.4233658144634 -0.043218508993352,51.4233126358488 -0.043223075073039,51.4233108361719 -0.043291231410272,51.4232872356166 -0.043375625400521,51.4232589258576 -0.043564769584267,51.4231970748866 -0.043620983074003,51.4231870752463 -0.043810561875722,51.4231537107002 -0.043752955399255,51.4230417184583 -0.043706601587225,51.422952201996 -0.04367580441683,51.4228926639943 -0.043729742893649,51.4228818007744 -0.043941166320346,51.422839307749 -0.044077364628064,51.4228114493311 -0.044220862533577,51.4227826810864 -0.044562464440108,51.4227140856597 -0.044744551077009,51.4226783247623 -0.044899708781325,51.422647067627 -0.044955974116174,51.4226358298807 -0.045312224549478,51.4225643461855 -0.045394468983229,51.4225475909295 -0.045747059488189,51.4224766986411 -0.046032740384018,51.4224189290833 -0.046251156567056,51.4223748973402 -0.046245590688675,51.4224899630272 -0.046239465878585,51.4226222200972 -0.046157662089307,51.4226204804205 -0.046012858639575,51.4226176696351 -0.046005293710918,51.422686093616 -0.045997998718826,51.4227490634115 -0.045992478630708,51.422795336022 -0.046125893018878,51.4227967087468 -0.046419529012095,51.4228001596001 -0.046752115109195,51.4228036392791 -0.046940372346795,51.4228059835607 -0.047068617076985,51.4228075289543 -0.04712603450082,51.4228085702709 -0.047207343765905,51.4228107506789 -0.047207420238098,51.4228502712205 -0.047268557142164,51.4228512503423 -0.04741402666258,51.4228529294811 -0.047521074827789,51.4228537830909 -0.047571079168967,51.4228542780215 -0.047634635722475,51.4228540688335 -0.0478289307093,51.422851941184 -0.047880730048244,51.4228513579578 -0.04804955398952,51.4228482553039 -0.048064840821186,51.4228479577494 -0.048075556837567,51.422847753131 -0.048080222403655,51.4228476644688 -0.0480859547762,51.4228475531063 -0.048091847001936,51.4228474372115 -0.04810090453795,51.4228472670195 -0.048117129944303,51.4228469518165 -0.048127546338701,51.4228467574911 -0.048452385387557,51.4228445367171 -0.048516853184894,51.4228383646469 -0.048648235644529,51.4228248327115 -0.048895431326662,51.422801315889 -0.048996782693743,51.4227936046969 -0.049104407426041,51.422784493335 -0.049181769095384,51.4227776353455 -0.049245259887946,51.4227717370801 -0.049267046035299,51.4227698335052 -0.049268554709634,51.4227696688671 -0.049333720096104,51.4227635259426 -0.049356087317574,51.4227616904766 -0.049392085997946,51.4227588759422 -0.049432493662103,51.4227556473637 -0.049468327365582,51.4227528561394 -0.049497737596122,51.422750496672 -0.049522079746168,51.4227485924234 -0.04952485271465,51.4227483948662 -0.049544609649137,51.4227468207805 -0.049633735494349,51.4227443264866 -0.049749200035983,51.4227411759942 -0.049785522909619,51.4227359476441 -0.049867530879919,51.4227247168318 -0.04994137675694,51.4227146181487 -0.05001672320854,51.4227042062534 -0.050069082647766,51.4226970467771 -0.050077662971577,51.4226955834068 -0.050155316356578,51.4226818284753 -0.050274920408642,51.4226608261857 -0.050374986119265,51.4226433252201 -0.050457758143736,51.4226158853117 -0.050521387386157,51.4225977969812 -0.050602861890339,51.4225769829361 -0.050676787937891,51.4225630964107 -0.050711826761155,51.4225604561526 -0.051227699865288,51.4225384685347 -0.051747956107658,51.4225165527094 -0.051740662460641,51.4226240989073 -0.051751150205226,51.4229205597175 -0.051759815095417,51.4230768979063 -0.051801717588763,51.4235698589066 -0.052415074620554,51.4236062578199 -0.053487111353649,51.4236588417501 -0.054582247356439,51.4237181889244 -0.054737548136962,51.4237257958345 -0.054775548321922,51.4236530358147 -0.054924497997671,51.4233603118374 -0.054927780751028,51.4233535263468 -0.055014020718535,51.4231836147768 -0.055061942139666,51.4230898393137 -0.055107119254341,51.4230010381033 -0.055136625035296,51.4229427054271 -0.055189873893774,51.4229541929969 -0.055292561017824,51.422975211799 -0.055403419206459,51.4229973940394 -0.055487760136128,51.4230143751684 -0.055551512145693,51.4230271187637 -0.055627701394353,51.4230424500791 -0.055702734340845,51.4230575076541 -0.055771115893728,51.4230712515387 -0.055793636644847,51.4230277552603 -0.055817819692473,51.4229806075716 -0.055897039815399,51.4229799654692 -0.056256336070376,51.4229776821575 -0.056326550526628,51.4229773103036 -0.05635890092877,51.4229771114439 -0.056385514010133,51.4229769037155 -0.0564765365127,51.4229762160322 -0.056589881256944,51.422975222339 -0.056682931884182,51.4229745681418 -0.056741765338356,51.4229741070585 -0.056750672025031,51.4229745084076 -0.056755133741494,51.4229649465319 -0.056788857149436,51.4229699862099 -0.056847165077493,51.4229787295789 -0.056915010116606,51.4229889845437 -0.056966741952639,51.4229966052746 -0.056983402801333,51.4229990794861 -0.057006372117834,51.4230058004583 -0.057039022839116,51.4230074409428 -0.057056175991507,51.4230117722489 -0.057159701522102,51.4230273554195 -0.057346271760558,51.4230549569916 -0.057558368461252,51.4230887855546 -0.057884170980929,51.4231401303534 -0.058099222909268,51.4231723972 -0.058095997586883,51.4231813348309 -0.05805482067554,51.4232714543994 -0.058104308564189,51.4232902551652 -0.058404551781838,51.4234032060032 -0.059249289422047,51.4236977912847 -0.059578146242037,51.4238129208833 -0.059665163363734,51.4238420810305 -0.060131238814818,51.4240106333994 -0.060265013427865,51.4240594731342 -0.060697711360241,51.4242235505424 -0.060882424861983,51.4242918571172 -0.060947971659895,51.4243155277566 -0.061033690142194,51.424346797598 -0.061146873836784,51.4243880310382 -0.061189204075254,51.4244026409414 -0.061241769595612,51.4244201198907 -0.061273093175141,51.4244303757987 -0.061280882959009,51.4244323986212 -0.06132740609173,51.4244454492526 -0.061357492584354,51.4244542790758 -0.061400259965905,51.4244690652028 -0.061405422387394,51.424470869176 -0.061416301443527,51.4244775951359 -0.061437398704029,51.4244902798143 -0.061452597518716,51.4245094119065 -0.061463045882671,51.4245283583699 -0.061467632090203,51.4245467743671 -0.061468385328026,51.4245678319974 -0.061475981309207,51.4245866764011 -0.061483467882907,51.424599946998 -0.061490772845396,51.4246134304184 -0.061497263039685,51.4246195504652 -0.061500942627158,51.4246234585137 -0.061517218021251,51.4246378511723 -0.061533649018471,51.4246539721393 -0.061536718721907,51.4246614501648 -0.061539395992078,51.4246679360754 -0.061539600825789,51.4246730905933 -0.061538442918398,51.4246804680861 -0.061527301230033,51.4246933108208 -0.061448580685511,51.4247749307093 -0.06142632847029,51.4247982452505 -0.061472188790218,51.4248137462083 -0.061511709395496,51.4248271862861 -0.06154060507597,51.4248370377324 -0.061573787809363,51.4248483054471 -0.061574743065227,51.4248486423001 -0.061595116997075,51.4248555127661 -0.061605524050738,51.4248591859044 -0.061643264723648,51.4248726756224 -0.061676156623222,51.4248846309482 -0.061738625314714,51.424906966922 -0.061776846934115,51.4249207864997 -0.06181068112304,51.4249328428105 -0.061860104826591,51.4249503135614 -0.061928726325985,51.4249742719277 -0.061936047100005,51.4249770135722 -0.062029863964196,51.4250158447839 -0.062151524358045,51.4250645188017 -0.062188221262937,51.4250760306261 -0.062262389484874,51.4251031246424 -0.062331244463312,51.4251279328639 -0.062374529537729,51.4251435266617 -0.062404609281582,51.4251548444341 -0.06250461042933,51.4251753484203 -0.062576991310917,51.4251903244313 -0.06258962182253,51.4251698226957 -0.062691004257403,51.4251896740008 -0.06272721008867,51.4251967818094 -0.06276968409784,51.4252005013246 -0.062860722893937,51.4252082037985 -0.063019328747735,51.425220970413 -0.063104225612529,51.4252277842634 -0.063235480853623,51.4252382386329 -0.063378864805442,51.4252496541636 -0.06344893643823,51.4252552928103 -0.063441870926788,51.4252976952906 -0.063491989715989,51.4252987774058 -0.063608564671399,51.4253014652266 -0.063733908163262,51.4253046359973 -0.063874129154795,51.4253077143909 -0.063961672644921,51.4253094993713 -0.064108375866436,51.425312769148 -0.064224278878037,51.4253153607182 -0.064344509316747,51.4253179391451 -0.06440853839062,51.4253194197806 -0.064419066392748,51.4253006583071 -0.064450419322473,51.425243441097 -0.064471921991127,51.4252049111232 -0.064496979344275,51.4251590863913 -0.064524793076732,51.4251088260381 -0.064552784648144,51.4250575551177 -0.064606026915692,51.4250711147367 -0.064683066866605,51.4250908714982 -0.064684722169562,51.42509132241 -0.064802125388027,51.4251213539163 -0.064857757144292,51.4251359672917 -0.064858933001954,51.4251689546471 -0.064920811912068,51.4251764858715 -0.064992107852078,51.4251851870121 -0.065064140472004,51.4252052268208 -0.065151798084507,51.4252299212819 -0.065187516941671,51.4252389645479 -0.065217925197221,51.4252457222308 -0.065245482102136,51.425249558686 -0.065300464373139,51.4252571448714 -0.065325208740767,51.4252603431256 -0.0653756668569,51.4252661638953 -0.065436181958438,51.4252740104562 -0.065501030185499,51.4252816749423 -0.065523210866404,51.4252847462855 -0.065576166426673,51.4252922988731 -0.065612310449898,51.4252977141044 -0.065653792366458,51.4253047696384 -0.065698847000665,51.4253130954924 -0.06580880171918,51.4253308931717 -0.065880910762895,51.425244249306 -0.065954580792766,51.4251556500338 -0.066022216826935,51.4250748756318 -0.06617137336641,51.4251349257558 -0.066178151992152,51.4251294908434 -0.0663602043151,51.4251960271605 -0.066500651834311,51.4252472154016 -0.066624437999858,51.4252927129768 -0.066746978838026,51.425337661986 -0.066882471563445,51.4253861267852 -0.067012376083578,51.4254338436355 -0.067060715685066,51.4254514633604 -0.067130672578242,51.4254807069352 -0.067218670113274,51.425515385758 -0.067459953204438,51.4256099663521 -0.067678772194902,51.4256955912831 -0.067735637371967,51.4257178991035 -0.0677929330065,51.4257402679534 -0.067860783449081,51.4257668145025 -0.067932980253984,51.4257949480004 -0.067977650580617,51.4258123386942 -0.067983491855708,51.4258146319979 -0.067974166090835,51.4258249036664 -0.067947329810749,51.42585485798 -0.067927871690486,51.4258770966592 -0.067904869374004,51.4259033893354 -0.067885694172359,51.4259250922003 -0.067929620784551,51.4259300361571 -0.067986642289,51.4259363327678 -0.068053486959731,51.4259436564707 -0.068116935096764,51.4259514654949 -0.068177454198595,51.4259590094536 -0.06821102283813,51.4259632959768 -0.06825027088506,51.4259683254327 -0.06827935904465,51.4259721594572 -0.068332727500352,51.42597482459 -0.068396976827944,51.4259779946583 -0.068493658866041,51.4259837003777 -0.068586715300777,51.4259891834685 -0.068628839032658,51.4259917179249 -0.068657930743254,51.4259933873222 -0.068669881282325,51.4259890941922 -0.068677637459698,51.4259837040209 -0.06868238231115,51.4259778847017 -0.068686097527123,51.425971887434 -0.068692558330714,51.4259643652708 -0.068710034710931,51.4259480444019 -0.06872991688627,51.4259259744609 -0.06875444583567,51.4259004109408 -0.06876325509199,51.4258905470687 -0.068780747718323,51.4258717920778 -0.068790043954177,51.4258626943337 -0.068798333434921,51.4258528758474 -0.068809728867857,51.42583915978 -0.068812168479849,51.4258346558841 -0.06881769621164,51.425824629995 -0.068819453349563,51.4258197659234 -0.068822554146524,51.4258103259308 -0.068826467491334,51.4257976483986 -0.068832166043883,51.4257780757601 -0.068836359887689,51.4257626681095 -0.068838401505058,51.4257549453866 -0.068837511456252,51.4257458595715 -0.068836710916001,51.4257385747121 -0.06883560624298,51.4257299395004 -0.068834876723895,51.4257242799303 -0.068835683153225,51.4257195836407 -0.068836589358046,51.4257138512149 -0.068838399181074,51.4257090338752 -0.068841314604332,51.4257016025387 -0.068842506037486,51.4256996140644 -0.068848624466245,51.4256902480984 -0.068884705887776,51.4256494206896 -0.068901879292962,51.4256300111299 -0.068960534520694,51.4256529971627 -0.069004219756413,51.4256694989238 -0.069047340347261,51.4256856442352 -0.069098056025183,51.42570400827 -0.069173413389906,51.4257310564104 -0.069221538087529,51.4257482014138 -0.069250063455497,51.4257582885799 -0.06928092508729,51.4257692928511 -0.069332476689499,51.4257883738065 -0.069411298531943,51.425817426755 -0.069484602491196,51.4258439543375 -0.069545614692654,51.4258664915035 -0.06959818467691,51.4258860225819 -0.069630253719986,51.4258971545724 -0.069706254753972,51.4259233478585 -0.069777936853955,51.4259473053388 -0.069813865297245,51.4259592589733 -0.069856954844559,51.4259737640679 -0.069891257714685,51.4259853113941 -0.069935878991471,51.4260004379265 -0.069987497986746,51.4260178973834 -0.070055665178777,51.4260410935381 -0.070117010376876,51.4260618508004 -0.07012632799915,51.4260646014533 -0.070199595778537,51.4260858257752 -0.070278995150236,51.4261094226648 -0.070328629489053,51.426120627987 -0.070391245625926,51.4261348493152 -0.070428221319916,51.4261435304073 -0.070487206136649,51.4261566747723 -0.070549273566322,51.4261705722264 -0.070609450567264,51.4261841696239 -0.070675694792532,51.4261954855951 -0.070685654932979,51.4261973268115 -0.070740600022177,51.4262077534081 -0.070758747530935,51.4262110738959 -0.070794713040732,51.4262172732806 -0.070822478670716,51.4262220516302 -0.070850156589527,51.4262263851786 -0.07088573817501,51.4262319666954 -0.070905775274914,51.4262350619802 -0.070920242306298,51.4262372759591 -0.070930743036931,51.4262389192201 -0.070938479878782,51.4262400978967 -0.070945095980118,51.4262411439073 -0.070949822223639,51.4262412945785 -0.070955272880894,51.4262414931504 -0.070965449403443,51.4262418513793 -0.070978889231656,51.4262423262948 -0.070990096049322,51.4262427104804 -0.071001518753639,51.4262431260979 -0.071007608409279,51.4262433172038 -0.071009368224018,51.4262434406079 -0.071009668430289,51.4262434509471 -0.071090472022041,51.4262479937632 -0.071158668646617,51.4262500465447 -0.071276181654294,51.4262562080674 -0.071393315644779,51.4262649837642 -0.07144490992784,51.4262695526428 -0.071528853450636,51.4262765983149 -0.071609339251029,51.4262822344741 -0.07167731337883,51.4262863966231 -0.071757173378266,51.4262908389133 -0.071834629617842,51.4262945653174 -0.071896587232362,51.4262971067092 -0.071942074026388,51.4262990388452 -0.072035567286661,51.4263008312009 -0.072048418226373,51.4263007045687 -0.072118095633639,51.4262997379636 -0.072173434305365,51.4262988734801 -0.072251933829624,51.4262971221135 -0.072277947171579,51.4262958595261 -0.07235910641994,51.4262925016583 -0.07238930649262,51.4262908448055 -0.072534900190325,51.4262806315168 -0.072536508654671,51.4262805230886 -0.072679704476063,51.4262694176384 -0.072770082529097,51.4262616904259 -0.072870815208461,51.4262521046885 -0.072958839937103,51.4262433493967 -0.073011069732086,51.4262380106659 -0.073043228259866,51.4262345234303 -0.07305430045394,51.4262333206543 -0.073090292953699,51.4262295493461 -0.073119678497948,51.4262261549672 -0.073160085987099,51.4262214526507 -0.073207395272194,51.426215895306 -0.073248936599887,51.4262118689895 -0.073308105258881,51.4262061946093 -0.073332405842744,51.4262038586422 -0.073355893752739,51.4262024103932 -0.073404646404043,51.4261994378863 -0.073456177839584,51.4261962340776 -0.073499554969117,51.4261946623504 -0.073550249047803,51.4261928988819 -0.073605286143915,51.4261932499986 -0.073652821751238,51.4261935289928 -0.073660656319856,51.4261935822859 -0.073707627999826,51.4261950597314 -0.073741941976826,51.426196174344 -0.073805806662271,51.426201631008 -0.073828193611218,51.4262035135184 -0.073839700326197,51.426204873596 -0.073884356624321,51.4262101699558 -0.07389309031244,51.4262111795738 -0.073902660962047,51.4262123315512 -0.073904338813707,51.4262125228094 -0.073907451733838,51.4262128977369 -0.073907438422112,51.426212974857 -0.073907419468694,51.4262136993734 -0.073907145576264,51.4262171688286 -0.073907138528028,51.4262184313163 -0.073907214125635,51.4262217653292 -0.073907179693113,51.4262230975113 -0.073907530237828,51.4262251266783 -0.073907981115657,51.4262522090254 -0.073909811068849,51.4262740325153 -0.07391374569589,51.4262960228059 -0.073920118830023,51.4263202987181 -0.073929099539037,51.4263499898637 -0.073954892492807,51.4264345101795 -0.073960109638808,51.4264517256396 -0.073992164706852,51.4265215951486 -0.07401923815726,51.4266078937143 -0.074040806946497,51.4266837824151 -0.074043558322029,51.4266968295889 -0.074058068093008,51.426744328543 -0.074091202077753,51.4268513645407 -0.074122025246242,51.4269426780161 -0.074160892741316,51.4270730315215 -0.074185737933497,51.4271530487379 -0.074205662831745,51.4271967076944 -0.074217385945985,51.427224612943 -0.074250942591679,51.4273082994714 -0.074273115447104,51.4273751727755 -0.074296263436241,51.4274188846994 -0.074312055499839,51.4274458487216 -0.074321305272049,51.4274707582328 -0.074464953630633,51.4276278136069 -0.074521431508685,51.4277165180503 -0.074563087827216,51.4277628677939 -0.074611352322115,51.4278226113477 -0.074666908726842,51.4278814675232 -0.074699827674236,51.4279228210434 -0.074742604057025,51.4279789473269 -0.07476715120234,51.428027720871 -0.074822158784861,51.4281188146945 -0.074866547899921,51.4281941142198 -0.074914244310558,51.4282865986537 -0.074955029839525,51.4283709091633 -0.074971374730626,51.4284230739888 -0.074991810116509,51.4284546493383 -0.07500137001109,51.4284764712297 -0.07501881862667,51.428540747837 -0.075035038117983,51.4285959340046 -0.075057661472507,51.4287096729539 -0.075078038117585,51.428800196679 -0.075084972389831,51.4288461618216 -0.075085673696991,51.4288869849227 -0.075080827416019,51.4289831410043 -0.075062859507151,51.429065477909 -0.075046883910708,51.4291387782093 -0.075037644304324,51.429166841602 -0.075018680780856,51.429253696357 -0.074996729282569,51.4293541064647 -0.074963908616465,51.4295213503376 -0.074912883162231,51.4297381759405 -0.074864203390962,51.4298416728899 -0.074749691462282,51.42999648951 -0.074669808151576,51.4300944357227 -0.074543170967261,51.4302500600538 -0.074456612050004,51.4303534378162 -0.074387240678607,51.4304314026366 -0.074336668660553,51.4304839801427 -0.074166131883619,51.430648455349 -0.074131582650725,51.4306841647069 -0.074073423458682,51.4307638244737 -0.074008333084582,51.4308358135226 -0.073880418802513,51.430983353991 -0.073733639946932,51.4311577930255 -0.073678658834918,51.4312385129532 -0.073612421847029,51.4313185441544 -0.073535290759082,51.4314084727018 -0.073431346077503,51.4315226493175 -0.073298149578095,51.4316615374289 -0.073141847636076,51.4318131452874 -0.072918648612181,51.4320412458621 -0.072886769708127,51.4320709528501 -0.072865530773968,51.4320968033525 -0.072829093827607,51.4321390316888 -0.07281290008569,51.4321599273612 -0.072774046371505,51.4322212617944 -0.072729470710633,51.432284517384 -0.072708888336104,51.4323139065716 -0.072668572504919,51.4323525431273 -0.072631243942457,51.4323776252662 -0.072587344549596,51.4324056226925 -0.07253570908088,51.4324259351861 -0.072489964982131,51.4324402977721 -0.07244182674212,51.4324541173435 -0.07237836177393,51.4324681891946 -0.072316572018924,51.432480775973 -0.072226356273281,51.4324984381529 -0.072170353353406,51.4325075930712 -0.072080434218763,51.4325182059932 -0.072006752821843,51.4325260626815 -0.071899282415606,51.4325323550847 -0.071768558554198,51.4325357466218 -0.071712873464035,51.4325373489242 -0.071618756696381,51.4325327762386 -0.071511943405756,51.432523460244 -0.071372296159311,51.4325090684713 -0.071289689795655,51.4324991436028 -0.071173444448835,51.4324841287854 -0.071085220852209,51.4324736067811 -0.070992906752174,51.432464529058 -0.070926135459823,51.4324614142123 -0.070906803071001,51.4324610958544 -0.070847218347243,51.4324596110153 -0.070752698897963,51.4324646039388 -0.070687115062918,51.4324715859511 -0.0706052297735,51.4324828336563 -0.070460387038965,51.4325152136027 -0.070289557324862,51.4325522040095 -0.070156139798385,51.4325812447723 -0.069917838011379,51.4326317347318 -0.069653418589547,51.4326898559628 -0.069570430479299,51.432708138798 -0.069420626951446,51.4327434591192 -0.069142406232096,51.4328230165263 -0.069113873670966,51.4328306074587 -0.069020602531532,51.4328633320632 -0.068963262733781,51.4328850606571 -0.068861575162099,51.4329262112282 -0.06864211109703,51.4330268909159 -0.068394622478679,51.4331422233503 -0.068014364179498,51.4333284240812 -0.067880177736675,51.4333947350977 -0.067757500464582,51.4334556934718 -0.067522429643122,51.433563166922 -0.06742472521092,51.4336053901243 -0.067200888587647,51.4336949104904 -0.066997888017913,51.4337872931432 -0.066928928703587,51.4338168902852 -0.066812544137057,51.4338814777005 -0.066702413120331,51.4339507043274 -0.066557959376473,51.4340500985828 -0.066501440672143,51.4340904819393 -0.06643720522193,51.4341418225721 -0.066360906846611,51.4341924595576 -0.066337777845175,51.4342056822773 -0.066176382198017,51.4343244468274 -0.066045663076036,51.4344230590488 -0.065970486443258,51.4344853034628 -0.06592076921313,51.434536379883 -0.065851673223625,51.434626436279 -0.065817027963458,51.4346833038279 -0.065794318030946,51.4347247486309 -0.065769595163766,51.4347757340523 -0.065711644195675,51.4348881437098 -0.065644046648509,51.4350190372642 -0.06559892526805,51.4350948776763 -0.065535527422438,51.4352026630671 -0.06543606269023,51.4353627581407 -0.065322370830467,51.43553521364 -0.065218537097811,51.4357032976071 -0.065171339245382,51.4357710413965 -0.065008799183683,51.4359739293552 -0.064913342073409,51.4360963001218 -0.064873989794125,51.4361500661957 -0.064796933041657,51.4362757642275 -0.064769768578221,51.4363272126839 -0.06469306758124,51.436482644389 -0.06462987159777,51.4366236865701 -0.064573652872857,51.4367522476142 -0.064530093695964,51.4368482682987 -0.064504582941982,51.4368987359023 -0.064458716463364,51.436973051813 -0.064439209926521,51.4369959069474 -0.064417116169593,51.4370227499533 -0.06439336802073,51.4370505737246 -0.064363154299881,51.4370787942618 -0.064328170469821,51.4371054242633 -0.06426831750067,51.437148270311 -0.064208655955039,51.4371865852646 -0.064118549855734,51.4372395123686 -0.064032091432163,51.4372824222277 -0.063930981996959,51.4373286169053 -0.063801846084148,51.4373894644568 -0.063695119765718,51.4374350624879 -0.063493727224265,51.4375269621189 -0.063400738147315,51.4375717797573 -0.063469432521459,51.4376878654301 -0.06350663240058,51.4377349845082 -0.063528269235465,51.4377601724998 -0.063578243318179,51.4378106583301 -0.063648443661008,51.4378830830361 -0.063682940573679,51.437921382099 -0.063704874337679,51.4379517341986 -0.063728867011953,51.4379943731645 -0.063740164650964,51.4380200350142 -0.063748352889838,51.4380582211533 -0.063753934233094,51.4381092636327 -0.063750885085408,51.4382423910269 -0.063745132306936,51.4383174307978 -0.063732582138968,51.4384678150159 -0.063729003219592,51.4385280569115 -0.063733208413809,51.4386116453604 -0.063733498979981,51.4386535706068 -0.063732059102897,51.4387364200568 -0.063731395516384,51.4388863559439 -0.063730028571708,51.4390294797647 -0.063731785308236,51.4391333714937 -0.063735271558649,51.4392095307015 -0.063736459831969,51.4392424419027 -0.063761667766204,51.4393866866288 -0.063762261968626,51.4393933916699 -0.063790908569721,51.4395532320687 -0.063815739068039,51.4396981072376 -0.063841847400381,51.4398371985976 -0.063872235631625,51.4399483064145 -0.063885618449959,51.4399978653878 -0.06391266274238,51.4401392294168 -0.063942376180005,51.4403028886999 -0.063949190334861,51.4403613679804 -0.063957636445821,51.4404056852238 -0.06396363767237,51.4404589909377 -0.063972153474299,51.4404894431691 -0.063981680602081,51.4405569961617 -0.063985828738003,51.4405809273945 -0.063990204008958,51.4406238877733 -0.063998011370943,51.4406710964668 -0.064014863000435,51.4407484441749 -0.064023337962286,51.4407798642627 -0.064035503938293,51.4408094091768 -0.064049135373009,51.4408409135817 -0.064061532964158,51.4408649811446 -0.064077987862765,51.440890728186 -0.064240822880195,51.4409079300629 -0.064271623755642,51.440911662993 -0.06436259116214,51.4409322032322 -0.064495692706298,51.4409680485505 -0.06458912528304,51.441001999999 -0.064646471778769,51.4410185672318 -0.064809120967053,51.4410615623037 -0.064870325049996,51.4410822237754 -0.064958134595585,51.4411219670007 -0.065003056509735,51.4411463900635 -0.065030552324525,51.4411634712293 -0.064918129487251,51.4412482770096 -0.064760586370599,51.4413750652777 -0.064751446663798,51.4413833604233 -0.064627527176985,51.4414858296009 -0.064585350291272,51.4415299758906 -0.064495019652816,51.4416070841138 -0.064363701261325,51.4417192887747 -0.064252398209979,51.4418157006544 -0.064135813208204,51.4419226061876 -0.064080805687739,51.4419841753362 -0.064063606134871,51.4420095874157 -0.064035991674195,51.4420716092474 -0.063962940051314,51.4422548113612 -0.063866120801874,51.4424826661511 -0.063844740409227,51.4425257764028 -0.06370794537688,51.4428679356703 -0.063677214766772,51.4430879140512 -0.063649968930032,51.4433450151925 -0.063643846411064,51.4435469594592 -0.063644130112538,51.4436164955165 -0.063653284587364,51.4437622600062 -0.063663508952597,51.4438445576434 -0.063679562460129,51.4439415624094 -0.063686855954746,51.4440550502589 -0.063697927275179,51.4441554996839 -0.063704638951088,51.444206499688 -0.063702281538811,51.4442240958127 -0.063696162602172,51.4442925188249 -0.063688277440757,51.4443714325442 -0.063676698619491,51.4444621765284 -0.063671956171984,51.4445011165623 -0.063661690553126,51.4445364184971 -0.06362214637726,51.444690548051 -0.063577997336882,51.4448681422 -0.06350075753263,51.4450838848848 -0.063437961853716,51.4452631050976 -0.063267906855267,51.445677301039 -0.063147986554355,51.4459508627591 -0.063017800746302,51.446199061885 -0.062877447918454,51.4464195384769 -0.062871955805709,51.4464303641449 -0.062657986123249,51.4467528607423 -0.06247481722102,51.4470025454345 -0.062282868848106,51.4472377517232 -0.062194288844405,51.4473520080512 -0.062178538458281,51.4473726542098 -0.062032463291038,51.4475415930069 -0.061920185871018,51.4476641244487 -0.061801613100981,51.4477865516239 -0.061606859074443,51.447952591821 -0.061382254546582,51.4481094784384 -0.061165934818952,51.4482491814142 -0.06091210337665,51.4484118811319 -0.06068125629359,51.4485447644359 -0.060552071551809,51.4486129727146 -0.060290196643624,51.4487275149188 -0.059814073637826,51.4489272772541 -0.059652014845021,51.4489987593574 -0.059274227360918,51.4491882470497 -0.059031392381566,51.4493254582376 -0.058863379248823,51.4494250198592 -0.05872774260019,51.4495038612461 -0.058485560996939,51.449658875492 -0.058400093955933,51.4497133552588 -0.058186901712675,51.4498680633831 -0.058013463567339,51.4499972635024 -0.057947499290628,51.4500417792645 -0.057877579594593,51.4500938661872 -0.057790790166909,51.4501543407386 -0.057731705130653,51.450200208756 -0.057677761420825,51.4502416214722 -0.057577875540716,51.4503257422884 -0.057557846183761,51.4503427233117 -0.057534519444267,51.4503333562064 -0.057422480978517,51.4502884961116 -0.057367737817604,51.4502684370303 -0.057275152173167,51.4502285972709 -0.057198408568375,51.4501890210701 -0.057142773937974,51.4501619623101 -0.057016237612045,51.4500927909699 -0.056966380165925,51.4500690563979 -0.056861394542648,51.4500212929253 -0.056722400137963,51.4499655352682 -0.056601216148068,51.4499181215629 -0.056510757625196,51.4498860764579 -0.056334022526587,51.44983237568 -0.056230088318028,51.4497910266331 -0.056010093448367,51.4497060631545 -0.055730298787086,51.4495982306325 -0.055508127477305,51.4495101338229 -0.055263397179079,51.44940886788 -0.055151734717819,51.4493628490518 -0.055074047086281,51.4493256496821 -0.054917827272022,51.4492634122587 -0.054778048190948,51.4492028927882 -0.05468853148659,51.4491642584118 -0.054554902219078,51.4491067293174 -0.054461983851004,51.4490626722068 -0.054359669902519,51.4490143321277 -0.054309877823726,51.4489891523384 -0.054276453929613,51.4489707381746 -0.054161925531859,51.4489060230994 -0.054052070728943,51.4488346669449 -0.053953141394735,51.4487529111285 -0.053928299886257,51.4487293120382 -0.05387992351368,51.4486922399795 -0.053855986331085,51.4486862999814 -0.053830921245122,51.4486878988795 -0.05374026830538,51.4486959657453 -0.053660125532295,51.4487223467597 -0.053625833043616,51.4487323580465 -0.053585137521233,51.4487412548294 -0.053512082786421,51.4487526373352 -0.053406882931294,51.448761470335 -0.053270193473174,51.4487712907547 -0.053176403006615,51.4487772897343 -0.053132719954276,51.4487805952809 -0.053096159663072,51.4487870417054 -0.053058581300907,51.4487985090251 -0.053016736126494,51.4488154486456 -0.052959261824749,51.4488396861236 -0.052845902383504,51.4488886910129 -0.052795850493561,51.4489090211629 -0.052488277897705,51.449013301563 -0.050928975617095,51.4495077275773 -0.050452089741708,51.4496595779281 -0.049803768719923,51.4498679636273 -0.049310010942632,51.4500255113786 -0.049178410797822,51.4500671551093 -0.049061067294275,51.4500959361393 -0.048996915774125,51.4501064569865 -0.048776439784559,51.4501143734162 -0.048550140186735,51.45010758076 -0.048273251437627,51.4500958684156 -0.048091265466097,51.4500898598634 -0.047933910134539,51.450073633622 -0.047749608052114,51.4500463779914 -0.047471693484407,51.4500019421834 -0.047205523879353,51.4499657627259 -0.04701451889698,51.4499444401452 -0.046626761413387,51.4499042180339 -0.046258588476219,51.4498706288659 -0.046138243778256,51.4498608825923 -0.046133086404252,51.4498607965802 -0.046091981617974,51.4498565633484 -0.046080287826481,51.4498679961371 -0.04595150205476,51.4500041670378 -0.045757296369472,51.4502134325536 -0.045624075752281,51.4503601892729 -0.045447965860404,51.4505565348351 -0.04526493014724,51.4507579250248 -0.045147377696507,51.4508881747175 -0.045111742621781,51.4509249861276 -0.04508762028884,51.450958119985 -0.045087866979149,51.4509765047182 -0.045093422550167,51.4509914312332 -0.045098736459218,51.451048273284 -0.045098088511774,51.451087603772 -0.045096863578738,51.4511162824178 -0.0450564967388,51.4511913885149 -0.04502511189218,51.4512495534493 -0.045023316571045,51.4512553284162 -0.045009536259464,51.4512638045009 -0.044955350864658,51.4512757988179 -0.044922317142763,51.4512758932466 -0.044883611042628,51.4512758921041 -0.044846843498281,51.451278825314 -0.044824721153483,51.4513013511782 -0.044806931597102,51.4513191120599 -0.044798589588792,51.4513331618587 -0.044791829660594,51.4513585241668 -0.044784271129865,51.4513783901671 -0.044779380909445,51.4514082981207 -0.044768859554018,51.4514371444568 -0.044752218249972,51.451464276224 -0.044732213266408,51.451485547824 -0.04467093711828,51.4515306380926 -0.044557515423039,51.4516003321978 -0.044512563825678,51.4516257018125 -0.044468979333164,51.4516552858263 -0.044423938171885,51.4516948420308 -0.04439967033356,51.4517192672751 -0.044262148921651,51.4518698205653 -0.044071552224661,51.4520788210352 -0.043898756394128,51.4522697386929 -0.043726516837991,51.452459696843 -0.043598915864612,51.4526007008493 -0.043449718167885,51.4527518846301 -0.043128646826724,51.4530563917658 -0.043048992041013,51.4531276160482 -0.042992263009934,51.4530964369639 -0.042774382709561,51.4533638705043 -0.042517729036558,51.4536704593118 -0.042373958616534,51.4538454134132 -0.042341461623918,51.4538887063333 -0.042255565520914,51.4540303652628 -0.042024157749547,51.4544064026115 -0.041845850965542,51.4546817098631 -0.041684356180621,51.4549408534237 -0.041647771679382,51.4549967856988 -0.041643517407319,51.4550049466933 -0.041802027794101,51.4550759585329 -0.042095373098287,51.4552043663258 -0.042242325989287,51.4552680899109 -0.042392378057244,51.4553437977866 -0.042467965222454,51.455386658387 -0.042666099025304,51.4554967056468 -0.04286373266815,51.4556064204692 -0.043135227317641,51.4557631596819 -0.043487195331615,51.4559692895159 -0.043678018390386,51.4560814692814 -0.043915691205239,51.4562205517699 -0.044277143862893,51.4564223222349 -0.04452475921005,51.4565583445974 -0.044574354566978,51.4565814226491 -0.044630779769849,51.4566017117628 -0.044697941230836,51.4566244381552 -0.044746403505147,51.4566378235535 -0.04487454942459,51.4566586647157 -0.044891570085616,51.4566589487613 -0.044977821867119,51.4566697398408 -0.04501224191125,51.4566735390756 -0.045116311053825,51.4566990879663 -0.045127138082263,51.4567018936581 -0.045203042704995,51.4567202476142 -0.045361841758806,51.4567592195041 -0.045505154980267,51.4567944993383 -0.04555955367497,51.4568078224635 -0.045644498950934,51.4568286552169 -0.04577463681573,51.4568605449323 -0.045937610738888,51.4569007745421 -0.04602592535519,51.456921927608 -0.046134197538229,51.4569460555689 -0.046103872152127,51.4570076278382 -0.046089717273008,51.4570371106195 -0.046048607101069,51.4571185796664 -0.046021588275862,51.4571720190204 -0.046008909106977,51.4571966387599 -0.045997306442248,51.4571960486552 -0.045970960022016,51.4572535936816 -0.045923946238869,51.4573593997378 -0.045890744829228,51.4574338683656 -0.045859408201973,51.4575042736181 -0.04583278655711,51.4575632663743 -0.045808214424304,51.4576188598196 -0.045772307564946,51.4576972455569 -0.045739156500793,51.4577804326997 -0.045711227949186,51.4578502337805 -0.045681488402308,51.4579245523556 -0.045680115229103,51.4579280555669 -0.045642988363649,51.4580173679721 -0.045613149439062,51.4580922891935 -0.045575704047801,51.45818689578 -0.045540743754083,51.4582827326731 -0.045533759023233,51.4583026919079 -0.045510532412949,51.4583663644743 -0.045486430307452,51.4584306825088 -0.045454263547874,51.4585204903718 -0.045426444086062,51.4586025775035 -0.045408042423546,51.4586615643056 -0.045392218809289,51.4587088925503 -0.045376184204539,51.4587579915723 -0.045357066335548,51.4588159151454 -0.04534773286085,51.4588465403325 -0.045335977397287,51.4588940255181 -0.045327412816667,51.4589302005007 -0.045326622597975,51.458932523675 -0.045308073701097,51.459012698065 -0.045288506881215,51.4590995461947 -0.045271505703967,51.4591708506125 -0.045261616520083,51.4592142724599 -0.045240808946812,51.4593004397989 -0.045222368780303,51.459380184328 -0.045211556981646,51.4594308444595 -0.0452028306228,51.4594816823736 -0.045186769184723,51.4595804767028 -0.045170758471422,51.4596780821132 -0.045154300862709,51.4597713211994 -0.045146886766092,51.4598211252362 -0.045144116535828,51.4598414191803 -0.045158021940855,51.4598425756743 -0.045152154319196,51.4598908200646 -0.045144175243229,51.4599506786407 -0.045135938494779,51.4600136021971 -0.045131025563782,51.4600525746364 -0.045130523824675,51.4600643164026 -0.045128170942415,51.4601067119937 -0.045122009616293,51.4601622321415 -0.045117863036954,51.4601991031335 -0.045112273390595,51.4602507442844 -0.04510806708974,51.4602921790809 -0.045102839764094,51.460344840677 -0.045098844468962,51.4603845037929 -0.045095719872132,51.4604259575371 -0.045093191710618,51.4604756200702 -0.045091819421831,51.4605203998542 -0.045090333894084,51.4605583296468 -0.045088119470418,51.4606129794864 -0.04508796409687,51.4606191082604 -0.045082501800613,51.460753871207 -0.045079279874756,51.4608243488428 -0.045079788641712,51.4608371695318 -0.045083216437025,51.4609053812989 -0.045086076126126,51.4609770170788 -0.045089018873102,51.4610565796955 -0.045092344973052,51.461136940983 -0.045097517636999,51.4612241506061 -0.045101117643625,51.4613127566648 -0.045106606827674,51.4613574917587 -0.045113843981513,51.4614157282962 -0.045127909406026,51.4615368186993 -0.045136709782457,51.4616228190462 -0.045145084497584,51.4617039246425 -0.045156272970924,51.4618033049129 -0.045171951569707,51.4619064588824 -0.045183771176388,51.4619856147328 -0.045191214924989,51.4620450174883 -0.045213813053637,51.462161059527 -0.045222752070154,51.4622161292631 -0.045239082138028,51.4623247293978 -0.045288778877215,51.4625019076812 -0.045311279663074,51.4625793720879 -0.04533519810252,51.4626613952635 -0.045338237935969,51.4626846233996 -0.045385584024054,51.4628224616048 -0.045433475645024,51.4629462250948 -0.045694760089095,51.4635232196351 -0.045973525772878,51.4639747788329 -0.046135696932533,51.4641751834065 -0.046182509366009,51.4642384800355 -0.04624781926105,51.4643146436903 -0.046328207342414,51.46439660016 -0.046416462961515,51.4644832228759 -0.04654969491701,51.4645932692213 -0.046598272075205,51.4646268294857 -0.046774753710227,51.4647441461655 -0.046919047075795,51.4648407720132 -0.04698808890596,51.4648862615005 -0.047040932900511,51.4649143503731 -0.047172094047501,51.4649785111547 -0.047320097107468,51.4650449668874 -0.047404862750874,51.4650811452339 -0.047471071875295,51.4651241780208 -0.047518366736165,51.4651543837515 -0.047562831378775,51.4651827302299 -0.047639422877806,51.4652064609067 -0.047676989752172,51.4652180492398 -0.047695199727265,51.4652256252318 -0.047707543883179,51.4652304460778 -0.047769495612076,51.4652602718214 -0.047836007085872,51.4652922877356 -0.047929035076016,51.4653371601023 -0.048028656083046,51.4653861054042 -0.048149974787759,51.4654469032102 -0.048195566290404,51.4654686629294 -0.048281969725173,51.4655102555544 -0.04834309878838,51.4655395393996 -0.048420928821439,51.4655788748782 -0.048515402227344,51.4656264759062 -0.048509437238503,51.4656290798189 -0.048460009456019,51.4656683774568 -0.048412374825635,51.465705766973 -0.048361061459299,51.4657463659099 -0.048297810391026,51.4657960952031 -0.048212375851294,51.4658641124887 -0.048176442499363,51.4658942911843 -0.048233600238725,51.4659188074365 -0.048457912600475,51.4660155232371 -0.048508861203363,51.4660372695364 -0.048693333425356,51.4661103165663 -0.048831707445257,51.4661624011829 -0.048929055556264,51.4661980693945 -0.048994636437817,51.4662205294659 -0.049048041569851,51.4662376212399 -0.049174065242717,51.4662796372864 -0.049276485558489,51.4663109291805 -0.049381155707573,51.4663391972581 -0.049597560496122,51.4663976412136 -0.049644511574029,51.4664101099413 -0.049879426454531,51.4664715584573 -0.049939960927434,51.4664855310376 -0.050270475278522,51.4665565186551 -0.050590936442323,51.4666176185474 -0.05081201103765,51.4666539506629 -0.05066498249915,51.4667270844589 -0.050556904231019,51.466782154632 -0.050544248987924,51.4667896491809 -0.050667475106091,51.4668753512783 -0.050789660177152,51.4669716754122 -0.051055696291053,51.4671797269794 -0.051297192093231,51.4673698193994 -0.051104746596045,51.4674593416031 -0.050931944742528,51.4675395714637 -0.050851444928682,51.4675767039512 -0.050893866530763,51.4676322798211 -0.050959992365909,51.4677188474245 -0.050968927449643,51.4677307111043 -0.051000354864819,51.467773387191 -0.051159579532281,51.4679812841665 -0.051316731988463,51.4681944954167 -0.05137499226215,51.4682747133595 -0.051409034079158,51.4683167385543 -0.051452914798151,51.4683622295541 -0.051486604055318,51.4683987452088 -0.051519831312684,51.468432317889 -0.051663345884118,51.4685796276745 -0.051779908542881,51.4687016723722 -0.052015334342687,51.4689549741951 -0.052111508263884,51.4690585579709 -0.052269644095558,51.4692259025566 -0.052116179735287,51.4693396572815 -0.051974243184564,51.4694447967352 -0.051759029405937,51.4696015508319 -0.051743141578185,51.4696159630489 -0.051666749864551,51.4696855028103 -0.051657823286508,51.4697158070084 -0.051661346164405,51.4697460304553 -0.051671516402899,51.469766665604 -0.051688099298159,51.4698186738801 -0.051738329595464,51.469963331587 -0.051802482698318,51.4701590800799 -0.051954945273045,51.4706095375796 -0.051991673947376,51.4707238444737 -0.052056799187599,51.4709130117624 -0.052122856816013,51.4711137000106 -0.052188467066087,51.4713110785833 -0.052274584078861,51.4715649334236 -0.052345037070874,51.471786607541 -0.052377857901681,51.4718711718811 -0.052377811053052,51.4718722718321 -0.052407524876068,51.4719608205246 -0.052458818244181,51.4721220055499 -0.052532848505506,51.4723286965741 -0.052599558265971,51.4725279276725 -0.0526819293048,51.4727732809391 -0.052726733606198,51.4729075753453 -0.052741706026456,51.4729698292373 -0.052737279395387,51.4729910355412 -0.052727567563638,51.4730121540093 -0.052713265278023,51.4730720868291 -0.052714286491149,51.4731032893371 -0.052716013641454,51.4732834626665 -0.052716348005283,51.4734687495811 -0.052715606689806,51.4737068518245 -0.052714211033235,51.4739603515966 -0.052716303524048,51.4741871267151 -0.05271698301156,51.4743918646573 -0.052712923357011,51.4746251418936 -0.052707601990343,51.4748466570423 -0.052705069498335,51.4752423783396 -0.052705524956138,51.4756195988432 -0.052705301739221,51.4758403040952 -0.052702582112547,51.4761842226302 -0.052698892802742,51.4764862748141 -0.052695572184687,51.4768227300204 -0.052693870618167,51.4770565969401 -0.052689449144427,51.4774446709985 -0.052690124187981,51.4776831206004 -0.05268792748401,51.4779932236761 -0.052687553559538,51.4780143012911 -0.053172638406695,51.4781920179236 -0.05349586505979,51.4783154840809 -0.05401606009093,51.4785127724609 -0.054079933309427,51.4785369413125 -0.054122874283988,51.4785535340442 -0.054234753608878,51.4785956827049 -0.05429484170568,51.4786190898369 -0.054309021789788,51.4786237452953 -0.0542499508853,51.4787162131052 -0.054139270574807,51.4788891204577 -0.054031672515561,51.4790578387497 -0.053983178741343,51.479131796664 -0.053976441803114,51.4791298331466 -0.053929941675826,51.47920516229 -0.053975040621965,51.4792206721929 -0.053952726805506,51.479275901931 -0.053939941373174,51.4793045747442 -0.053934155868646,51.4793220687445 -0.053924227218028,51.4793254218695 -0.053896396332767,51.4793801373053 -0.053873849565272,51.4794221652014 -0.053842905642641,51.4794803469399 -0.053850587669668,51.4794820329926 -0.053761892236147,51.4796426305558 -0.053656832332517,51.4798116271824 -0.053592721312972,51.4797975342941 -0.053590361167538,51.4798016525019 -0.053576224548892,51.4798300186576 -0.053495434872582,51.4799912365573 -0.053473081336721,51.4800401390518 -0.05345108032572,51.4800918540775 -0.053444585025985,51.480122859764 -0.0534482276126,51.4801576418027 -0.053453592094177,51.4801698182521 -0.053460160531349,51.4801804742195 -0.053471062729119,51.4801962975451 -0.053484016396402,51.4802129849904 -0.053499928201895,51.4802314985663 -0.053541336960097,51.4802395335933 -0.053552227620232,51.4802689845366 -0.053539267217821,51.4802925887083 -0.05353579804185,51.4802938341515 -0.053527746408935,51.4803091061176 -0.053523211072081,51.4803175632305 -0.053518092427632,51.4803218622362 -0.053515741422275,51.480323601077 -0.053507430711604,51.4803271366209 -0.053501894906229,51.480327873809 -0.053488286886495,51.4803265812077 -0.053420940663921,51.4803170487411 -0.053351549462496,51.4803065344135 -0.053337317695625,51.4803377011432 -0.053327450015477,51.4803599348952 -0.05338736002637,51.4803702917343 -0.053449313636494,51.4803812247609 -0.053477237242486,51.480389210261 -0.053482021570714,51.4803929291553 -0.053487634817897,51.4804061637007 -0.053493643377066,51.4804826418776 -0.053408539258216,51.4805009019023 -0.053349246993507,51.4806419694369 -0.053317523638269,51.4807123243492 -0.053282406718592,51.4807970888302 -0.05327780210363,51.4807940527758 -0.053260856222432,51.4808126563111 -0.053249140687177,51.480825354778 -0.053253016751254,51.4808483995887 -0.053253934748713,51.4808525101991 -0.05318939028253,51.4808650890944 -0.053158275819053,51.4808712466834 -0.053138364266232,51.4808853251714 -0.053122646247208,51.4809007638074 -0.053110231477226,51.4809127680835 -0.053106146897648,51.4809174026002 -0.053099057217047,51.4809269917291 -0.053105967159776,51.4809273340536 -0.053097089427187,51.4809503944927 -0.053087653832582,51.480977996062 -0.053075691272072,51.4810135943856 -0.053122571461524,51.4810193787123 -0.053137303714891,51.4810210614385 -0.053204132340237,51.4810293804125 -0.053229612228519,51.4810328370203 -0.053236213640092,51.4810432615296 -0.053228970058975,51.4810422311101 -0.053222543534457,51.481063366436 -0.053219907035187,51.4810711968043 -0.05320602919295,51.4811171366126 -0.053196788668263,51.48114790153 -0.053195845554557,51.4811518175505 -0.053180697183811,51.4811534103216 -0.053176798820063,51.4811664517847 -0.053166309633817,51.481202827299 -0.053155648493881,51.4812395875487 -0.053148170908079,51.4812654806297 -0.053140609431775,51.4812915171018 -0.053132943351242,51.4813181831361 -0.053126729439356,51.4813399712752 -0.053118334168733,51.4813691485968 -0.053110522695565,51.4813961503463 -0.053110191221708,51.481397135855 -0.053101928150043,51.4814258126695 -0.053093342261445,51.481455812369 -0.053085123595004,51.4814841562841 -0.053074763077136,51.4815196715099 -0.053067453231204,51.481545276003 -0.053064621761229,51.4815551795852 -0.053062609885214,51.481567717311 -0.053059055463177,51.4815891125786 -0.05305549276685,51.4816107019548 -0.053050420389845,51.4816417294595 -0.053050220410474,51.4816426371161 -0.053047163229031,51.4816620631095 -0.053042552634385,51.4816899930434 -0.053037224402631,51.4817219884271 -0.053031591264663,51.48175752284 -0.053026781791456,51.4817864692617 -0.053024285599402,51.4818012804343 -0.053019430664922,51.4818312935556 -0.053014284673835,51.4818626615647 -0.053009774496206,51.481890058988 -0.053006166295599,51.4819127150614 -0.053001916919927,51.4819376419759 -0.052997382743416,51.4819658726401 -0.052991388245453,51.4820023147233 -0.052986367448685,51.4820325687939 -0.05298400089046,51.4820471761822 -0.052991268102344,51.4820468445861 -0.052989606078921,51.4820589447738 -0.052987897151446,51.4820714020989 -0.052985584379339,51.4820913044912 -0.052984593004863,51.4821003744286 -0.052983344576362,51.4821117251866 -0.052979068417894,51.4821524224742 -0.052970119465516,51.4822390011502 -0.052949801631483,51.4824259529408 -0.052943966294125,51.4824574066143 -0.052934107467202,51.482511593091 -0.052933552436834,51.4825157628615 -0.052911715455054,51.4826353039306 -0.052896861412683,51.482635925832 -0.052875463460892,51.4826378841542 -0.052859708643171,51.4826379119419 -0.052785727657006,51.4826450154456 -0.052782318202326,51.4827251555219 -0.052932549327786,51.4827444325018 -0.052930151067128,51.4828985963056 -0.052928598411491,51.4829971558779 -0.052940816092167,51.4831926563987 -0.052950581154248,51.4833029796511 -0.0529567010665,51.4833889966277 -0.052897955295496,51.4833896869238 -0.052900415916187,51.4834293522436 -0.052901832351539,51.4834517797445 -0.052785652902363,51.4834641066089 -0.052789405058652,51.4834943499673 -0.05279430862916,51.4835462763098 -0.05294013081248,51.4835551804446 -0.052942801118415,51.4835620755894 -0.052944564288656,51.4835624753916 -0.052949398118363,51.4835696025285 -0.052947013224649,51.4835718614835 -0.052956078182035,51.4836240880762 -0.052963359973107,51.4836669881996 -0.052972597503724,51.4837130026771 -0.052975385757867,51.4837277433714 -0.052986828281304,51.4837843404344 -0.052992435061098,51.4838131118872 -0.053000981480822,51.4838619584345 -0.053014163667528,51.4839356493269 -0.053022998924609,51.4839866338011 -0.053034313048146,51.4840506946457 -0.053045916324643,51.4841168934044 -0.053057233738935,51.4841853392297 -0.053069170189954,51.4842526100748 -0.053083348991509,51.484323773421 -0.053094161488639,51.484378756595 -0.053071616957769,51.484377790314 -0.053069730691927,51.4843791627652 -0.053050974632814,51.4843779500661 -0.053052680088893,51.4843729459823 -0.053044607242517,51.484373246216 -0.053036816398357,51.4843739252384 -0.053034373166998,51.4843740707988 -0.05302660881376,51.4843752772437 -0.053020088117779,51.4843765358257 -0.053010506886314,51.4843795142576 -0.0529998240745,51.4843838718808 -0.052989755496128,51.4843877747762 -0.052981039178584,51.4843926623767 -0.05297402517705,51.4843971816739 -0.052965115894917,51.4844038592485 -0.052957745325426,51.484411472468 -0.05295086767376,51.4844189427963 -0.052946257062461,51.4844273599716 -0.052938746747403,51.4844439961276 -0.052946660370075,51.4844448974027 -0.052943810655847,51.4844619797026 -0.052938026360727,51.4844608970775 -0.052944794233801,51.4844873272034 -0.052950869454608,51.4845101046012 -0.052963708467996,51.4845679578142 -0.052973004315887,51.4846092187378 -0.052982553684349,51.4846541628614 -0.052988245621601,51.4846852577017 -0.0530148755898,51.4846890508888 -0.053021575476267,51.4847197137281 -0.053004339867331,51.4847205379937 -0.05301514988609,51.4847521944878 -0.053018125997784,51.4847589103586 -0.053020241075765,51.484785793755 -0.053025934639747,51.4848192168768 -0.053041748996463,51.4849213186331 -0.053050932949298,51.4849772046122 -0.053049095571511,51.4849855059934 -0.053050805187049,51.4850149753 -0.053055770204166,51.4850376470123 -0.053063227156423,51.4850366602783 -0.053078694754988,51.4850982046518 -0.053088258956383,51.4851242864321 -0.053078455048344,51.4851246793161 -0.05308583796876,51.4851462805748 -0.05309427130285,51.4851571599821 -0.053099665369282,51.4851628044993 -0.053111086394793,51.4851713765057 -0.053112836059423,51.4851730746522 -0.053122835251237,51.4851778667088 -0.053133633795254,51.4851810038643 -0.053143002992602,51.4851835111528 -0.053157364158026,51.485185720972 -0.053169450326961,51.485187135795 -0.053195499820468,51.4851887061425 -0.053198531303691,51.4851974022604 -0.053229205327943,51.4851987463645 -0.053251740727406,51.4851973005636 -0.05331390163491,51.4852408047451 -0.053350716287975,51.4852661368156 -0.053359111298612,51.4852716648003 -0.053368188455301,51.4852809919174 -0.053392963660361,51.4852811003929 -0.053401693822332,51.485295731141 -0.053394359129171,51.4852968224469 -0.05341771107636,51.4853360416002 -0.053440386458077,51.4853740354709 -0.053470783571519,51.4854246720881 -0.053491400074433,51.4854596739899 -0.053500300647996,51.4854788588566 -0.053507762745092,51.48547761768 -0.053510793117128,51.4855005719828 -0.053513633341273,51.4855223099874 -0.053517386981731,51.4855482340615 -0.053523365682935,51.4855853534593 -0.053526255452666,51.4856014672388 -0.053529039086581,51.4856176718821 -0.053530265181696,51.4856241536318 -0.053530335318444,51.4856334255578 -0.053531700951076,51.4856488350596 -0.053534335072369,51.4856800409418 -0.053531624535476,51.4857057245542 -0.053528281858828,51.4857254209984 -0.05352292454282,51.4857526110221 -0.053518509862119,51.4857759326768 -0.053514091002387,51.4857993522844 -0.053467727391942,51.4858073187872 -0.053440859492074,51.4858120668019 -0.053411992702844,51.485818090972 -0.053370750399294,51.4858281335273 -0.053353113622933,51.4858333253267 -0.053330559668623,51.4858390181833 -0.05330603573613,51.4858453087131 -0.053307265079423,51.4858511052619 -0.053277686473153,51.4858556139658 -0.053229490454871,51.4858627729525 -0.053174167810753,51.4858711741535 -0.053141857869564,51.4858759279201 -0.053134557897291,51.4858775539658 -0.05314841748074,51.4859117125552 -0.053151650279798,51.4859197753209 -0.053154870670183,51.4859281292497 -0.053158746157465,51.4859411532734 -0.053161071077777,51.4859486182179 -0.053162687996791,51.4859508294498 -0.05315515276905,51.4859525001504 -0.053141209095361,51.48595498706 -0.05312971255598,51.4859583878302 -0.053115228144037,51.4859626121714 -0.053110268147796,51.4859640837423 -0.05309299720027,51.4859698148595 -0.053089381912325,51.4859707260302 -0.053071685308819,51.4859755283026 -0.053063811654436,51.485977873237 -0.053049266642983,51.4859816604088 -0.053041531927718,51.4859843952433 -0.053031494374153,51.4859864128566 -0.053005088574996,51.4859912646754 -0.052957503789958,51.4859986774159 -0.05292549699059,51.4860035818462 -0.052920888789933,51.4860332600362 -0.052918298185267,51.4860612235306 -0.052915816079747,51.4860902571821 -0.052914439517772,51.4861170762685 -0.052913210056403,51.4861532171235 -0.052912908314233,51.4861644181416 -0.052914438746605,51.4861683878473 -0.052916337126087,51.4861808574439 -0.052918883073,51.4861952334991 -0.052920254794473,51.4862057986459 -0.052923081378412,51.4862335274994 -0.052927395084394,51.4862776633944 -0.052928584535466,51.4862896661724 -0.052928311785582,51.4863102904144 -0.05292882646094,51.4863181866227 -0.052927272426799,51.4863261240013 -0.052919311304081,51.48636755324 -0.052914681104673,51.4863906842449 -0.05285724019434,51.4863931426921 -0.052859868271355,51.4864084301926 -0.052864736244445,51.4864367244436 -0.052867459375223,51.4864526205425 -0.052812483496721,51.4864570920643 -0.052822505073351,51.4865098174772 -0.052830574787954,51.4865541668618 -0.052838499586216,51.4865962395374 -0.052847363194031,51.4866447739082 -0.052854680824147,51.4866841620103 -0.052914915834443,51.4866781708111 -0.052893340376183,51.4867099268339 -0.052894207274953,51.4867114187673 -0.052917514486514,51.4867552416182 -0.052928826360684,51.4867748640711 -0.05295723955704,51.4868118346336 -0.052967125580962,51.4868247975459 -0.052974589602636,51.4868322687343 -0.052987625601762,51.4868470609703 -0.052991292197194,51.4868500841401 -0.053005732451951,51.4868631227098 -0.053043532537843,51.4868936133474 -0.053057221120727,51.4869053633327 -0.053082507416786,51.4869248959765 -0.053108011513092,51.4869449628124 -0.053196007922134,51.4869381574505 -0.053209538351511,51.4869370935319 -0.053255507000766,51.4869700894121 -0.05329328220623,51.4869987027359 -0.053316251665395,51.4870184234619 -0.053329697266706,51.4870307062518 -0.053339395095301,51.4870397406109 -0.053357094060424,51.487057705604 -0.053377938096778,51.4870788325716 -0.053392618977231,51.487096368828 -0.053408876722943,51.4871152325433 -0.053489555157147,51.4872188404806 -0.053538738100682,51.4872825895137 -0.053548435237644,51.4872965096728 -0.05356182333994,51.4873133562627 -0.053594697950637,51.4873543252382 -0.053627594792055,51.4873976471091 -0.053659896867419,51.4874435364505 -0.05368941337566,51.4874863462233 -0.05370061247553,51.4875029145332 -0.053718442662854,51.4875349123307 -0.053745424059736,51.4875830649214 -0.053772534334842,51.4876310676648 -0.053804904825616,51.4876924303393 -0.053826600020785,51.48773351755 -0.053845010163288,51.4877690141903 -0.053863088479212,51.4878037463179 -0.053893592411654,51.487854764036 -0.053899025249874,51.4878641061206 -0.053916268700453,51.4878813817917 -0.053938345856532,51.4879049553975 -0.053970379125875,51.4879371889862 -0.053972151557636,51.4879383560154 -0.053969657178343,51.4879410160575 -0.053965784444028,51.4879452278651 -0.053955599042986,51.4879419499034 -0.053922914579374,51.4879335195333 -0.053836396395875,51.4879113021341 -0.053725576360159,51.4878806414677 -0.053685479715987,51.4878694341397 -0.053655204323679,51.4878586920626 -0.0536244685811,51.4878444548941 -0.053593040090318,51.4878293707738 -0.053589952313023,51.4878334148492 -0.053545061985861,51.4878206863005 -0.053494404844374,51.4878064212961 -0.053404260154636,51.4877809580588 -0.0533186710873,51.4877568599987 -0.053217237698319,51.4877283268875 -0.05313105253476,51.4877039912643 -0.053053028829222,51.4876819899171 -0.052922068316372,51.487645079264 -0.052838519508325,51.4876216208581 -0.05274249435584,51.4875944667561 -0.052653064524969,51.4875693178601 -0.052591739490852,51.4875516899166 -0.052565128560695,51.4875860591818 -0.052527568348187,51.4876350352934 -0.052521519976789,51.4876429744246 -0.052515511410244,51.4876414330208 -0.052489527606381,51.4876724763323 -0.052461770999864,51.4877052329997 -0.052398832967165,51.4877539402342 -0.052351535012019,51.4877891023769 -0.052339988449646,51.4877977846678 -0.052345695637196,51.4878006852921 -0.052267870266341,51.4878053838869 -0.052142650740038,51.4878133136599 -0.052055803195099,51.4878187713447 -0.052002339588607,51.4878162145379 -0.051912223960066,51.4878100142774 -0.051839047111982,51.4878053850976 -0.051757152776538,51.4878000803769 -0.051643516073481,51.4877928063436 -0.051532542890405,51.4877857283894 -0.051432963709672,51.4877792183143 -0.051400153142275,51.4877766250703 -0.051352590624483,51.487772421399 -0.051210721732901,51.4877919051062 -0.051152064652049,51.4878000304581 -0.051056863452542,51.4878161937913 -0.050978546703164,51.48782952902 -0.050884188213682,51.4878658053303 -0.050777121607313,51.487906647211 -0.050712778402452,51.487931287627 -0.050658141161288,51.4878988497352 -0.050661148197359,51.4878957927123 -0.050631502598033,51.4878799613124 -0.050623443069296,51.4878848272919 -0.050613498865263,51.4878791771135 -0.050561615273132,51.4879016613752 -0.050547201159965,51.4879078281285 -0.050531073235973,51.4879128737346 -0.050513972425869,51.4879176630441 -0.050499118000635,51.4879196003063 -0.050487656251998,51.4879203799662 -0.050478486490711,51.4879201752626 -0.050474765260291,51.4879200198313 -0.050467341359082,51.4879190716815 -0.050457909084121,51.4879274130459 -0.050437189052636,51.4879460910019 -0.050414626670143,51.4879664901189 -0.050383088696143,51.4879949917825 -0.050370386946786,51.4880084199805 -0.050371402858137,51.4880228533785 -0.050365509998053,51.4880279487333 -0.05035006848576,51.4880418160653 -0.050309731623061,51.488077889019 -0.050286286536365,51.4880989532879 -0.050284304891257,51.488100563319 -0.050272537954353,51.4881113928271 -0.050283573036825,51.4881169649596 -0.050314791889511,51.488132385567 -0.050284096327255,51.4881611925885 -0.050276528782773,51.48816907485 -0.050243192910294,51.4881522601852 -0.050220095637664,51.4881742519985 -0.05019069189628,51.48820191591 -0.050138455190204,51.4882511137747 -0.050130549442784,51.4882584481285 -0.050136718524118,51.4882606838861 -0.050091954972962,51.4883043774247 -0.050065605105421,51.4883302467777 -0.050143646504026,51.488361987116 -0.050150576693063,51.4883649864425 -0.050249161844518,51.4884057061915 -0.050372492269726,51.4884557521833 -0.050484819846417,51.4885012291752 -0.050573816236109,51.4885374311808 -0.050700327677822,51.488588596296 -0.050816029809661,51.4886350778481 -0.050912692865793,51.4886740141487 -0.051086995290222,51.4887439855385 -0.05121668681369,51.4887962686337 -0.051383278503811,51.4888645708727 -0.05148065565691,51.4889045851303 -0.051679512576757,51.4889863397359 -0.051790505215405,51.4890320313832 -0.051871317019596,51.4890776942867 -0.051936940745885,51.4891145731375 -0.051878547744017,51.4891529455177 -0.051803157647359,51.4892026487483 -0.051648802356497,51.4893057870417 -0.051530817623291,51.4893835555415 -0.05152583087571,51.4893866228361 -0.051440097895084,51.4894414397506 -0.051395688413784,51.4894679569628 -0.051361349300489,51.4894897827539 -0.051339662574387,51.489504235223 -0.051323809529692,51.4895109635815 -0.051285026858004,51.4895257234938 -0.051242698869768,51.4895390035625 -0.051222354851019,51.4895442345524 -0.051106896056247,51.4895720584712 -0.050979166614895,51.4896027600621 -0.050792345955831,51.4896481199958 -0.050763754756464,51.4896553477432 -0.050329824430646,51.4897220751172 -0.05026947370761,51.4897306691634 -0.050169618566893,51.4897486797328 -0.04998061089135,51.4897829821073 -0.049941961137795,51.4897901600888 -0.049835789846721,51.4898093683418 -0.049751620901342,51.4898245577277 -0.049695377217042,51.4898347612075 -0.049700751847696,51.4898533786935 -0.049712735076143,51.4898950119364 -0.049707199461706,51.4899135251911 -0.049704399871493,51.4899212997117 -0.049673857185719,51.4899269245594 -0.049593433791416,51.4899461159499 -0.049510224662248,51.4899654695551 -0.049367185138612,51.4899989946384 -0.049325773014597,51.4900086156682 -0.049308509972451,51.4900128310547 -0.049250581845538,51.4900269163897 -0.049218597100664,51.4899757837024 -0.049133271626374,51.4899958122492 -0.0490166869967,51.4900232601538 -0.048914651652214,51.4900478692105 -0.048743398295988,51.4900886262084 -0.048574777816832,51.4901288791322 -0.04844913043557,51.4901577717998 -0.048277648820496,51.4901979514712 -0.048171618052413,51.4902227307539 -0.047998094037024,51.4902633310408 -0.047849311570732,51.4902979438803 -0.047725441935356,51.490327047044 -0.047759044985214,51.4903802215062 -0.047698650037345,51.4903942658815 -0.047635755253048,51.4904090968239 -0.047505128333181,51.4904408129244 -0.047352066946138,51.4904778421755 -0.047212458998692,51.4905109487882 -0.047027768947724,51.4905551529791 -0.046896577673587,51.4905867402923 -0.046725696918891,51.4906276201659 -0.046700568243316,51.490633718475 -0.046571585387309,51.4906624977849 -0.046541022636267,51.4906692779689 -0.046539450190981,51.490629692953 -0.046538073349788,51.4905982650468 -0.046535152819729,51.4905243236202 -0.046529038135653,51.4903483190456 -0.046437330388303,51.4903488227063 -0.046311877685971,51.4903495128432 -0.046172480055582,51.4903494109958 -0.046054240653647,51.490305407767 -0.045863557654376,51.4902353859758 -0.045793173886796,51.4902097705456 -0.045591431578835,51.4902388093877 -0.045312361620352,51.4902797048158 -0.045142841073981,51.490304281183 -0.045163471293592,51.4903420276312 -0.045088354132464,51.4903507728796 -0.045057955581284,51.4903541543064 -0.044895513481642,51.4903727377308 -0.044750376005474,51.4903958686802 -0.044717017195742,51.4903368016818 -0.044668804749492,51.490292113771 -0.044625837684454,51.490246340689 -0.044624414511445,51.4902443879683 -0.044549847359642,51.4901679227481 -0.044491990070757,51.4901199263162 -0.044456038777282,51.4901006256952 -0.044425370219236,51.4900895589749 -0.044405686823971,51.4900851576338 -0.044382999939929,51.4900816315368 -0.044319395773957,51.4900777922189 -0.044140383388276,51.4900677686715 -0.043952105064603,51.4900594418265 -0.043698740089501,51.4900472502766 -0.043409640297519,51.4900314993029 -0.043178535795433,51.490018938168 -0.042935834187058,51.4900071091744 -0.042658110170964,51.4899958044514 -0.042555074812931,51.4899985277668 -0.042473283140639,51.4900038270886 -0.042453764792296,51.49000942647 -0.042405542818665,51.4900273261689 -0.042359168851814,51.4900435822427 -0.042319894180313,51.4900603309974 -0.042255799690823,51.4900887011921 -0.042295743014261,51.4901186241339 -0.04238139396963,51.4901824538923 -0.042479286214733,51.4902513019566 -0.042256038902374,51.4903321912577 -0.041963633940354,51.4904382513401 -0.04193588574572,51.4904487869178 -0.041771563863633,51.4905081470366 -0.041563522486103,51.490580216185 -0.041358942224339,51.4906545649551 -0.04104289562592,51.4907690811156 -0.040781702895626,51.4908632201362 -0.040541295029285,51.4909499299561 -0.04027707278668,51.4910454983308 -0.040346205744607,51.4911140524951 -0.04047356671503,51.4912426473455 -0.040617469571686,51.4913935521037 -0.040725545395786,51.4915084922715 -0.040861951914727,51.4916544574959 -0.040972785304967,51.4917733473391 -0.041023928082485,51.4918305750737 -0.040975708787513,51.4918469769166 -0.040858999415614,51.4918891926563 -0.040674659558775,51.4919548056831 -0.040405801039307,51.4920477041885 -0.040179819645084,51.4921298406108 -0.040146034711277,51.4921429771754 -0.040030744206288,51.4921823398937 -0.04009047809162,51.4922625876521 -0.040183016952968,51.4923870812218 -0.04025627971895,51.4924838492961 -0.040397140101695,51.4926711798956 -0.040478546853424,51.4927786380015 -0.040491995979571,51.4927970086777 -0.040397453193957,51.492821932543 -0.040342897230738,51.4928361768796 -0.040321904036029,51.4928415659886 -0.040263216094688,51.4928613221693 -0.040165383689483,51.4928946819108 -0.040112846108817,51.4929093564835 -0.040025600207801,51.4929310423539 -0.039914498636467,51.4929556628348 -0.039857346024744,51.49296729786 -0.0398002728113,51.4929770825543 -0.039739425271999,51.4929849524587 -0.039684648874132,51.492989590227 -0.039626715036086,51.4929917695614 -0.039571848587455,51.4929915918876 -0.039478801256372,51.4929894805049 -0.039410435680183,51.4929859294269 -0.039374346602625,51.4929836592982 -0.039292559932437,51.4929748844832 -0.039234798338912,51.4929661410647 -0.039180985807969,51.4929552424503 -0.039154852007618,51.4929490650453 -0.039061284911722,51.4929245397862 -0.039007887296639,51.4929078728084 -0.038911045377282,51.4928750065927 -0.03882540396156,51.492840302531 -0.038747092285261,51.4927860473525 -0.038579489777534,51.4926741713876 -0.038387786719918,51.4925407719828 -0.038309476086423,51.4924865164958 -0.03821955003067,51.4924329352232 -0.038173743476111,51.4924096016892 -0.038106017959124,51.4923786682231 -0.038014457296865,51.4923415496592 -0.037914462417913,51.492306604577 -0.037831217522776,51.4922809084558 -0.037724878282511,51.492253379524 -0.03766100163698,51.492240737005 -0.037605774422028,51.492231711439 -0.037541223060634,51.4922239766618 -0.037510280646637,51.4922214333064 -0.037477011012905,51.4922191405413 -0.037399243822492,51.4922169694902 -0.037361217494966,51.4922174900426 -0.037251085190766,51.492224325506 -0.037191884502611,51.4922323025892 -0.037153183376497,51.4922377299819 -0.0369788362419,51.4922721310817 -0.036687137738725,51.4923303153395 -0.036280429575267,51.4924117411026 -0.035872831610218,51.4924922836686 -0.035531578511897,51.4925603388397 -0.035128207666754,51.4926395027935 -0.0348006464817,51.4927017094565 -0.034566116336009,51.4927452230901 -0.034466764599808,51.4927707519371 -0.034281764204517,51.4928156749962 -0.034201222635132,51.4928348653413 -0.034008171551971,51.4928729981577 -0.033875874603561,51.4928994197779 -0.033694249034909,51.4929305117095 -0.033587446793259,51.4929460774518 -0.033410738320066,51.492970596721 -0.033280729254148,51.4929869309664 -0.033213799069663,51.4928622702533 -0.033210317793046,51.4928570040293 -0.033158388185975,51.4928682835519 -0.033117234367717,51.4928768509234 -0.032992383648522,51.4929025296292 -0.032763321810467,51.4929481566709 -0.032545925114594,51.4929919539397 -0.032560864021384,51.4930217149868 -0.032385271330155,51.4930526157259 -0.032179561780262,51.493083299983 -0.032015832110696,51.4931077464549 -0.031935006279846,51.4931669560821 -0.031912137581749,51.4931710450348 -0.031777089903022,51.4931951590772 -0.031593985442426,51.4932282472284 -0.03115823248471,51.4933056958211 -0.030748614412726,51.4933789515978 -0.02989015709777,51.4935337914274 -0.02987785863794,51.4934733861453 -0.029859121335991,51.4933920630182 -0.029856989584048,51.4933662777932 -0.029842945794222,51.4932835875205 -0.029833902085981,51.4932461140055 -0.029818407117068,51.4931508155564 -0.029809749851586,51.4931160392133 -0.029794771337549,51.4930407928277 -0.02978414210381,51.4930111875173 -0.029758445201913,51.492940323896 -0.029732152085817,51.4928760015732</coordinates></LinearRing></outerBoundaryIs></Polygon>
        </Placemark>
    </Document>
</kml>