<?xml version="1.0" encoding="UTF-8"?>
<kml xmlns="http://www.opengis.net/kml/2.2">
    <Document>
        <Style id="ourPolygonStyle">
            <LineStyle>
                <color>70ff0000</color>
                <width>2</width>
            </LineStyle>
            <PolyStyle>
                <color>3dff5500</color>
            </PolyStyle>
        </Style>
        <Placemark>
            <styleUrl>#ourPolygonStyle</styleUrl>
            <name>Southwark Borough Council</name>
            <Polygon><outerBoundaryIs><LinearRing><coordinates>-0.103317129190109,51.5098438033872 -0.10213449170121,51.5098118773293 -0.10203783031296,51.5098112773925 -0.101393774067348,51.5097984484222 -0.101173640859608,51.5097939797827 -0.100931914823914,51.5097781952635 -0.100635109563042,51.5097585577978 -0.100455637719492,51.5097464046272 -0.100341108122998,51.5097388022346 -0.100258272631504,51.5097332212312 -0.100203319102241,51.509729600829 -0.100172236397231,51.5097275370606 -0.100123716544423,51.5097242510589 -0.100038440970782,51.509718573718 -0.099991411301949,51.5097152866241 -0.099926661202646,51.5097107627759 -0.099660207588501,51.5096927333087 -0.099408568907804,51.5096763650924 -0.099324672958645,51.509669711396 -0.099224762197789,51.5096596578003 -0.098783707268689,51.509629797301 -0.09851973464939,51.5096070986652 -0.097707130740561,51.5095354838567 -0.096956722979142,51.5094613232946 -0.096115157740015,51.5093456846572 -0.095913316382718,51.5093123288223 -0.095815523040004,51.5092945621704 -0.095710496805641,51.5092763128912 -0.095390595969994,51.5092088360695 -0.095028968716535,51.5091287931166 -0.094795159593435,51.5090761023958 -0.094347003467657,51.5089757633292 -0.094159930066996,51.5089344098474 -0.094087080105925,51.5089179005407 -0.094010133232228,51.5088993875694 -0.09397677458409,51.5088905550153 -0.09369851445059,51.5088114294561 -0.093466560608537,51.5087468958493 -0.093331682830615,51.5087087402458 -0.09325818223616,51.5086877783241 -0.093181911784543,51.5086663369729 -0.093126741077239,51.5086507440013 -0.093072112565486,51.5086351436328 -0.093033147377317,51.5086241980787 -0.093019473802408,51.5086205540044 -0.093003588160348,51.508616530437 -0.092970360197958,51.5086081322733 -0.092878114798754,51.5085844669503 -0.092810999676675,51.5085677569455 -0.092744104608817,51.5085492303467 -0.092528505720758,51.5084906209124 -0.092413080192254,51.5084599730419 -0.092171314427945,51.5084034112592 -0.092122132072079,51.508391128345 -0.091902459268288,51.5083593092714 -0.091141452056186,51.5082704639289 -0.0899003391018,51.5081243793951 -0.089767246990702,51.5081099923812 -0.089684434455728,51.5081006561806 -0.089597375680236,51.5080909620877 -0.089466522852449,51.5080765140876 -0.089362236969218,51.5080652855996 -0.089297866890141,51.5080584411043 -0.089221588160898,51.508050176845 -0.089167535978842,51.5080443358053 -0.089091083392521,51.5080359571187 -0.089052591586271,51.5080317076755 -0.089024329787725,51.5080284603327 -0.088976225074633,51.5080230983038 -0.088943445537758,51.5080198852416 -0.088942355434988,51.508019763163 -0.08889983624247,51.5080155047 -0.088864372492091,51.5080120734175 -0.088825186094724,51.508007996933 -0.088745087920268,51.507998856281 -0.088608040802523,51.5079838837242 -0.088579637990895,51.5079804262439 -0.088499935444831,51.5079717855751 -0.088450790810938,51.5079657598037 -0.088359429270566,51.5079548669749 -0.08832458248988,51.5079506416339 -0.088166176103187,51.507930095621 -0.088066995677401,51.5079215031519 -0.087955284423005,51.5079070804455 -0.087935302392898,51.5079051584655 -0.087809668602729,51.5078924672616 -0.087751374868595,51.5078867497611 -0.087738535368354,51.5078855017544 -0.087705758334411,51.5078826804723 -0.087695326421788,51.5078819932962 -0.0873124967437,51.507850738158 -0.086858649764087,51.5078180904329 -0.086666560109937,51.5078010738588 -0.086113301675553,51.5077588518394 -0.086075516357201,51.5077554303925 -0.086047753853777,51.5077538253649 -0.085904171190258,51.5077433661774 -0.085842291376526,51.5077389129374 -0.08573107700084,51.5077308127365 -0.085713026619407,51.5077294983423 -0.085706937875937,51.5077291264815 -0.085546781284288,51.5077164440106 -0.085448545496652,51.5077089897461 -0.085334202300535,51.5077008650725 -0.085202452770577,51.507691911147 -0.085125046554797,51.5076864747275 -0.08503767004822,51.5076803763678 -0.08494593096575,51.5076739809908 -0.084909158866737,51.5076669856757 -0.084769446478362,51.5076399399151 -0.084624120347177,51.5076115774216 -0.084575043085835,51.5076016593004 -0.084487759535072,51.5075837578781 -0.084416818601967,51.5075706091218 -0.084394942412069,51.5075665078366 -0.084320723181115,51.5075528423064 -0.084235681863696,51.5075376940618 -0.084131206634606,51.5075201372175 -0.084064021936829,51.5075084156589 -0.084021102010059,51.5075003992255 -0.083971113364203,51.5074912231422 -0.083930538818975,51.507484768395 -0.083909605841144,51.5074808227293 -0.083907459028277,51.5074805735994 -0.083869604597024,51.5074744771547 -0.083775467403325,51.5074628695729 -0.083674403249655,51.5074513608685 -0.083565657027756,51.5074368271853 -0.083440991972622,51.5074201193952 -0.0833376580006,51.5074065247326 -0.083127968596381,51.5073786085586 -0.083086294085254,51.5073722380461 -0.08291052451507,51.50734912811 -0.082860061857609,51.5073410912765 -0.082737031942345,51.5073217989009 -0.08263872045575,51.5073057687306 -0.082620950625107,51.50730316505 -0.082543980133644,51.5072929254872 -0.082483178472529,51.5072827166361 -0.082452407712227,51.5072783228671 -0.082170694309079,51.5072354108686 -0.081895432268174,51.5071951577338 -0.0817492431243,51.507171187625 -0.081546055450975,51.507141989291 -0.081446120358367,51.5071260700374 -0.081295783496232,51.5070964280858 -0.081036922202824,51.5070491124009 -0.08092351816591,51.5070281160671 -0.080852500763261,51.5070139171672 -0.080695350575177,51.5069818265587 -0.080631944483682,51.5069700372412 -0.08053711384676,51.5069532368032 -0.080452833114506,51.5069313312626 -0.080404363758847,51.5069219366546 -0.080314707227164,51.5069039231421 -0.080260293752846,51.5068916469499 -0.080237255403378,51.5068865159735 -0.080221174661054,51.506882749864 -0.080183126264088,51.5068722426205 -0.080165660121512,51.5068680788099 -0.080112889527741,51.5068548429618 -0.080054856123918,51.5068365739613 -0.079939068362297,51.506802689708 -0.079888076223575,51.5067853408448 -0.079810190756801,51.5067591691654 -0.079766300055868,51.5067445633909 -0.079713725207645,51.5067267829463 -0.079575012288505,51.5066847511494 -0.079484971972565,51.5066547101309 -0.079434930355739,51.5066375196363 -0.079291966823857,51.5065989834667 -0.079138320977678,51.5065594240125 -0.079108093380806,51.5065525517862 -0.078267621052767,51.5063286693795 -0.078095068534383,51.5062838570216 -0.077989989152971,51.5062570879836 -0.077844315656358,51.5062180469981 -0.077722609392923,51.5061807191142 -0.077685145098271,51.5061703303647 -0.077587326594572,51.5061427277458 -0.077430295693906,51.5061004702881 -0.077338124342752,51.5060747271827 -0.077252540138101,51.5060505543022 -0.077156063366599,51.5060231999601 -0.0770467785732,51.5059917496127 -0.076674820727872,51.505883802843 -0.076435659000302,51.5058134157386 -0.076095556136763,51.5057151779051 -0.07562371882472,51.5055808247919 -0.075381148525638,51.5055148004223 -0.075237481080844,51.5054761713823 -0.07505608608952,51.5054254684262 -0.074838674485364,51.505376560195 -0.074652640971241,51.5053417982679 -0.074401780341914,51.5052915932878 -0.074322143205061,51.5052723406164 -0.074219835785224,51.5052495849839 -0.074106949103807,51.5052223793628 -0.07397528459921,51.5051878399029 -0.073805447508131,51.5051416774723 -0.073686421302897,51.5051091781395 -0.073469788423524,51.5050469745661 -0.073356271297266,51.5050115115397 -0.073308342684704,51.5049991175565 -0.073268645357197,51.5049857932477 -0.073216076306585,51.504967914709 -0.073140755361888,51.5049429067243 -0.073064274332754,51.5049168787269 -0.073001915599438,51.5048955477865 -0.072938911768631,51.5048743779667 -0.072912717537433,51.5048641730376 -0.072840996195821,51.504836919221 -0.072590442842698,51.5047409461053 -0.072387857193549,51.5046529700391 -0.072041153130023,51.5045116394224 -0.071898793469158,51.5044568913282 -0.071814335242137,51.5044197089057 -0.071571799323105,51.5043061040473 -0.071325612147502,51.5041812004054 -0.071050794535406,51.5040463044194 -0.070855535849778,51.5039532944358 -0.070789880348701,51.5039218883844 -0.070692351802417,51.5038829990156 -0.070579113298844,51.5038483248015 -0.070561993766528,51.5038413604587 -0.07015627551833,51.5037091452984 -0.069845071566798,51.5036073151967 -0.069527801086671,51.5035058969366 -0.069085191999474,51.5033770605058 -0.068728673914937,51.5032749934533 -0.068530195655669,51.5032217625539 -0.068321610162683,51.5031674321832 -0.068028183516124,51.5030868637769 -0.067792746656342,51.5030208271177 -0.067329109058167,51.5028865929144 -0.066568822992637,51.5026771529708 -0.065978499719175,51.5025101257576 -0.065767996059418,51.5024553874148 -0.065276993593626,51.5023547688421 -0.064983356566437,51.5023007677823 -0.064880968183328,51.5022809431543 -0.0645560218835,51.5022259467354 -0.064329104910727,51.5021854535959 -0.064114995513625,51.5021494673164 -0.063943375012802,51.5021213395925 -0.063681167188989,51.5020836032161 -0.063541376261122,51.5020622055593 -0.063395513665394,51.5020397524176 -0.06334844079888,51.5020318157544 -0.063195839661907,51.5020062987458 -0.062927064612963,51.5019610790691 -0.062706251706526,51.5019294677277 -0.062308856115433,51.5018797912312 -0.061774355237498,51.5018160753946 -0.061604869504494,51.5017967807122 -0.061424664142347,51.5017763912809 -0.061246879336337,51.5017566531047 -0.06110856286441,51.5017409270545 -0.060966127896877,51.501725655203 -0.06084096066377,51.5017121435909 -0.060690887244581,51.5016982072812 -0.060544622141007,51.5016852888044 -0.0604958806149,51.5016806650858 -0.060436339657986,51.5016782475567 -0.060326347133195,51.5016754737367 -0.060178599562645,51.5016714735303 -0.060023675652051,51.5016723750238 -0.059876823130557,51.5016732857794 -0.059768137193995,51.5016796399774 -0.059495122619139,51.5017012696461 -0.059271910533071,51.5017244191179 -0.059141042582985,51.5017394036551 -0.058990632160546,51.5017621768348 -0.058668114060307,51.5018121960269 -0.058423097815527,51.5018490609252 -0.05828710603864,51.5018721619059 -0.058130594434606,51.50190014223 -0.057821693221457,51.5019547092173 -0.057602112627563,51.5019935449924 -0.0575296326154,51.5020063574978 -0.057320446876515,51.502042567334 -0.057144609338882,51.502075445476 -0.05691270861103,51.5021342392487 -0.056610066973663,51.5022269063719 -0.056509828207152,51.5022520889113 -0.056344226063068,51.5022970670457 -0.056286504949295,51.5023058033576 -0.056135293718631,51.5023430405464 -0.056006686398045,51.502375116428 -0.055918796013621,51.5024009969091 -0.055833500499201,51.5024233268669 -0.05552338026959,51.5025231755288 -0.055343818622317,51.5025862037966 -0.055140904866511,51.502665607721 -0.054992542595852,51.5027265289225 -0.054846991539569,51.5027962671645 -0.054500771760929,51.5029792866406 -0.053803511303968,51.5033689094678 -0.053394147297049,51.5035997968507 -0.052763124011442,51.5039531367696 -0.052389368120516,51.5041672767633 -0.052225962087838,51.5042490692807 -0.051801747120894,51.5044650659759 -0.051408109940169,51.5046743781649 -0.051289622121118,51.5047437975647 -0.05070699114438,51.5050581516517 -0.049707850073793,51.5056704982688 -0.04936260192203,51.5058921550343 -0.049149888478936,51.5060202741038 -0.048785303653781,51.5062507271243 -0.048622637879012,51.5063435597614 -0.048593078025555,51.5063594372821 -0.048426884943751,51.5064487047067 -0.048115168394793,51.5066127845429 -0.04768120694753,51.5068411937852 -0.047080676195492,51.5071429177329 -0.046928472103655,51.5072247912361 -0.046663180114969,51.5073708198372 -0.046408133860524,51.5074948281136 -0.046017792424902,51.5076853318708 -0.045836927872442,51.5077746329022 -0.045625787927539,51.507877745537 -0.045490332756535,51.5079435314728 -0.045109081526343,51.5080828165087 -0.044887525147953,51.5081662157291 -0.04466292573624,51.5082334704051 -0.044415314247504,51.5082930585941 -0.044109630760001,51.508346216426 -0.043843902032007,51.5083846192175 -0.043617555424994,51.5084304769547 -0.043294579554647,51.5084673371333 -0.042972216264518,51.5084957462808 -0.042558329004398,51.5085533434173 -0.042203667698891,51.5086099162336 -0.042117393022301,51.5086189614018 -0.041975292648675,51.5086235798197 -0.041865254379027,51.5086239870615 -0.041795107856275,51.5086229011759 -0.04166369236681,51.5086221985664 -0.041363841640058,51.5086232627156 -0.040989624190913,51.5086270163361 -0.040730672310426,51.5086298484139 -0.040507305686572,51.5086311990055 -0.040340613450932,51.5086321077805 -0.040251327827009,51.5086323944755 -0.040184009489512,51.5086316606425 -0.040085215861888,51.5086303611587 -0.039853412203808,51.5086270659173 -0.039694722366589,51.5086262640159 -0.039633313939928,51.5086249946679 -0.039600592180039,51.5086243936999 -0.039491665773684,51.5086225673097 -0.039480676605485,51.5086222163253 -0.039290990128928,51.5086181609618 -0.039174496908646,51.5086154199929 -0.038913899131124,51.5086075542076 -0.038823946557613,51.5086012279639 -0.038526758538875,51.5085816118243 -0.038393301917456,51.5085701610039 -0.038324453716906,51.5085638501658 -0.03823188972897,51.5085552846413 -0.038166685179052,51.5085488278296 -0.038131466232154,51.50854493738 -0.0380393012457,51.5085270915331 -0.037905227520893,51.508505564205 -0.037845751515348,51.5084957201558 -0.037776618837229,51.508483996871 -0.037675765608723,51.5084667238738 -0.037619062722887,51.5084554638847 -0.037518367350631,51.5084360306257 -0.037429821208755,51.5084186585152 -0.037362331897561,51.5084070623022 -0.037219835567192,51.5083702223771 -0.037217132956861,51.5083694981864 -0.03709630484777,51.5083383274216 -0.036978855271534,51.5083069450982 -0.036861075583888,51.5082754348239 -0.03681480391423,51.5082630316158 -0.036767920325982,51.5082507503381 -0.036670453729399,51.5082274324387 -0.036514235238081,51.5081948753574 -0.036430725674398,51.508177891653 -0.03633417833231,51.5081589728415 -0.036248403355109,51.5081411219325 -0.036166898558169,51.5081243721455 -0.036089155513381,51.5081058031089 -0.036009446502054,51.5080863054102 -0.035954727715418,51.508071790054 -0.035867804657696,51.5080487784483 -0.03578013641386,51.5080201131141 -0.035712586102981,51.5079962954902 -0.03540141923809,51.5078773059219 -0.035289592284582,51.5078308227019 -0.035221252475265,51.5078007523477 -0.03516358390199,51.5077866835819 -0.035114525979676,51.5077746187783 -0.035092145757972,51.5077690027687 -0.035042571021295,51.5077555875484 -0.034979329755455,51.5077378407788 -0.03495151418562,51.5077300410354 -0.034914845847083,51.5077199049693 -0.034889781312906,51.5077120730319 -0.034837087035447,51.5076956089521 -0.034797651133958,51.5076833167028 -0.034769336638841,51.5076744563453 -0.034763953412271,51.5076726350037 -0.034739595553348,51.5076644902351 -0.03470575531492,51.5076531028915 -0.034668475623431,51.5076406363035 -0.034628472869097,51.5076272202815 -0.034586494977979,51.5076131893016 -0.034540372504071,51.5075977551971 -0.034513068350449,51.5075885924625 -0.034477717688139,51.5075772121002 -0.034449076497803,51.5075681105688 -0.034408601208956,51.5075548951747 -0.034378583338989,51.5075459054375 -0.034356148375139,51.5075389564854 -0.034328394752488,51.507530494801 -0.034290919762244,51.507519087755 -0.034134531634578,51.5074682562285 -0.034047713319403,51.5074416944234 -0.033979540994775,51.5074204182287 -0.03390011838015,51.5073954956019 -0.03380205810748,51.5073644636042 -0.033711839503047,51.5073373615886 -0.033626633351928,51.5073113552528 -0.033560273822178,51.5072911262784 -0.033513468745996,51.5072786739854 -0.033377770445333,51.5072409779369 -0.033185559389307,51.507189418234 -0.033055213859634,51.5071561991684 -0.032848225806557,51.5071054026527 -0.032778193713937,51.5070873462915 -0.03267272421135,51.5070601772556 -0.032547937250892,51.5070301075105 -0.032411664781613,51.5069982783212 -0.032395226007192,51.5069920446934 -0.032345905156337,51.50696415664 -0.032282406672543,51.5069294991216 -0.032219565065601,51.5068957518707 -0.032127123857527,51.5068438044687 -0.032046009747603,51.5067967629538 -0.031981972383526,51.5067654900934 -0.031877469849808,51.5067112788367 -0.031820413015081,51.506681645542 -0.031790675800999,51.5066661390723 -0.031760337758232,51.5066502969662 -0.031747428830971,51.5066435496484 -0.031733752754526,51.5066295295289 -0.0317266905903,51.5066218021236 -0.031680910873059,51.5065798193513 -0.03164102084768,51.5065382016272 -0.031629818871001,51.5065281295203 -0.031596068676492,51.50649778397 -0.031534890992148,51.5064525120066 -0.031463931042339,51.5064088932039 -0.031373820418003,51.506363426691 -0.031351339854222,51.5063514115572 -0.031282052966364,51.5063149493466 -0.031245388106401,51.5063003695467 -0.03120987239635,51.5062870446493 -0.031009595642176,51.5062242842886 -0.030950986548303,51.5062119878202 -0.030841584959155,51.5061790350291 -0.030798116971917,51.5061424512965 -0.03063520633801,51.5060101043274 -0.030521282663646,51.5058914101577 -0.030475314932484,51.5058371294934 -0.030453878402221,51.5058178618667 -0.03041653833302,51.5057740292367 -0.030348153329987,51.5057076883488 -0.030283907499165,51.5056435752411 -0.030181861969827,51.5055479634339 -0.030129614477536,51.5054888225346 -0.030073789776947,51.5053940070488 -0.029987787062109,51.5052381147276 -0.029893554536455,51.505079405913 -0.029875135631109,51.5050336392109 -0.029846642335554,51.504973762441 -0.029825546651514,51.5049215747924 -0.029755226393987,51.5047661822671 -0.02974550710417,51.5047377372297 -0.029702238405605,51.5046431091051 -0.029668213782214,51.5045702444056 -0.029631891631932,51.5044916216021 -0.029603251589675,51.5044296514155 -0.029573911547532,51.5043662404819 -0.029573016882801,51.5043633657091 -0.029579765254302,51.5043367865056 -0.029588461212717,51.5043041788451 -0.029591997054439,51.5042958065655 -0.029609705180962,51.5042624547088 -0.029622173165736,51.5042026827366 -0.029630924595581,51.504166451881 -0.029629070231088,51.5041093987064 -0.029622019708496,51.5040029088972 -0.029584964781197,51.5037462597979 -0.029548269793579,51.5035389632979 -0.02952228623468,51.5034209437426 -0.029512285809689,51.5033601663398 -0.029502127135351,51.5033030220927 -0.02945336565942,51.5030827950158 -0.029447976231757,51.5030420476119 -0.029424027468027,51.5029489355985 -0.029410068438334,51.5028835331203 -0.029392284071791,51.5028203945745 -0.029382694869112,51.5027781691606 -0.029361745122045,51.5026829825217 -0.029373613405426,51.5026251492416 -0.029389595589682,51.5025497887709 -0.029393757149448,51.5025182406872 -0.029401354126549,51.5024602159838 -0.029412548023805,51.5023722731049 -0.029421661409837,51.5022348910742 -0.029457124076583,51.5018407549043 -0.029536253661066,51.5011190626142 -0.02956131834085,51.5009351714611 -0.029643071733604,51.5004876432599 -0.029655748106739,51.5003739101454 -0.029681572423618,51.5002035486249 -0.029694976208933,51.5001141526148 -0.029705109673099,51.5000544923763 -0.029715252334634,51.4999945849866 -0.029720412959922,51.4999655833417 -0.029726058448212,51.4999366977639 -0.029731977759901,51.4999043050644 -0.029733509770272,51.4998984530679 -0.029757685396104,51.4997899493081 -0.029777192371721,51.4997021846968 -0.02979384293845,51.4996297256247 -0.029805438425583,51.4995822546465 -0.029841080032935,51.4994358812221 -0.029842854182606,51.4994229819658 -0.029867613537333,51.4993097199599 -0.029880406487181,51.4992148981286 -0.029899592994635,51.4991159175603 -0.029907187734007,51.4990551444601 -0.029923634919851,51.4989332318088 -0.029937268655386,51.4988477344487 -0.029967464461564,51.4985930138286 -0.029982356701733,51.4984976121588 -0.029990565957975,51.4984168159043 -0.02999681002593,51.4983809609854 -0.03000802522153,51.4982449584103 -0.030012240113333,51.4981472773807 -0.03000981991549,51.4980882369917 -0.030005615588253,51.4979942480859 -0.03000151821082,51.4978853597456 -0.030009674529574,51.4978192425992 -0.030015791028436,51.4977551550278 -0.030028840221735,51.497625325422 -0.030034847678006,51.4975787227047 -0.030069424720301,51.4973362214844 -0.030097382400716,51.4970628046911 -0.030114586033504,51.4968500647342 -0.030144128903717,51.4965782932846 -0.030162204825718,51.4964122114427 -0.030169143070914,51.4963398525086 -0.030174733026021,51.4962694583381 -0.030175330229633,51.4962410562113 -0.030175578100112,51.4961643824206 -0.030179913914322,51.496104423209 -0.030180228713892,51.4960126397725 -0.030191927655468,51.4957414675947 -0.030191603627475,51.4957183557898 -0.030202856475424,51.4956126373741 -0.030188375938215,51.4954878809409 -0.030180644096429,51.4953339264963 -0.030115604995936,51.4946718638485 -0.030096197924493,51.4944236851099 -0.030008224414319,51.4940882042748 -0.029989616674512,51.4939854020107 -0.029897362992301,51.4935691872503 -0.02989015709777,51.4935337914274 -0.029912725707191,51.4935297212032 -0.030748614412726,51.4933789515978 -0.03115823248471,51.4933056958211 -0.031593985442426,51.4932282472284 -0.031777089903022,51.4931951590772 -0.031912137581749,51.4931710450348 -0.031935006279846,51.4931669560821 -0.032015832110696,51.4931077464549 -0.032179561780262,51.493083299983 -0.032385271330155,51.4930526157259 -0.032560864021384,51.4930217149868 -0.032545925114594,51.4929919539397 -0.032763321810467,51.4929481566709 -0.032992383648522,51.4929025296292 -0.033117234367717,51.4928768509234 -0.033158388185975,51.4928682835519 -0.033210317793046,51.4928570040293 -0.033213799069663,51.4928622702533 -0.033280729254148,51.4929869309664 -0.033410738320066,51.492970596721 -0.033587446793259,51.4929460774518 -0.033694249034909,51.4929305117095 -0.033875874603561,51.4928994197779 -0.034008171551971,51.4928729981577 -0.034201222635132,51.4928348653413 -0.034281764204517,51.4928156749962 -0.034466764599808,51.4927707519371 -0.034566116336009,51.4927452230901 -0.0348006464817,51.4927017094565 -0.035128207666754,51.4926395027935 -0.035531578511897,51.4925603388397 -0.035872831610218,51.4924922836686 -0.036280429575267,51.4924117411026 -0.036687137738725,51.4923303153395 -0.0369788362419,51.4922721310817 -0.037153183376497,51.4922377299819 -0.037191884502611,51.4922323025892 -0.037251085190766,51.492224325506 -0.037361217494966,51.4922174900426 -0.037399243822492,51.4922169694902 -0.037477011012905,51.4922191405413 -0.037510280646637,51.4922214333064 -0.037541223060634,51.4922239766618 -0.037605774422028,51.492231711439 -0.03766100163698,51.492240737005 -0.037724878282511,51.492253379524 -0.037831217522776,51.4922809084558 -0.037914462417913,51.492306604577 -0.038014457296865,51.4923415496592 -0.038106017959124,51.4923786682231 -0.038173743476111,51.4924096016892 -0.03821955003067,51.4924329352232 -0.038309476086423,51.4924865164958 -0.038387786719918,51.4925407719828 -0.038579489777534,51.4926741713876 -0.038747092285261,51.4927860473525 -0.03882540396156,51.492840302531 -0.038911045377282,51.4928750065927 -0.039007887296639,51.4929078728084 -0.039061284911722,51.4929245397862 -0.039154852007618,51.4929490650453 -0.039180985807969,51.4929552424503 -0.039234798338912,51.4929661410647 -0.039292559932437,51.4929748844832 -0.039374346602625,51.4929836592982 -0.039410435680183,51.4929859294269 -0.039478801256372,51.4929894805049 -0.039571848587455,51.4929915918876 -0.039626715036086,51.4929917695614 -0.039684648874132,51.492989590227 -0.039739425271999,51.4929849524587 -0.0398002728113,51.4929770825543 -0.039857346024744,51.49296729786 -0.039914498636467,51.4929556628348 -0.040025600207801,51.4929310423539 -0.040112846108817,51.4929093564835 -0.040165383689483,51.4928946819108 -0.040263216094688,51.4928613221693 -0.040321904036029,51.4928415659886 -0.040342897230738,51.4928361768796 -0.040397453193957,51.492821932543 -0.040491995979571,51.4927970086777 -0.040478546853424,51.4927786380015 -0.040397140101695,51.4926711798956 -0.04025627971895,51.4924838492961 -0.040183016952968,51.4923870812218 -0.04009047809162,51.4922625876521 -0.040030744206288,51.4921823398937 -0.040146034711277,51.4921429771754 -0.040179819645084,51.4921298406108 -0.040405801039307,51.4920477041885 -0.040674659558775,51.4919548056831 -0.040858999415614,51.4918891926563 -0.040975708787513,51.4918469769166 -0.041023928082485,51.4918305750737 -0.040972785304967,51.4917733473391 -0.040861951914727,51.4916544574959 -0.040725545395786,51.4915084922715 -0.040617469571686,51.4913935521037 -0.04047356671503,51.4912426473455 -0.040346205744607,51.4911140524951 -0.04027707278668,51.4910454983308 -0.040541295029285,51.4909499299561 -0.040781702895626,51.4908632201362 -0.04104289562592,51.4907690811156 -0.041358942224339,51.4906545649551 -0.041563522486103,51.490580216185 -0.041771563863633,51.4905081470366 -0.04193588574572,51.4904487869178 -0.041963633940354,51.4904382513401 -0.042256038902374,51.4903321912577 -0.042479286214733,51.4902513019566 -0.04238139396963,51.4901824538923 -0.042295743014261,51.4901186241339 -0.042255799690823,51.4900887011921 -0.042319894180313,51.4900603309974 -0.042359168851814,51.4900435822427 -0.042405542818665,51.4900273261689 -0.042453764792296,51.49000942647 -0.042473283140639,51.4900038270886 -0.042555074812931,51.4899985277668 -0.042658110170964,51.4899958044514 -0.042935834187058,51.4900071091744 -0.043178535795433,51.490018938168 -0.043409640297519,51.4900314993029 -0.043698740089501,51.4900472502766 -0.043952105064603,51.4900594418265 -0.044140383388276,51.4900677686715 -0.044319395773957,51.4900777922189 -0.044382999939929,51.4900816315368 -0.044405686823971,51.4900851576338 -0.044425370219236,51.4900895589749 -0.044456038777282,51.4901006256952 -0.044491990070757,51.4901199263162 -0.044549847359642,51.4901679227481 -0.044624414511445,51.4902443879683 -0.044625837684454,51.490246340689 -0.044668804749492,51.490292113771 -0.044717017195742,51.4903368016818 -0.044750376005474,51.4903958686802 -0.044895513481642,51.4903727377308 -0.045057955581284,51.4903541543064 -0.045088354132464,51.4903507728796 -0.045163471293592,51.4903420276312 -0.045142841073981,51.490304281183 -0.045312361620352,51.4902797048158 -0.045591431578835,51.4902388093877 -0.045793173886796,51.4902097705456 -0.045863557654376,51.4902353859758 -0.046054240653647,51.490305407767 -0.046172480055582,51.4903494109958 -0.046311877685971,51.4903495128432 -0.046437330388303,51.4903488227063 -0.046529038135653,51.4903483190456 -0.046535152819729,51.4905243236202 -0.046538073349788,51.4905982650468 -0.046539450190981,51.490629692953 -0.046541022636267,51.4906692779689 -0.046571585387309,51.4906624977849 -0.046700568243316,51.490633718475 -0.046725696918891,51.4906276201659 -0.046896577673587,51.4905867402923 -0.047027768947724,51.4905551529791 -0.047212458998692,51.4905109487882 -0.047352066946138,51.4904778421755 -0.047505128333181,51.4904408129244 -0.047635755253048,51.4904090968239 -0.047698650037345,51.4903942658815 -0.047759044985214,51.4903802215062 -0.047725441935356,51.490327047044 -0.047849311570732,51.4902979438803 -0.047998094037024,51.4902633310408 -0.048171618052413,51.4902227307539 -0.048277648820496,51.4901979514712 -0.04844913043557,51.4901577717998 -0.048574777816832,51.4901288791322 -0.048743398295988,51.4900886262084 -0.048914651652214,51.4900478692105 -0.0490166869967,51.4900232601538 -0.049133271626374,51.4899958122492 -0.049218597100664,51.4899757837024 -0.049250581845538,51.4900269163897 -0.049308509972451,51.4900128310547 -0.049325773014597,51.4900086156682 -0.049367185138612,51.4899989946384 -0.049510224662248,51.4899654695551 -0.049593433791416,51.4899461159499 -0.049673857185719,51.4899269245594 -0.049704399871493,51.4899212997117 -0.049707199461706,51.4899135251911 -0.049712735076143,51.4898950119364 -0.049700751847696,51.4898533786935 -0.049695377217042,51.4898347612075 -0.049751620901342,51.4898245577277 -0.049835789846721,51.4898093683418 -0.049941961137795,51.4897901600888 -0.04998061089135,51.4897829821073 -0.050169618566893,51.4897486797328 -0.05026947370761,51.4897306691634 -0.050329824430646,51.4897220751172 -0.050763754756464,51.4896553477432 -0.050792345955831,51.4896481199958 -0.050979166614895,51.4896027600621 -0.051106896056247,51.4895720584712 -0.051222354851019,51.4895442345524 -0.051242698869768,51.4895390035625 -0.051285026858004,51.4895257234938 -0.051323809529692,51.4895109635815 -0.051339662574387,51.489504235223 -0.051361349300489,51.4894897827539 -0.051395688413784,51.4894679569628 -0.051440097895084,51.4894414397506 -0.05152583087571,51.4893866228361 -0.051530817623291,51.4893835555415 -0.051648802356497,51.4893057870417 -0.051803157647359,51.4892026487483 -0.051878547744017,51.4891529455177 -0.051936940745885,51.4891145731375 -0.051871317019596,51.4890776942867 -0.051790505215405,51.4890320313832 -0.051679512576757,51.4889863397359 -0.05148065565691,51.4889045851303 -0.051383278503811,51.4888645708727 -0.05121668681369,51.4887962686337 -0.051086995290222,51.4887439855385 -0.050912692865793,51.4886740141487 -0.050816029809661,51.4886350778481 -0.050700327677822,51.488588596296 -0.050573816236109,51.4885374311808 -0.050484819846417,51.4885012291752 -0.050372492269726,51.4884557521833 -0.050249161844518,51.4884057061915 -0.050150576693063,51.4883649864425 -0.050143646504026,51.488361987116 -0.050065605105421,51.4883302467777 -0.050091954972962,51.4883043774247 -0.050136718524118,51.4882606838861 -0.050130549442784,51.4882584481285 -0.050138455190204,51.4882511137747 -0.05019069189628,51.48820191591 -0.050220095637664,51.4881742519985 -0.050243192910294,51.4881522601852 -0.050276528782773,51.48816907485 -0.050284096327255,51.4881611925885 -0.050314791889511,51.488132385567 -0.050283573036825,51.4881169649596 -0.050272537954353,51.4881113928271 -0.050284304891257,51.488100563319 -0.050286286536365,51.4880989532879 -0.050309731623061,51.488077889019 -0.05035006848576,51.4880418160653 -0.050365509998053,51.4880279487333 -0.050371402858137,51.4880228533785 -0.050370386946786,51.4880084199805 -0.050383088696143,51.4879949917825 -0.050414626670143,51.4879664901189 -0.050437189052636,51.4879460910019 -0.050457909084121,51.4879274130459 -0.050467341359082,51.4879190716815 -0.050474765260291,51.4879200198313 -0.050478486490711,51.4879201752626 -0.050487656251998,51.4879203799662 -0.050499118000635,51.4879196003063 -0.050513972425869,51.4879176630441 -0.050531073235973,51.4879128737346 -0.050547201159965,51.4879078281285 -0.050561615273132,51.4879016613752 -0.050613498865263,51.4878791771135 -0.050623443069296,51.4878848272919 -0.050631502598033,51.4878799613124 -0.050661148197359,51.4878957927123 -0.050658141161288,51.4878988497352 -0.050712778402452,51.487931287627 -0.050777121607313,51.487906647211 -0.050884188213682,51.4878658053303 -0.050978546703164,51.48782952902 -0.051056863452542,51.4878161937913 -0.051152064652049,51.4878000304581 -0.051210721732901,51.4877919051062 -0.051352590624483,51.487772421399 -0.051400153142275,51.4877766250703 -0.051432963709672,51.4877792183143 -0.051532542890405,51.4877857283894 -0.051643516073481,51.4877928063436 -0.051757152776538,51.4878000803769 -0.051839047111982,51.4878053850976 -0.051912223960066,51.4878100142774 -0.052002339588607,51.4878162145379 -0.052055803195099,51.4878187713447 -0.052142650740038,51.4878133136599 -0.052267870266341,51.4878053838869 -0.052345695637196,51.4878006852921 -0.052339988449646,51.4877977846678 -0.052351535012019,51.4877891023769 -0.052398832967165,51.4877539402342 -0.052461770999864,51.4877052329997 -0.052489527606381,51.4876724763323 -0.052515511410244,51.4876414330208 -0.052521519976789,51.4876429744246 -0.052527568348187,51.4876350352934 -0.052565128560695,51.4875860591818 -0.052591739490852,51.4875516899166 -0.052653064524969,51.4875693178601 -0.05274249435584,51.4875944667561 -0.052838519508325,51.4876216208581 -0.052922068316372,51.487645079264 -0.053053028829222,51.4876819899171 -0.05313105253476,51.4877039912643 -0.053217237698319,51.4877283268875 -0.0533186710873,51.4877568599987 -0.053404260154636,51.4877809580588 -0.053494404844374,51.4878064212961 -0.053545061985861,51.4878206863005 -0.053589952313023,51.4878334148492 -0.053593040090318,51.4878293707738 -0.0536244685811,51.4878444548941 -0.053655204323679,51.4878586920626 -0.053685479715987,51.4878694341397 -0.053725576360159,51.4878806414677 -0.053836396395875,51.4879113021341 -0.053922914579374,51.4879335195333 -0.053955599042986,51.4879419499034 -0.053965784444028,51.4879452278651 -0.053969657178343,51.4879410160575 -0.053972151557636,51.4879383560154 -0.053970379125875,51.4879371889862 -0.053938345856532,51.4879049553975 -0.053916268700453,51.4878813817917 -0.053899025249874,51.4878641061206 -0.053893592411654,51.487854764036 -0.053863088479212,51.4878037463179 -0.053845010163288,51.4877690141903 -0.053826600020785,51.48773351755 -0.053804904825616,51.4876924303393 -0.053772534334842,51.4876310676648 -0.053745424059736,51.4875830649214 -0.053718442662854,51.4875349123307 -0.05370061247553,51.4875029145332 -0.05368941337566,51.4874863462233 -0.053659896867419,51.4874435364505 -0.053627594792055,51.4873976471091 -0.053594697950637,51.4873543252382 -0.05356182333994,51.4873133562627 -0.053548435237644,51.4872965096728 -0.053538738100682,51.4872825895137 -0.053489555157147,51.4872188404806 -0.053408876722943,51.4871152325433 -0.053392618977231,51.487096368828 -0.053377938096778,51.4870788325716 -0.053357094060424,51.487057705604 -0.053339395095301,51.4870397406109 -0.053329697266706,51.4870307062518 -0.053316251665395,51.4870184234619 -0.05329328220623,51.4869987027359 -0.053255507000766,51.4869700894121 -0.053209538351511,51.4869370935319 -0.053196007922134,51.4869381574505 -0.053108011513092,51.4869449628124 -0.053082507416786,51.4869248959765 -0.053057221120727,51.4869053633327 -0.053043532537843,51.4868936133474 -0.053005732451951,51.4868631227098 -0.052991292197194,51.4868500841401 -0.052987625601762,51.4868470609703 -0.052974589602636,51.4868322687343 -0.052967125580962,51.4868247975459 -0.05295723955704,51.4868118346336 -0.052928826360684,51.4867748640711 -0.052917514486514,51.4867552416182 -0.052894207274953,51.4867114187673 -0.052893340376183,51.4867099268339 -0.052914915834443,51.4866781708111 -0.052854680824147,51.4866841620103 -0.052847363194031,51.4866447739082 -0.052838499586216,51.4865962395374 -0.052830574787954,51.4865541668618 -0.052822505073351,51.4865098174772 -0.052812483496721,51.4864570920643 -0.052867459375223,51.4864526205425 -0.052864736244445,51.4864367244436 -0.052859868271355,51.4864084301926 -0.05285724019434,51.4863931426921 -0.052914681104673,51.4863906842449 -0.052919311304081,51.48636755324 -0.052927272426799,51.4863261240013 -0.05292882646094,51.4863181866227 -0.052928311785582,51.4863102904144 -0.052928584535466,51.4862896661724 -0.052927395084394,51.4862776633944 -0.052923081378412,51.4862335274994 -0.052920254794473,51.4862057986459 -0.052918883073,51.4861952334991 -0.052916337126087,51.4861808574439 -0.052914438746605,51.4861683878473 -0.052912908314233,51.4861644181416 -0.052913210056403,51.4861532171235 -0.052914439517772,51.4861170762685 -0.052915816079747,51.4860902571821 -0.052918298185267,51.4860612235306 -0.052920888789933,51.4860332600362 -0.05292549699059,51.4860035818462 -0.052957503789958,51.4859986774159 -0.053005088574996,51.4859912646754 -0.053031494374153,51.4859864128566 -0.053041531927718,51.4859843952433 -0.053049266642983,51.4859816604088 -0.053063811654436,51.485977873237 -0.053071685308819,51.4859755283026 -0.053089381912325,51.4859707260302 -0.05309299720027,51.4859698148595 -0.053110268147796,51.4859640837423 -0.053115228144037,51.4859626121714 -0.05312971255598,51.4859583878302 -0.053141209095361,51.48595498706 -0.05315515276905,51.4859525001504 -0.053162687996791,51.4859508294498 -0.053161071077777,51.4859486182179 -0.053158746157465,51.4859411532734 -0.053154870670183,51.4859281292497 -0.053151650279798,51.4859197753209 -0.05314841748074,51.4859117125552 -0.053134557897291,51.4858775539658 -0.053141857869564,51.4858759279201 -0.053174167810753,51.4858711741535 -0.053229490454871,51.4858627729525 -0.053277686473153,51.4858556139658 -0.053307265079423,51.4858511052619 -0.05330603573613,51.4858453087131 -0.053330559668623,51.4858390181833 -0.053353113622933,51.4858333253267 -0.053370750399294,51.4858281335273 -0.053411992702844,51.485818090972 -0.053440859492074,51.4858120668019 -0.053467727391942,51.4858073187872 -0.053514091002387,51.4857993522844 -0.053518509862119,51.4857759326768 -0.05352292454282,51.4857526110221 -0.053528281858828,51.4857254209984 -0.053531624535476,51.4857057245542 -0.053534335072369,51.4856800409418 -0.053531700951076,51.4856488350596 -0.053530335318444,51.4856334255578 -0.053530265181696,51.4856241536318 -0.053529039086581,51.4856176718821 -0.053526255452666,51.4856014672388 -0.053523365682935,51.4855853534593 -0.053517386981731,51.4855482340615 -0.053513633341273,51.4855223099874 -0.053510793117128,51.4855005719828 -0.053507762745092,51.48547761768 -0.053500300647996,51.4854788588566 -0.053491400074433,51.4854596739899 -0.053470783571519,51.4854246720881 -0.053440386458077,51.4853740354709 -0.05341771107636,51.4853360416002 -0.053394359129171,51.4852968224469 -0.053401693822332,51.485295731141 -0.053392963660361,51.4852811003929 -0.053368188455301,51.4852809919174 -0.053359111298612,51.4852716648003 -0.053350716287975,51.4852661368156 -0.05331390163491,51.4852408047451 -0.053251740727406,51.4851973005636 -0.053229205327943,51.4851987463645 -0.053198531303691,51.4851974022604 -0.053195499820468,51.4851887061425 -0.053169450326961,51.485187135795 -0.053157364158026,51.485185720972 -0.053143002992602,51.4851835111528 -0.053133633795254,51.4851810038643 -0.053122835251237,51.4851778667088 -0.053112836059423,51.4851730746522 -0.053111086394793,51.4851713765057 -0.053099665369282,51.4851628044993 -0.05309427130285,51.4851571599821 -0.05308583796876,51.4851462805748 -0.053078455048344,51.4851246793161 -0.053088258956383,51.4851242864321 -0.053078694754988,51.4850982046518 -0.053063227156423,51.4850366602783 -0.053055770204166,51.4850376470123 -0.053050805187049,51.4850149753 -0.053049095571511,51.4849855059934 -0.053050932949298,51.4849772046122 -0.053041748996463,51.4849213186331 -0.053025934639747,51.4848192168768 -0.053020241075765,51.484785793755 -0.053018125997784,51.4847589103586 -0.05301514988609,51.4847521944878 -0.053004339867331,51.4847205379937 -0.053021575476267,51.4847197137281 -0.0530148755898,51.4846890508888 -0.052988245621601,51.4846852577017 -0.052982553684349,51.4846541628614 -0.052973004315887,51.4846092187378 -0.052963708467996,51.4845679578142 -0.052950869454608,51.4845101046012 -0.052944794233801,51.4844873272034 -0.052938026360727,51.4844608970775 -0.052943810655847,51.4844619797026 -0.052946660370075,51.4844448974027 -0.052938746747403,51.4844439961276 -0.052946257062461,51.4844273599716 -0.05295086767376,51.4844189427963 -0.052957745325426,51.484411472468 -0.052965115894917,51.4844038592485 -0.05297402517705,51.4843971816739 -0.052981039178584,51.4843926623767 -0.052989755496128,51.4843877747762 -0.0529998240745,51.4843838718808 -0.053010506886314,51.4843795142576 -0.053020088117779,51.4843765358257 -0.05302660881376,51.4843752772437 -0.053034373166998,51.4843740707988 -0.053036816398357,51.4843739252384 -0.053044607242517,51.484373246216 -0.053052680088893,51.4843729459823 -0.053050974632814,51.4843779500661 -0.053069730691927,51.4843791627652 -0.053071616957769,51.484377790314 -0.053094161488639,51.484378756595 -0.053083348991509,51.484323773421 -0.053069170189954,51.4842526100748 -0.053057233738935,51.4841853392297 -0.053045916324643,51.4841168934044 -0.053034313048146,51.4840506946457 -0.053022998924609,51.4839866338011 -0.053014163667528,51.4839356493269 -0.053000981480822,51.4838619584345 -0.052992435061098,51.4838131118872 -0.052986828281304,51.4837843404344 -0.052975385757867,51.4837277433714 -0.052972597503724,51.4837130026771 -0.052963359973107,51.4836669881996 -0.052956078182035,51.4836240880762 -0.052947013224649,51.4835718614835 -0.052949398118363,51.4835696025285 -0.052944564288656,51.4835624753916 -0.052942801118415,51.4835620755894 -0.05294013081248,51.4835551804446 -0.05279430862916,51.4835462763098 -0.052789405058652,51.4834943499673 -0.052785652902363,51.4834641066089 -0.052901832351539,51.4834517797445 -0.052900415916187,51.4834293522436 -0.052897955295496,51.4833896869238 -0.0529567010665,51.4833889966277 -0.052950581154248,51.4833029796511 -0.052940816092167,51.4831926563987 -0.052928598411491,51.4829971558779 -0.052930151067128,51.4828985963056 -0.052932549327786,51.4827444325018 -0.052782318202326,51.4827251555219 -0.052785727657006,51.4826450154456 -0.052859708643171,51.4826379119419 -0.052875463460892,51.4826378841542 -0.052896861412683,51.482635925832 -0.052911715455054,51.4826353039306 -0.052933552436834,51.4825157628615 -0.052934107467202,51.482511593091 -0.052943966294125,51.4824574066143 -0.052949801631483,51.4824259529408 -0.052970119465516,51.4822390011502 -0.052979068417894,51.4821524224742 -0.052983344576362,51.4821117251866 -0.052984593004863,51.4821003744286 -0.052985584379339,51.4820913044912 -0.052987897151446,51.4820714020989 -0.052989606078921,51.4820589447738 -0.052991268102344,51.4820468445861 -0.05298400089046,51.4820471761822 -0.052986367448685,51.4820325687939 -0.052991388245453,51.4820023147233 -0.052997382743416,51.4819658726401 -0.053001916919927,51.4819376419759 -0.053006166295599,51.4819127150614 -0.053009774496206,51.481890058988 -0.053014284673835,51.4818626615647 -0.053019430664922,51.4818312935556 -0.053024285599402,51.4818012804343 -0.053026781791456,51.4817864692617 -0.053031591264663,51.48175752284 -0.053037224402631,51.4817219884271 -0.053042552634385,51.4816899930434 -0.053047163229031,51.4816620631095 -0.053050220410474,51.4816426371161 -0.053050420389845,51.4816417294595 -0.05305549276685,51.4816107019548 -0.053059055463177,51.4815891125786 -0.053062609885214,51.481567717311 -0.053064621761229,51.4815551795852 -0.053067453231204,51.481545276003 -0.053074763077136,51.4815196715099 -0.053085123595004,51.4814841562841 -0.053093342261445,51.481455812369 -0.053101928150043,51.4814258126695 -0.053110191221708,51.481397135855 -0.053110522695565,51.4813961503463 -0.053118334168733,51.4813691485968 -0.053126729439356,51.4813399712752 -0.053132943351242,51.4813181831361 -0.053140609431775,51.4812915171018 -0.053148170908079,51.4812654806297 -0.053155648493881,51.4812395875487 -0.053166309633817,51.481202827299 -0.053176798820063,51.4811664517847 -0.053180697183811,51.4811534103216 -0.053195845554557,51.4811518175505 -0.053196788668263,51.48114790153 -0.05320602919295,51.4811171366126 -0.053219907035187,51.4810711968043 -0.053222543534457,51.481063366436 -0.053228970058975,51.4810422311101 -0.053236213640092,51.4810432615296 -0.053229612228519,51.4810328370203 -0.053204132340237,51.4810293804125 -0.053137303714891,51.4810210614385 -0.053122571461524,51.4810193787123 -0.053075691272072,51.4810135943856 -0.053087653832582,51.480977996062 -0.053097089427187,51.4809503944927 -0.053105967159776,51.4809273340536 -0.053099057217047,51.4809269917291 -0.053106146897648,51.4809174026002 -0.053110231477226,51.4809127680835 -0.053122646247208,51.4809007638074 -0.053138364266232,51.4808853251714 -0.053158275819053,51.4808712466834 -0.05318939028253,51.4808650890944 -0.053253934748713,51.4808525101991 -0.053253016751254,51.4808483995887 -0.053249140687177,51.480825354778 -0.053260856222432,51.4808126563111 -0.05327780210363,51.4807940527758 -0.053282406718592,51.4807970888302 -0.053317523638269,51.4807123243492 -0.053349246993507,51.4806419694369 -0.053408539258216,51.4805009019023 -0.053493643377066,51.4804826418776 -0.053487634817897,51.4804061637007 -0.053482021570714,51.4803929291553 -0.053477237242486,51.480389210261 -0.053449313636494,51.4803812247609 -0.05338736002637,51.4803702917343 -0.053327450015477,51.4803599348952 -0.053337317695625,51.4803377011432 -0.053351549462496,51.4803065344135 -0.053420940663921,51.4803170487411 -0.053488286886495,51.4803265812077 -0.053501894906229,51.480327873809 -0.053507430711604,51.4803271366209 -0.053515741422275,51.480323601077 -0.053518092427632,51.4803218622362 -0.053523211072081,51.4803175632305 -0.053527746408935,51.4803091061176 -0.05353579804185,51.4802938341515 -0.053539267217821,51.4802925887083 -0.053552227620232,51.4802689845366 -0.053541336960097,51.4802395335933 -0.053499928201895,51.4802314985663 -0.053484016396402,51.4802129849904 -0.053471062729119,51.4801962975451 -0.053460160531349,51.4801804742195 -0.053453592094177,51.4801698182521 -0.0534482276126,51.4801576418027 -0.053444585025985,51.480122859764 -0.05345108032572,51.4800918540775 -0.053473081336721,51.4800401390518 -0.053495434872582,51.4799912365573 -0.053576224548892,51.4798300186576 -0.053590361167538,51.4798016525019 -0.053592721312972,51.4797975342941 -0.053656832332517,51.4798116271824 -0.053761892236147,51.4796426305558 -0.053850587669668,51.4794820329926 -0.053842905642641,51.4794803469399 -0.053873849565272,51.4794221652014 -0.053896396332767,51.4793801373053 -0.053924227218028,51.4793254218695 -0.053934155868646,51.4793220687445 -0.053939941373174,51.4793045747442 -0.053952726805506,51.479275901931 -0.053975040621965,51.4792206721929 -0.053929941675826,51.47920516229 -0.053976441803114,51.4791298331466 -0.053983178741343,51.479131796664 -0.054031672515561,51.4790578387497 -0.054139270574807,51.4788891204577 -0.0542499508853,51.4787162131052 -0.054309021789788,51.4786237452953 -0.05429484170568,51.4786190898369 -0.054234753608878,51.4785956827049 -0.054122874283988,51.4785535340442 -0.054079933309427,51.4785369413125 -0.05401606009093,51.4785127724609 -0.05349586505979,51.4783154840809 -0.053172638406695,51.4781920179236 -0.052687553559538,51.4780143012911 -0.05268792748401,51.4779932236761 -0.052690124187981,51.4776831206004 -0.052689449144427,51.4774446709985 -0.052693870618167,51.4770565969401 -0.052695572184687,51.4768227300204 -0.052698892802742,51.4764862748141 -0.052702582112547,51.4761842226302 -0.052705301739221,51.4758403040952 -0.052705524956138,51.4756195988432 -0.052705069498335,51.4752423783396 -0.052707601990343,51.4748466570423 -0.052712923357011,51.4746251418936 -0.05271698301156,51.4743918646573 -0.052716303524048,51.4741871267151 -0.052714211033235,51.4739603515966 -0.052715606689806,51.4737068518245 -0.052716348005283,51.4734687495811 -0.052716013641454,51.4732834626665 -0.052714286491149,51.4731032893371 -0.052713265278023,51.4730720868291 -0.052727567563638,51.4730121540093 -0.052737279395387,51.4729910355412 -0.052741706026456,51.4729698292373 -0.052726733606198,51.4729075753453 -0.0526819293048,51.4727732809391 -0.052599558265971,51.4725279276725 -0.052532848505506,51.4723286965741 -0.052458818244181,51.4721220055499 -0.052407524876068,51.4719608205246 -0.052377811053052,51.4718722718321 -0.052377857901681,51.4718711718811 -0.052345037070874,51.471786607541 -0.052274584078861,51.4715649334236 -0.052188467066087,51.4713110785833 -0.052122856816013,51.4711137000106 -0.052056799187599,51.4709130117624 -0.051991673947376,51.4707238444737 -0.051954945273045,51.4706095375796 -0.051802482698318,51.4701590800799 -0.051738329595464,51.469963331587 -0.051688099298159,51.4698186738801 -0.051671516402899,51.469766665604 -0.051661346164405,51.4697460304553 -0.051657823286508,51.4697158070084 -0.051666749864551,51.4696855028103 -0.051743141578185,51.4696159630489 -0.051759029405937,51.4696015508319 -0.051974243184564,51.4694447967352 -0.052116179735287,51.4693396572815 -0.052269644095558,51.4692259025566 -0.052111508263884,51.4690585579709 -0.052015334342687,51.4689549741951 -0.051779908542881,51.4687016723722 -0.051663345884118,51.4685796276745 -0.051519831312684,51.468432317889 -0.051486604055318,51.4683987452088 -0.051452914798151,51.4683622295541 -0.051409034079158,51.4683167385543 -0.05137499226215,51.4682747133595 -0.051316731988463,51.4681944954167 -0.051159579532281,51.4679812841665 -0.051000354864819,51.467773387191 -0.050968927449643,51.4677307111043 -0.050959992365909,51.4677188474245 -0.050893866530763,51.4676322798211 -0.050851444928682,51.4675767039512 -0.050931944742528,51.4675395714637 -0.051104746596045,51.4674593416031 -0.051297192093231,51.4673698193994 -0.051055696291053,51.4671797269794 -0.050789660177152,51.4669716754122 -0.050667475106091,51.4668753512783 -0.050544248987924,51.4667896491809 -0.050556904231019,51.466782154632 -0.05066498249915,51.4667270844589 -0.05081201103765,51.4666539506629 -0.050590936442323,51.4666176185474 -0.050270475278522,51.4665565186551 -0.049939960927434,51.4664855310376 -0.049879426454531,51.4664715584573 -0.049644511574029,51.4664101099413 -0.049597560496122,51.4663976412136 -0.049381155707573,51.4663391972581 -0.049276485558489,51.4663109291805 -0.049174065242717,51.4662796372864 -0.049048041569851,51.4662376212399 -0.048994636437817,51.4662205294659 -0.048929055556264,51.4661980693945 -0.048831707445257,51.4661624011829 -0.048693333425356,51.4661103165663 -0.048508861203363,51.4660372695364 -0.048457912600475,51.4660155232371 -0.048233600238725,51.4659188074365 -0.048176442499363,51.4658942911843 -0.048212375851294,51.4658641124887 -0.048297810391026,51.4657960952031 -0.048361061459299,51.4657463659099 -0.048412374825635,51.465705766973 -0.048460009456019,51.4656683774568 -0.048509437238503,51.4656290798189 -0.048515402227344,51.4656264759062 -0.048420928821439,51.4655788748782 -0.04834309878838,51.4655395393996 -0.048281969725173,51.4655102555544 -0.048195566290404,51.4654686629294 -0.048149974787759,51.4654469032102 -0.048028656083046,51.4653861054042 -0.047929035076016,51.4653371601023 -0.047836007085872,51.4652922877356 -0.047769495612076,51.4652602718214 -0.047707543883179,51.4652304460778 -0.047695199727265,51.4652256252318 -0.047676989752172,51.4652180492398 -0.047639422877806,51.4652064609067 -0.047562831378775,51.4651827302299 -0.047518366736165,51.4651543837515 -0.047471071875295,51.4651241780208 -0.047404862750874,51.4650811452339 -0.047320097107468,51.4650449668874 -0.047172094047501,51.4649785111547 -0.047040932900511,51.4649143503731 -0.04698808890596,51.4648862615005 -0.046919047075795,51.4648407720132 -0.046774753710227,51.4647441461655 -0.046598272075205,51.4646268294857 -0.04654969491701,51.4645932692213 -0.046416462961515,51.4644832228759 -0.046328207342414,51.46439660016 -0.04624781926105,51.4643146436903 -0.046182509366009,51.4642384800355 -0.046135696932533,51.4641751834065 -0.045973525772878,51.4639747788329 -0.045694760089095,51.4635232196351 -0.045433475645024,51.4629462250948 -0.045385584024054,51.4628224616048 -0.045338237935969,51.4626846233996 -0.04533519810252,51.4626613952635 -0.045311279663074,51.4625793720879 -0.045288778877215,51.4625019076812 -0.045239082138028,51.4623247293978 -0.045222752070154,51.4622161292631 -0.045213813053637,51.462161059527 -0.045191214924989,51.4620450174883 -0.045183771176388,51.4619856147328 -0.045171951569707,51.4619064588824 -0.045156272970924,51.4618033049129 -0.045145084497584,51.4617039246425 -0.045136709782457,51.4616228190462 -0.045127909406026,51.4615368186993 -0.045113843981513,51.4614157282962 -0.045106606827674,51.4613574917587 -0.045101117643625,51.4613127566648 -0.045097517636999,51.4612241506061 -0.045092344973052,51.461136940983 -0.045089018873102,51.4610565796955 -0.045086076126126,51.4609770170788 -0.045083216437025,51.4609053812989 -0.045079788641712,51.4608371695318 -0.045079279874756,51.4608243488428 -0.045082501800613,51.460753871207 -0.04508796409687,51.4606191082604 -0.045088119470418,51.4606129794864 -0.045090333894084,51.4605583296468 -0.045091819421831,51.4605203998542 -0.045093191710618,51.4604756200702 -0.045095719872132,51.4604259575371 -0.045098844468962,51.4603845037929 -0.045102839764094,51.460344840677 -0.04510806708974,51.4602921790809 -0.045112273390595,51.4602507442844 -0.045117863036954,51.4601991031335 -0.045122009616293,51.4601622321415 -0.045128170942415,51.4601067119937 -0.045130523824675,51.4600643164026 -0.045131025563782,51.4600525746364 -0.045135938494779,51.4600136021971 -0.045144175243229,51.4599506786407 -0.045152154319196,51.4598908200646 -0.045158021940855,51.4598425756743 -0.045144116535828,51.4598414191803 -0.045146886766092,51.4598211252362 -0.045154300862709,51.4597713211994 -0.045170758471422,51.4596780821132 -0.045186769184723,51.4595804767028 -0.0452028306228,51.4594816823736 -0.045211556981646,51.4594308444595 -0.045222368780303,51.459380184328 -0.045240808946812,51.4593004397989 -0.045261616520083,51.4592142724599 -0.045271505703967,51.4591708506125 -0.045288506881215,51.4590995461947 -0.045308073701097,51.459012698065 -0.045326622597975,51.458932523675 -0.045327412816667,51.4589302005007 -0.045335977397287,51.4588940255181 -0.04534773286085,51.4588465403325 -0.045357066335548,51.4588159151454 -0.045376184204539,51.4587579915723 -0.045392218809289,51.4587088925503 -0.045408042423546,51.4586615643056 -0.045426444086062,51.4586025775035 -0.045454263547874,51.4585204903718 -0.045486430307452,51.4584306825088 -0.045510532412949,51.4583663644743 -0.045533759023233,51.4583026919079 -0.045540743754083,51.4582827326731 -0.045575704047801,51.45818689578 -0.045613149439062,51.4580922891935 -0.045642988363649,51.4580173679721 -0.045680115229103,51.4579280555669 -0.045681488402308,51.4579245523556 -0.045711227949186,51.4578502337805 -0.045739156500793,51.4577804326997 -0.045772307564946,51.4576972455569 -0.045808214424304,51.4576188598196 -0.04583278655711,51.4575632663743 -0.045859408201973,51.4575042736181 -0.045890744829228,51.4574338683656 -0.045923946238869,51.4573593997378 -0.045970960022016,51.4572535936816 -0.045997306442248,51.4571960486552 -0.046008909106977,51.4571966387599 -0.046021588275862,51.4571720190204 -0.046048607101069,51.4571185796664 -0.046089717273008,51.4570371106195 -0.046103872152127,51.4570076278382 -0.046134197538229,51.4569460555689 -0.04602592535519,51.456921927608 -0.045937610738888,51.4569007745421 -0.04577463681573,51.4568605449323 -0.045644498950934,51.4568286552169 -0.04555955367497,51.4568078224635 -0.045505154980267,51.4567944993383 -0.045361841758806,51.4567592195041 -0.045203042704995,51.4567202476142 -0.045127138082263,51.4567018936581 -0.045116311053825,51.4566990879663 -0.04501224191125,51.4566735390756 -0.044977821867119,51.4566697398408 -0.044891570085616,51.4566589487613 -0.04487454942459,51.4566586647157 -0.044746403505147,51.4566378235535 -0.044697941230836,51.4566244381552 -0.044630779769849,51.4566017117628 -0.044574354566978,51.4565814226491 -0.04452475921005,51.4565583445974 -0.044277143862893,51.4564223222349 -0.043915691205239,51.4562205517699 -0.043678018390386,51.4560814692814 -0.043487195331615,51.4559692895159 -0.043135227317641,51.4557631596819 -0.04286373266815,51.4556064204692 -0.042666099025304,51.4554967056468 -0.042467965222454,51.455386658387 -0.042392378057244,51.4553437977866 -0.042242325989287,51.4552680899109 -0.042095373098287,51.4552043663258 -0.041802027794101,51.4550759585329 -0.041643517407319,51.4550049466933 -0.041647771679382,51.4549967856988 -0.041684356180621,51.4549408534237 -0.041845850965542,51.4546817098631 -0.042024157749547,51.4544064026115 -0.042255565520914,51.4540303652628 -0.042341461623918,51.4538887063333 -0.042373958616534,51.4538454134132 -0.042517729036558,51.4536704593118 -0.042774382709561,51.4533638705043 -0.042992263009934,51.4530964369639 -0.043048992041013,51.4531276160482 -0.043128646826724,51.4530563917658 -0.043449718167885,51.4527518846301 -0.043598915864612,51.4526007008493 -0.043726516837991,51.452459696843 -0.043898756394128,51.4522697386929 -0.044071552224661,51.4520788210352 -0.044262148921651,51.4518698205653 -0.04439967033356,51.4517192672751 -0.044423938171885,51.4516948420308 -0.044468979333164,51.4516552858263 -0.044512563825678,51.4516257018125 -0.044557515423039,51.4516003321978 -0.04467093711828,51.4515306380926 -0.044732213266408,51.451485547824 -0.044752218249972,51.451464276224 -0.044768859554018,51.4514371444568 -0.044779380909445,51.4514082981207 -0.044784271129865,51.4513783901671 -0.044791829660594,51.4513585241668 -0.044798589588792,51.4513331618587 -0.044806931597102,51.4513191120599 -0.044824721153483,51.4513013511782 -0.044846843498281,51.451278825314 -0.044883611042628,51.4512758921041 -0.044922317142763,51.4512758932466 -0.044955350864658,51.4512757988179 -0.045009536259464,51.4512638045009 -0.045023316571045,51.4512553284162 -0.04502511189218,51.4512495534493 -0.0450564967388,51.4511913885149 -0.045096863578738,51.4511162824178 -0.045098088511774,51.451087603772 -0.045098736459218,51.451048273284 -0.045093422550167,51.4509914312332 -0.045087866979149,51.4509765047182 -0.04508762028884,51.450958119985 -0.045111742621781,51.4509249861276 -0.045147377696507,51.4508881747175 -0.04526493014724,51.4507579250248 -0.045447965860404,51.4505565348351 -0.045624075752281,51.4503601892729 -0.045757296369472,51.4502134325536 -0.04595150205476,51.4500041670378 -0.046080287826481,51.4498679961371 -0.046091981617974,51.4498565633484 -0.046133086404252,51.4498607965802 -0.046138243778256,51.4498608825923 -0.046258588476219,51.4498706288659 -0.046626761413387,51.4499042180339 -0.04701451889698,51.4499444401452 -0.047205523879353,51.4499657627259 -0.047471693484407,51.4500019421834 -0.047749608052114,51.4500463779914 -0.047933910134539,51.450073633622 -0.048091265466097,51.4500898598634 -0.048273251437627,51.4500958684156 -0.048550140186735,51.45010758076 -0.048776439784559,51.4501143734162 -0.048996915774125,51.4501064569865 -0.049061067294275,51.4500959361393 -0.049178410797822,51.4500671551093 -0.049310010942632,51.4500255113786 -0.049803768719923,51.4498679636273 -0.050452089741708,51.4496595779281 -0.050928975617095,51.4495077275773 -0.052488277897705,51.449013301563 -0.052795850493561,51.4489090211629 -0.052845902383504,51.4488886910129 -0.052959261824749,51.4488396861236 -0.053016736126494,51.4488154486456 -0.053058581300907,51.4487985090251 -0.053096159663072,51.4487870417054 -0.053132719954276,51.4487805952809 -0.053176403006615,51.4487772897343 -0.053270193473174,51.4487712907547 -0.053406882931294,51.448761470335 -0.053512082786421,51.4487526373352 -0.053585137521233,51.4487412548294 -0.053625833043616,51.4487323580465 -0.053660125532295,51.4487223467597 -0.05374026830538,51.4486959657453 -0.053830921245122,51.4486878988795 -0.053855986331085,51.4486862999814 -0.05387992351368,51.4486922399795 -0.053928299886257,51.4487293120382 -0.053953141394735,51.4487529111285 -0.054052070728943,51.4488346669449 -0.054161925531859,51.4489060230994 -0.054276453929613,51.4489707381746 -0.054309877823726,51.4489891523384 -0.054359669902519,51.4490143321277 -0.054461983851004,51.4490626722068 -0.054554902219078,51.4491067293174 -0.05468853148659,51.4491642584118 -0.054778048190948,51.4492028927882 -0.054917827272022,51.4492634122587 -0.055074047086281,51.4493256496821 -0.055151734717819,51.4493628490518 -0.055263397179079,51.44940886788 -0.055508127477305,51.4495101338229 -0.055730298787086,51.4495982306325 -0.056010093448367,51.4497060631545 -0.056230088318028,51.4497910266331 -0.056334022526587,51.44983237568 -0.056510757625196,51.4498860764579 -0.056601216148068,51.4499181215629 -0.056722400137963,51.4499655352682 -0.056861394542648,51.4500212929253 -0.056966380165925,51.4500690563979 -0.057016237612045,51.4500927909699 -0.057142773937974,51.4501619623101 -0.057198408568375,51.4501890210701 -0.057275152173167,51.4502285972709 -0.057367737817604,51.4502684370303 -0.057422480978517,51.4502884961116 -0.057534519444267,51.4503333562064 -0.057557846183761,51.4503427233117 -0.057577875540716,51.4503257422884 -0.057677761420825,51.4502416214722 -0.057731705130653,51.450200208756 -0.057790790166909,51.4501543407386 -0.057877579594593,51.4500938661872 -0.057947499290628,51.4500417792645 -0.058013463567339,51.4499972635024 -0.058186901712675,51.4498680633831 -0.058400093955933,51.4497133552588 -0.058485560996939,51.449658875492 -0.05872774260019,51.4495038612461 -0.058863379248823,51.4494250198592 -0.059031392381566,51.4493254582376 -0.059274227360918,51.4491882470497 -0.059652014845021,51.4489987593574 -0.059814073637826,51.4489272772541 -0.060290196643624,51.4487275149188 -0.060552071551809,51.4486129727146 -0.06068125629359,51.4485447644359 -0.06091210337665,51.4484118811319 -0.061165934818952,51.4482491814142 -0.061382254546582,51.4481094784384 -0.061606859074443,51.447952591821 -0.061801613100981,51.4477865516239 -0.061920185871018,51.4476641244487 -0.062032463291038,51.4475415930069 -0.062178538458281,51.4473726542098 -0.062194288844405,51.4473520080512 -0.062282868848106,51.4472377517232 -0.06247481722102,51.4470025454345 -0.062657986123249,51.4467528607423 -0.062871955805709,51.4464303641449 -0.062877447918454,51.4464195384769 -0.063017800746302,51.446199061885 -0.063147986554355,51.4459508627591 -0.063267906855267,51.445677301039 -0.063437961853716,51.4452631050976 -0.06350075753263,51.4450838848848 -0.063577997336882,51.4448681422 -0.06362214637726,51.444690548051 -0.063661690553126,51.4445364184971 -0.063671956171984,51.4445011165623 -0.063676698619491,51.4444621765284 -0.063688277440757,51.4443714325442 -0.063696162602172,51.4442925188249 -0.063702281538811,51.4442240958127 -0.063704638951088,51.444206499688 -0.063697927275179,51.4441554996839 -0.063686855954746,51.4440550502589 -0.063679562460129,51.4439415624094 -0.063663508952597,51.4438445576434 -0.063653284587364,51.4437622600062 -0.063644130112538,51.4436164955165 -0.063643846411064,51.4435469594592 -0.063649968930032,51.4433450151925 -0.063677214766772,51.4430879140512 -0.06370794537688,51.4428679356703 -0.063844740409227,51.4425257764028 -0.063866120801874,51.4424826661511 -0.063962940051314,51.4422548113612 -0.064035991674195,51.4420716092474 -0.064063606134871,51.4420095874157 -0.064080805687739,51.4419841753362 -0.064135813208204,51.4419226061876 -0.064252398209979,51.4418157006544 -0.064363701261325,51.4417192887747 -0.064495019652816,51.4416070841138 -0.064585350291272,51.4415299758906 -0.064627527176985,51.4414858296009 -0.064751446663798,51.4413833604233 -0.064760586370599,51.4413750652777 -0.064918129487251,51.4412482770096 -0.065030552324525,51.4411634712293 -0.065003056509735,51.4411463900635 -0.064958134595585,51.4411219670007 -0.064870325049996,51.4410822237754 -0.064809120967053,51.4410615623037 -0.064646471778769,51.4410185672318 -0.06458912528304,51.441001999999 -0.064495692706298,51.4409680485505 -0.06436259116214,51.4409322032322 -0.064271623755642,51.440911662993 -0.064240822880195,51.4409079300629 -0.064077987862765,51.440890728186 -0.064061532964158,51.4408649811446 -0.064049135373009,51.4408409135817 -0.064035503938293,51.4408094091768 -0.064023337962286,51.4407798642627 -0.064014863000435,51.4407484441749 -0.063998011370943,51.4406710964668 -0.063990204008958,51.4406238877733 -0.063985828738003,51.4405809273945 -0.063981680602081,51.4405569961617 -0.063972153474299,51.4404894431691 -0.06396363767237,51.4404589909377 -0.063957636445821,51.4404056852238 -0.063949190334861,51.4403613679804 -0.063942376180005,51.4403028886999 -0.06391266274238,51.4401392294168 -0.063885618449959,51.4399978653878 -0.063872235631625,51.4399483064145 -0.063841847400381,51.4398371985976 -0.063815739068039,51.4396981072376 -0.063790908569721,51.4395532320687 -0.063762261968626,51.4393933916699 -0.063761667766204,51.4393866866288 -0.063736459831969,51.4392424419027 -0.063735271558649,51.4392095307015 -0.063731785308236,51.4391333714937 -0.063730028571708,51.4390294797647 -0.063731395516384,51.4388863559439 -0.063732059102897,51.4387364200568 -0.063733498979981,51.4386535706068 -0.063733208413809,51.4386116453604 -0.063729003219592,51.4385280569115 -0.063732582138968,51.4384678150159 -0.063745132306936,51.4383174307978 -0.063750885085408,51.4382423910269 -0.063753934233094,51.4381092636327 -0.063748352889838,51.4380582211533 -0.063740164650964,51.4380200350142 -0.063728867011953,51.4379943731645 -0.063704874337679,51.4379517341986 -0.063682940573679,51.437921382099 -0.063648443661008,51.4378830830361 -0.063578243318179,51.4378106583301 -0.063528269235465,51.4377601724998 -0.06350663240058,51.4377349845082 -0.063469432521459,51.4376878654301 -0.063400738147315,51.4375717797573 -0.063493727224265,51.4375269621189 -0.063695119765718,51.4374350624879 -0.063801846084148,51.4373894644568 -0.063930981996959,51.4373286169053 -0.064032091432163,51.4372824222277 -0.064118549855734,51.4372395123686 -0.064208655955039,51.4371865852646 -0.06426831750067,51.437148270311 -0.064328170469821,51.4371054242633 -0.064363154299881,51.4370787942618 -0.06439336802073,51.4370505737246 -0.064417116169593,51.4370227499533 -0.064439209926521,51.4369959069474 -0.064458716463364,51.436973051813 -0.064504582941982,51.4368987359023 -0.064530093695964,51.4368482682987 -0.064573652872857,51.4367522476142 -0.06462987159777,51.4366236865701 -0.06469306758124,51.436482644389 -0.064769768578221,51.4363272126839 -0.064796933041657,51.4362757642275 -0.064873989794125,51.4361500661957 -0.064913342073409,51.4360963001218 -0.065008799183683,51.4359739293552 -0.065171339245382,51.4357710413965 -0.065218537097811,51.4357032976071 -0.065322370830467,51.43553521364 -0.06543606269023,51.4353627581407 -0.065535527422438,51.4352026630671 -0.06559892526805,51.4350948776763 -0.065644046648509,51.4350190372642 -0.065711644195675,51.4348881437098 -0.065769595163766,51.4347757340523 -0.065794318030946,51.4347247486309 -0.065817027963458,51.4346833038279 -0.065851673223625,51.434626436279 -0.06592076921313,51.434536379883 -0.065970486443258,51.4344853034628 -0.066045663076036,51.4344230590488 -0.066176382198017,51.4343244468274 -0.066337777845175,51.4342056822773 -0.066360906846611,51.4341924595576 -0.06643720522193,51.4341418225721 -0.066501440672143,51.4340904819393 -0.066557959376473,51.4340500985828 -0.066702413120331,51.4339507043274 -0.066812544137057,51.4338814777005 -0.066928928703587,51.4338168902852 -0.066997888017913,51.4337872931432 -0.067200888587647,51.4336949104904 -0.06742472521092,51.4336053901243 -0.067522429643122,51.433563166922 -0.067757500464582,51.4334556934718 -0.067880177736675,51.4333947350977 -0.068014364179498,51.4333284240812 -0.068394622478679,51.4331422233503 -0.06864211109703,51.4330268909159 -0.068861575162099,51.4329262112282 -0.068963262733781,51.4328850606571 -0.069020602531532,51.4328633320632 -0.069113873670966,51.4328306074587 -0.069142406232096,51.4328230165263 -0.069420626951446,51.4327434591192 -0.069570430479299,51.432708138798 -0.069653418589547,51.4326898559628 -0.069917838011379,51.4326317347318 -0.070156139798385,51.4325812447723 -0.070289557324862,51.4325522040095 -0.070460387038965,51.4325152136027 -0.0706052297735,51.4324828336563 -0.070687115062918,51.4324715859511 -0.070752698897963,51.4324646039388 -0.070847218347243,51.4324596110153 -0.070906803071001,51.4324610958544 -0.070926135459823,51.4324614142123 -0.070992906752174,51.432464529058 -0.071085220852209,51.4324736067811 -0.071173444448835,51.4324841287854 -0.071289689795655,51.4324991436028 -0.071372296159311,51.4325090684713 -0.071511943405756,51.432523460244 -0.071618756696381,51.4325327762386 -0.071712873464035,51.4325373489242 -0.071768558554198,51.4325357466218 -0.071899282415606,51.4325323550847 -0.072006752821843,51.4325260626815 -0.072080434218763,51.4325182059932 -0.072170353353406,51.4325075930712 -0.072226356273281,51.4324984381529 -0.072316572018924,51.432480775973 -0.07237836177393,51.4324681891946 -0.07244182674212,51.4324541173435 -0.072489964982131,51.4324402977721 -0.07253570908088,51.4324259351861 -0.072587344549596,51.4324056226925 -0.072631243942457,51.4323776252662 -0.072668572504919,51.4323525431273 -0.072708888336104,51.4323139065716 -0.072729470710633,51.432284517384 -0.072774046371505,51.4322212617944 -0.07281290008569,51.4321599273612 -0.072829093827607,51.4321390316888 -0.072865530773968,51.4320968033525 -0.072886769708127,51.4320709528501 -0.072918648612181,51.4320412458621 -0.073141847636076,51.4318131452874 -0.073298149578095,51.4316615374289 -0.073431346077503,51.4315226493175 -0.073535290759082,51.4314084727018 -0.073612421847029,51.4313185441544 -0.073678658834918,51.4312385129532 -0.073733639946932,51.4311577930255 -0.073880418802513,51.430983353991 -0.074008333084582,51.4308358135226 -0.074073423458682,51.4307638244737 -0.074131582650725,51.4306841647069 -0.074166131883619,51.430648455349 -0.074336668660553,51.4304839801427 -0.074387240678607,51.4304314026366 -0.074456612050004,51.4303534378162 -0.074543170967261,51.4302500600538 -0.074669808151576,51.4300944357227 -0.074749691462282,51.42999648951 -0.074864203390962,51.4298416728899 -0.074912883162231,51.4297381759405 -0.074963908616465,51.4295213503376 -0.074996729282569,51.4293541064647 -0.075018680780856,51.429253696357 -0.075037644304324,51.429166841602 -0.075046883910708,51.4291387782093 -0.075062859507151,51.429065477909 -0.075080827416019,51.4289831410043 -0.075085673696991,51.4288869849227 -0.075084972389831,51.4288461618216 -0.075078038117585,51.428800196679 -0.075057661472507,51.4287096729539 -0.075035038117983,51.4285959340046 -0.07501881862667,51.428540747837 -0.07500137001109,51.4284764712297 -0.074991810116509,51.4284546493383 -0.074971374730626,51.4284230739888 -0.074955029839525,51.4283709091633 -0.074914244310558,51.4282865986537 -0.074866547899921,51.4281941142198 -0.074822158784861,51.4281188146945 -0.07476715120234,51.428027720871 -0.074742604057025,51.4279789473269 -0.074699827674236,51.4279228210434 -0.074666908726842,51.4278814675232 -0.074611352322115,51.4278226113477 -0.074563087827216,51.4277628677939 -0.074521431508685,51.4277165180503 -0.074464953630633,51.4276278136069 -0.074321305272049,51.4274707582328 -0.074312055499839,51.4274458487216 -0.074296263436241,51.4274188846994 -0.074273115447104,51.4273751727755 -0.074250942591679,51.4273082994714 -0.074217385945985,51.427224612943 -0.074205662831745,51.4271967076944 -0.074185737933497,51.4271530487379 -0.074160892741316,51.4270730315215 -0.074122025246242,51.4269426780161 -0.074091202077753,51.4268513645407 -0.074058068093008,51.426744328543 -0.074043558322029,51.4266968295889 -0.074040806946497,51.4266837824151 -0.07401923815726,51.4266078937143 -0.073992164706852,51.4265215951486 -0.073960109638808,51.4264517256396 -0.073954892492807,51.4264345101795 -0.073929099539037,51.4263499898637 -0.073920118830023,51.4263202987181 -0.07391374569589,51.4262960228059 -0.073909811068849,51.4262740325153 -0.073907981115657,51.4262522090254 -0.073907530237828,51.4262251266783 -0.073907179693113,51.4262230975113 -0.073907214125635,51.4262217653292 -0.073907138528028,51.4262184313163 -0.073907145576264,51.4262171688286 -0.073907419468694,51.4262136993734 -0.073907438422112,51.426212974857 -0.073907451733838,51.4262128977369 -0.073910363983607,51.4262127082077 -0.073916046134633,51.4262123277078 -0.073924092403153,51.4262117936302 -0.073934137897177,51.4262111287523 -0.073936764845338,51.4262109507187 -0.07394409919913,51.4262100029518 -0.07395239559847,51.4262089253171 -0.073964139959761,51.4262074043664 -0.07397337506596,51.4262062387457 -0.073995734279267,51.4261990981881 -0.074048334141528,51.4261745850149 -0.074106889609196,51.4261479754621 -0.074169543224184,51.4261214341523 -0.074337011068486,51.4260658367244 -0.074603731003157,51.4259669868383 -0.074649744508735,51.4259459416175 -0.074755065248492,51.4258803463227 -0.074851216772728,51.4258133169583 -0.0749329908142,51.4257466933387 -0.074972581993464,51.4257075890165 -0.075041677064186,51.4256269303759 -0.075461706348502,51.4249745946774 -0.075857539389673,51.4243639383914 -0.076327475163573,51.4236292643704 -0.076636881015938,51.4231508526184 -0.076795448242219,51.422907233736 -0.07700043553761,51.422589690245 -0.077100045350666,51.4224370261983 -0.077109882646324,51.4224215940893 -0.077141567401252,51.4223704071452 -0.077251350348064,51.4222041887008 -0.077318444228263,51.4220980503163 -0.077365139538249,51.4220240574438 -0.077368853546249,51.4220185680203 -0.077444257070581,51.4218995874913 -0.077550406482311,51.4217307857744 -0.077698626383872,51.421498897153 -0.077843374107086,51.4212714658004 -0.077967656805859,51.4210781689562 -0.07808341431334,51.4208989830767 -0.078133843873782,51.4208206348299 -0.078162392794323,51.4207758143914 -0.078184838557194,51.4207452005266 -0.07822092996245,51.4206957475156 -0.078236775317488,51.4206741521848 -0.078258482607562,51.4206447168441 -0.078271088975495,51.4206273030973 -0.078284180550684,51.4206094656537 -0.078287860172012,51.4206046878744 -0.07829999078233,51.4206079120958 -0.07844122415174,51.420645653847 -0.078559649248272,51.4206750922686 -0.078689044789757,51.4207069920071 -0.078786646979684,51.4207309626972 -0.078856018065085,51.4207479729254 -0.078899701003939,51.4207587065416 -0.078949877260601,51.4207715484474 -0.07899089062702,51.4207820790704 -0.079008572550085,51.4207864850949 -0.079036146516604,51.4207919697235 -0.079061029777559,51.4207975487066 -0.079086496876804,51.4208032334827 -0.079110918082582,51.4208098849174 -0.079133024843406,51.4208172277099 -0.079152446797588,51.4208246613609 -0.079155809486289,51.4208263100393 -0.079175472940937,51.4208365606078 -0.079187426231543,51.4208443951541 -0.079202820411358,51.4208552726496 -0.079205988698624,51.4208580935029 -0.079217513304165,51.4208686062783 -0.079228705293613,51.4208813582111 -0.079236397507366,51.4208919574183 -0.079241037152893,51.4209011612373 -0.079245607901074,51.4209120087169 -0.079248945610112,51.4209294196352 -0.079249833705177,51.4209445700503 -0.079249587825591,51.4209508475179 -0.079235735040581,51.4209890467605 -0.079219417736829,51.4210198161686 -0.079202147522269,51.4210518037657 -0.079184984813258,51.4210819810661 -0.079145266168314,51.4211518956342 -0.079116985200783,51.4212018007432 -0.079095056291954,51.4212374898184 -0.079089193227225,51.4212471077323 -0.079034851881792,51.4213438958745 -0.079009404668798,51.4213896378868 -0.078945621154397,51.4215045553834 -0.07890864564842,51.4215682027985 -0.079026629577388,51.4215961846974 -0.079094716550057,51.4216124308803 -0.079189466290873,51.4216352905481 -0.079287727177158,51.4216577364881 -0.079529452010234,51.4217185455843 -0.079583474413066,51.4218213624489 -0.079636167087776,51.4219112977216 -0.079655833205659,51.4219404421908 -0.079663788019019,51.4219526068236 -0.079676565779214,51.421969125721 -0.079704722221203,51.4220053464503 -0.07973314810618,51.422035139012 -0.079798000947785,51.4221026313833 -0.079809743833164,51.4221144327426 -0.0798252745541,51.4221300623955 -0.079835541844021,51.4221395266044 -0.079846538456221,51.4221346079338 -0.079911546649236,51.4221085413079 -0.07994968014378,51.4220933003421 -0.079981792519411,51.4220808095977 -0.080063890810264,51.4220519321907 -0.080113409207197,51.4220352374922 -0.080136984698626,51.4220260132668 -0.080166678065618,51.4220147148435 -0.080222610563045,51.421999172895 -0.080276032208036,51.4219864333038 -0.080331360694646,51.4219738742211 -0.080436140273856,51.421951748699 -0.080671286292417,51.4219021972096 -0.080775611174495,51.4218803085458 -0.080876285893031,51.4218597143064 -0.080894458097237,51.421889482456 -0.080935887459913,51.4219617855462 -0.080974374960319,51.422028847959 -0.081033052301288,51.4221366495144 -0.081076079985511,51.4222163735319 -0.081120333921751,51.4223004098957 -0.081162850478954,51.4223823512243 -0.081202903732367,51.4224545273343 -0.081242024351784,51.4225179273345 -0.081282570480644,51.4225821519301 -0.081341702290557,51.4226908806987 -0.081369091688461,51.4227344337607 -0.081393900863448,51.4227837880923 -0.081436248179512,51.4228608272284 -0.081453231867508,51.422887771838 -0.081485741754517,51.4229485769422 -0.081565962871702,51.4230978327312 -0.081629259320647,51.4232131754005 -0.081665815708338,51.4232778308925 -0.081695532136898,51.4233375865741 -0.081712008266756,51.4233615452995 -0.081734584907411,51.4233783853837 -0.08180819820402,51.4233614919062 -0.081876523198474,51.4233474335569 -0.08202861708971,51.4233158097168 -0.082286325634058,51.423256518165 -0.082497118158608,51.4232093861477 -0.082547903470988,51.4231981374226 -0.082603983152551,51.4231856237178 -0.082637328070441,51.4231782243736 -0.082638389862774,51.4231779773647 -0.082656741531611,51.423173901847 -0.082676284797716,51.4231695364778 -0.082727587979941,51.4231581468726 -0.08275312567534,51.4231522519058 -0.082817577321676,51.423137005521 -0.082847569037273,51.4231307814543 -0.08290950628442,51.4231183895559 -0.082971781737882,51.4231052360729 -0.083016463051988,51.4230952424711 -0.083041812473764,51.4230897202618 -0.083058676465171,51.4230856868835 -0.083095488635244,51.4230770968497 -0.083234578223128,51.4230473899687 -0.083306398334491,51.4230321784643 -0.08334012320699,51.4230250090636 -0.083355681138964,51.4230212843094 -0.08338490902312,51.4230139576807 -0.083402879905678,51.4230095259978 -0.083412820401725,51.42300705285 -0.083418275685525,51.4230057230428 -0.083423419524227,51.4230044456935 -0.083428272839658,51.4230032364322 -0.083446781348153,51.4229998782892 -0.083462551180141,51.4229967954785 -0.083463234225937,51.4230090755572 -0.083462584692118,51.4230303113638 -0.083461763271512,51.4230463033431 -0.083463756473278,51.4230706921058 -0.083466881477727,51.4231070175692 -0.083471862452848,51.4231494183714 -0.083471978182943,51.4231516720667 -0.083477107166305,51.4231957614433 -0.083482315019853,51.4232437424028 -0.083486120013071,51.4233137067349 -0.083492930557386,51.4233755035022 -0.083498387770173,51.4234283212792 -0.083503721656058,51.4234840875811 -0.083517645910063,51.4235882975514 -0.083527880026007,51.4236961350981 -0.083539409525935,51.4238092150642 -0.083546500299463,51.423881543397 -0.083550880479601,51.4239302293299 -0.083549508302379,51.4239720423657 -0.083550469476623,51.4240010572286 -0.083553507941353,51.4240323704679 -0.083559138176676,51.4240652369021 -0.083561390620842,51.4241268952327 -0.083566305779639,51.4241653372041 -0.083570831195888,51.4242246163495 -0.083576933244672,51.4242549041659 -0.083584221611804,51.4243231646731 -0.083597779920598,51.4244502310605 -0.083606973378417,51.4245293788572 -0.083612366593088,51.4245809122913 -0.0836285444532,51.424715852465 -0.083641629642992,51.4248119371393 -0.083659140346972,51.4249156014086 -0.083666646446138,51.4249617422353 -0.083671993570047,51.424987316246 -0.083679427890948,51.4250128209828 -0.08369407749052,51.4250610894579 -0.083702482739501,51.4250853915489 -0.083710619875193,51.4251016946406 -0.083747427900971,51.4251782851416 -0.083766468238397,51.4252194230823 -0.083795846006231,51.4252751249128 -0.083811093002697,51.425307705282 -0.0838349577742,51.4253508088158 -0.083843458781246,51.4253710360164 -0.083850293643385,51.4253924427984 -0.08385827122313,51.4254096398503 -0.08386978300918,51.4254297274464 -0.083889188519276,51.4254621393115 -0.083912353958286,51.4254970668107 -0.083944870406728,51.4255513661075 -0.083968893943473,51.4255871011557 -0.084010681112876,51.4256439507071 -0.084035123233042,51.4256913132178 -0.0840599909915,51.4257285341926 -0.084101122343803,51.4257830132464 -0.084126067654971,51.4258183478646 -0.084185205583137,51.4259026199034 -0.084228751077662,51.4259625656098 -0.084263192246282,51.4260145745564 -0.084295127568618,51.4260542716969 -0.084357512090029,51.426142136345 -0.084449849288075,51.4262720253726 -0.084534082193723,51.4263880946108 -0.084579108383622,51.4264487721352 -0.084660431614147,51.4265621983517 -0.084736414236265,51.4266679840542 -0.084825961494302,51.4267923999437 -0.084895390676172,51.4268924146681 -0.08494600880379,51.4269638040841 -0.085006142955775,51.4270513959716 -0.085046324722004,51.4271105786312 -0.08508298245424,51.427163803426 -0.085117920352306,51.4272129892604 -0.085149043397487,51.4272540883595 -0.085172340846416,51.4272837320762 -0.085187158013023,51.4272995490781 -0.085220135175663,51.4273329796401 -0.085254238208239,51.4273637729907 -0.085289957226462,51.4273909065535 -0.085354095207788,51.4274343950464 -0.085382108245033,51.4274514097204 -0.085469714163196,51.4275004085533 -0.085587647944938,51.4275576467271 -0.08568361496733,51.4276042010665 -0.0857622084719,51.4276430963551 -0.085824350374649,51.4276738872576 -0.085861650650302,51.4276911812624 -0.085940150608311,51.4277322880482 -0.085999799385675,51.4277643969437 -0.086028439476217,51.4277790844445 -0.086054272127678,51.4277961001944 -0.086075218915842,51.4278170910107 -0.086089251273519,51.4278482945004 -0.086093693622401,51.4278690165659 -0.086091841775875,51.427899222226 -0.086081151891691,51.4279432962233 -0.086072898721342,51.4279592793524 -0.086066656212671,51.4279750309397 -0.086032490571553,51.4280350533863 -0.086017277753235,51.4280688357539 -0.085985924868219,51.4281331137188 -0.085964885198162,51.4281736264869 -0.085928178936866,51.4282425966959 -0.085906240641181,51.4282819598688 -0.085886643285044,51.4283172839081 -0.08587112633039,51.4283532789384 -0.08586134832271,51.4283838541934 -0.085859975081683,51.4284120002044 -0.085862045142704,51.4284260800325 -0.085866478399024,51.4284414071189 -0.085874240932839,51.428457996349 -0.085883935332763,51.4284743815296 -0.085895671263345,51.4284895563485 -0.085909431663711,51.4285043766499 -0.085941973902552,51.4285285911423 -0.085961735924356,51.4285404168384 -0.085980077732989,51.4285492219949 -0.086005718865711,51.4285609503905 -0.086024988112239,51.4285685611478 -0.086050445699406,51.428577452873 -0.086081035146261,51.4285866757388 -0.086100595735612,51.4285915834822 -0.086125478657781,51.4285974280022 -0.086211450501683,51.4286182616462 -0.086313860129385,51.4286417954235 -0.086419610260205,51.4286660158749 -0.086531768426999,51.4286921844376 -0.086639800896152,51.4287182855068 -0.086749072423531,51.4287429318752 -0.086871144576467,51.428771842976 -0.086966829264074,51.428797004671 -0.087111747598432,51.4288385530896 -0.087238366457176,51.4288745515929 -0.087376332360709,51.4289137316407 -0.087478081375496,51.428943711381 -0.087567531075352,51.4289694128741 -0.087654950814079,51.4290003923596 -0.087741366292902,51.4290356854602 -0.087806866244389,51.4290633034032 -0.087881475226978,51.4290988137591 -0.087948948446546,51.4291356824342 -0.087997835678439,51.4291656541469 -0.088053989620851,51.4292040934285 -0.088088010861851,51.4292301353988 -0.088119729990189,51.4292570840416 -0.088161140886553,51.429295990404 -0.088198006621439,51.429335294704 -0.08822702328304,51.429370814397 -0.088256417103879,51.4294146703459 -0.08826931232895,51.4294307361312 -0.088337597242598,51.4295188718563 -0.088361106381144,51.4295519994616 -0.088429713982823,51.4296538869121 -0.088487142566484,51.4297404362073 -0.088511671339118,51.4297717152893 -0.088541652068891,51.4298183424435 -0.088600510809939,51.429909757674 -0.088632819966643,51.4299748141337 -0.088673281517677,51.4300653527228 -0.088757898208459,51.4302683859709 -0.088814872844507,51.4304115648308 -0.088836429904673,51.4304697398223 -0.088848938947865,51.4305034855306 -0.088853562282608,51.4305172508136 -0.088862107150289,51.4305399488469 -0.088878555367994,51.4305858947026 -0.088896643107241,51.4306366802894 -0.088905310081188,51.4306628659507 -0.088932881546126,51.4307411931499 -0.088954319151645,51.4308018589884 -0.088975735177653,51.4308630433584 -0.088984406413971,51.4308893702688 -0.088996550602384,51.4309283834281 -0.089029484666877,51.4310380411293 -0.089090178735386,51.4312214201855 -0.089112417186414,51.4312852798252 -0.08913060559378,51.4313379752902 -0.089148956370759,51.4313915385143 -0.089177717528538,51.4314738526913 -0.089201659730724,51.4315428120774 -0.089220558299826,51.4315994561865 -0.089236614444301,51.4316489549559 -0.089250019599492,51.4316941334745 -0.089282994693461,51.4318039724936 -0.089304795745021,51.4318790885254 -0.089328143719402,51.4319528178965 -0.089333160223547,51.4319697181854 -0.089349856107776,51.4320343389948 -0.089361294574343,51.4320811446065 -0.089365924686298,51.4320962031457 -0.089385302747756,51.4321564683719 -0.089402443713271,51.4322155271388 -0.089437266576742,51.4323240257084 -0.089453139744311,51.4323721626251 -0.089481778632668,51.4324733687296 -0.089490972538962,51.4325078039901 -0.089504825428131,51.4325580221774 -0.089527771536701,51.4326473331847 -0.089534038329104,51.4326689256463 -0.089552589307556,51.432740372574 -0.089573825345227,51.4328211906885 -0.08961132468612,51.4329565306876 -0.089624749782859,51.4330016968738 -0.089640259306402,51.4330522154301 -0.08964610330213,51.4330737371391 -0.089672196450105,51.4331617693661 -0.089708807843938,51.4332924725002 -0.089741223917924,51.4334095918261 -0.089785909433725,51.4335700005255 -0.08982121221781,51.4336968405128 -0.089854283130231,51.4338150370188 -0.089892232390686,51.4339529437217 -0.089914563004612,51.4340330719553 -0.089933826654411,51.4341143309511 -0.089958467084087,51.4342204574875 -0.08999005040132,51.4343080369617 -0.090014735404404,51.4343950920995 -0.090032469665765,51.434479084259 -0.090056618916997,51.4345739184888 -0.090069970281473,51.4346159062758 -0.090102914927085,51.4347260872346 -0.090160804071391,51.4349210846827 -0.09020624077429,51.435074865282 -0.090259764026633,51.4352764894023 -0.090303687168931,51.4354320447574 -0.090349087297895,51.4355867248748 -0.090365072507534,51.435686911615 -0.090383473823843,51.4357637310558 -0.090421153170897,51.4359308879245 -0.090463899897156,51.4360914609371 -0.090471581160466,51.4361153138384 -0.090494647437243,51.4361846435696 -0.090526394422816,51.4362721823603 -0.090546191436962,51.4363200260671 -0.090627334424396,51.4365183905039 -0.090667439505243,51.4366247796353 -0.09069399875367,51.4366952714632 -0.090739040053298,51.4368176880765 -0.090764810262702,51.4368929611321 -0.090785559648059,51.4369471351095 -0.090822972385828,51.4370402967445 -0.09084616251078,51.4371066787443 -0.090899726289032,51.4372449123333 -0.090940291557415,51.4373496451673 -0.090954653523763,51.4373855134506 -0.090994162076758,51.4374882650005 -0.091019403811199,51.4375531776747 -0.091049206509616,51.4376204767193 -0.091092937006565,51.4377094219019 -0.09111990624146,51.4377598913548 -0.091159961584496,51.4378306955542 -0.091232886446609,51.4379345210769 -0.091282070132477,51.4380142312001 -0.091387254063092,51.438180032249 -0.091466672277857,51.4382840254362 -0.091519808863476,51.4383569094948 -0.091599356797839,51.4384527292741 -0.091662308007438,51.4385320753252 -0.091729763449338,51.438606992863 -0.091847890396993,51.4387448511588 -0.091907776333752,51.4388286480854 -0.091947719044052,51.4388725092995 -0.091958296516582,51.4388951880159 -0.092051506287606,51.4390434434749 -0.09212106957761,51.4391715088161 -0.092158915157835,51.4392657489644 -0.092201431270163,51.4393861723592 -0.092269398837251,51.4395871303418 -0.092321316414101,51.4397239101134 -0.092423000954212,51.4400145399065 -0.092467669862457,51.4401178937849 -0.092555492496873,51.4403263771897 -0.092594779239539,51.4404206406301 -0.092622159542017,51.4404895041157 -0.092703364893588,51.4406756969526 -0.092794951609611,51.4408713141638 -0.092895726243394,51.4410815557612 -0.093029167572326,51.4413693528479 -0.093100976118433,51.4415100935455 -0.093140021735345,51.4415908131831 -0.093176663319119,51.4416628524347 -0.093227444948958,51.4417495247561 -0.093274998219323,51.4418251974986 -0.093321943001725,51.4418933710564 -0.093354230909796,51.4419371071862 -0.093388924462981,51.4419895254973 -0.09343268751554,51.442045547329 -0.093499516282459,51.4421232629353 -0.093547909456459,51.4421787845123 -0.093592952784183,51.4422261849996 -0.093749380436956,51.4423883229347 -0.093866495587016,51.4425204378187 -0.094018856064275,51.4426917278101 -0.094154383735821,51.442846611489 -0.094225175186437,51.442939947056 -0.094311101266924,51.4430462032799 -0.094323064291361,51.4430688674392 -0.09437767903264,51.4431521447771 -0.094426767606202,51.4432353322178 -0.094475471487525,51.4433277319759 -0.094520611107719,51.4434171933326 -0.094576720533468,51.4435310301801 -0.094614118486651,51.4436071137069 -0.094693260114614,51.4437656895598 -0.094726100271298,51.443840546948 -0.094781290354642,51.4439543687357 -0.094805311800247,51.4440417581656 -0.09482104424725,51.4440846491748 -0.094867572282471,51.4442179983905 -0.094912121717615,51.4443551904437 -0.094924146056816,51.4443985975915 -0.094940642760523,51.4444674274585 -0.094958670250232,51.4445437714738 -0.094974102932827,51.4446160408955 -0.094980526102591,51.4446610854029 -0.094988922651057,51.4447251747227 -0.094991288138405,51.4448012641022 -0.09499133557871,51.4448817043166 -0.094990036811382,51.4449486045588 -0.094998803791313,51.4450013724755 -0.094999149805196,51.4450696232071 -0.095002697113736,51.4452094750688 -0.095007153369625,51.4452359784648 -0.095014807428328,51.4452701894797 -0.095030605760001,51.4453261400689 -0.095046798565103,51.4453709171305 -0.095065444773463,51.4454120344066 -0.09509189866483,51.4454631653684 -0.095127111364701,51.4455253857315 -0.095192606436979,51.4456353423953 -0.095238442968017,51.4457081059974 -0.095325412308842,51.4458353650085 -0.095390578677876,51.4459295157352 -0.095479526761079,51.4460519524338 -0.095560196809784,51.4461517849371 -0.095727257774558,51.4463469329918 -0.095917664379215,51.4465793345078 -0.096037882290713,51.4467259004329 -0.096080407952528,51.4467674981559 -0.096115970283455,51.4467991876932 -0.096157791176729,51.4468355886482 -0.096269515995994,51.4469203693232 -0.096526164406061,51.447103851019 -0.096814432814281,51.4473190365589 -0.097133954812172,51.4475637560667 -0.097304253123986,51.4476937668474 -0.097373583492475,51.4477469999323 -0.097471518461021,51.4478236786684 -0.097598450223409,51.4479216105932 -0.097700246353648,51.4479995910338 -0.097814817664975,51.448082572859 -0.097913911198144,51.4481546099175 -0.098017241309175,51.4482241338032 -0.098128735100228,51.4482960032381 -0.098163865292669,51.4483168532128 -0.098202985337088,51.4483410871966 -0.098317703555031,51.4484063720449 -0.098476091405579,51.4485000193798 -0.09859750376714,51.44857463026 -0.098734709279952,51.4486668274026 -0.098831086762698,51.4487332889844 -0.098982029532411,51.4488476467922 -0.099065569611366,51.448912979045 -0.099134399070515,51.4489749367965 -0.099198735207702,51.4490456714947 -0.099222947244542,51.4490782029253 -0.099264028181956,51.4491359640631 -0.099290315601473,51.4491850634172 -0.099313668570068,51.4492337464606 -0.099337619516319,51.4492964509747 -0.099356601512214,51.4493509624284 -0.099371904889213,51.4494087334779 -0.099391178894768,51.4494846364824 -0.099408685558236,51.4495538165322 -0.099436463746112,51.4496446642021 -0.099469415972469,51.4497322198598 -0.099517227186969,51.4498314473182 -0.099530838477509,51.4498589551038 -0.099564898372464,51.4499075689269 -0.099629404513825,51.4499722800087 -0.099663488047318,51.4500041746596 -0.099695425612113,51.4500308725983 -0.09972385710216,51.4500567771568 -0.099771358897272,51.4501065891167 -0.099821978957204,51.450152394942 -0.099962341331657,51.4502727984144 -0.100052275781908,51.4503075095041 -0.100092143410616,51.4503152539583 -0.100110153563729,51.450318210544 -0.100121864766405,51.4503184489797 -0.100179497420265,51.4503193833635 -0.100212819902849,51.4503194883452 -0.100275477445517,51.4503231147731 -0.100337658757572,51.4503252118554 -0.100517496022466,51.4503288645009 -0.100709174396282,51.4503316026695 -0.100762726295925,51.4503360884521 -0.100758017045442,51.4504051501183 -0.100753568886708,51.4505069751978 -0.100745338021437,51.4506440457915 -0.100745319738815,51.4507333481441 -0.100748224695651,51.4508411341261 -0.100749715785078,51.45093852753 -0.100752865230041,51.4509737235506 -0.100763509344136,51.4510185851574 -0.100776601244361,51.4510863138971 -0.100805281347385,51.4511587008743 -0.100807384052941,51.4511624481026 -0.100838761385336,51.4512334138486 -0.100860385031927,51.451266950627 -0.10088373338512,51.4513016214734 -0.100910044167371,51.4513359707183 -0.100938400907697,51.4513658971545 -0.100970634020679,51.451404555514 -0.100990964694784,51.4514269390594 -0.101007518578667,51.4514452334977 -0.101019943896521,51.4514589673002 -0.101030749316468,51.451470741387 -0.101040238605332,51.4514806578041 -0.101058456833535,51.4515001887446 -0.101080973924785,51.451524235411 -0.101099968545482,51.4515436827024 -0.101129932004737,51.4515747133698 -0.101164019009635,51.4516107398303 -0.101187785157942,51.4516345171453 -0.101219098060205,51.4516665363869 -0.101246115200943,51.4516977126291 -0.101266349984795,51.4517208526687 -0.101275160804329,51.4517322077207 -0.101294031364074,51.4517576332169 -0.101303610258879,51.4517736149448 -0.101315430719206,51.4517930862468 -0.101337253086248,51.4518322556784 -0.101354627155496,51.4518639887853 -0.101365808428826,51.4518853382247 -0.101374897149249,51.4519049145413 -0.101383203668066,51.4519239521019 -0.101390046723666,51.4519464524799 -0.10140294173548,51.4519815878473 -0.10141041870118,51.4520107352199 -0.101424953652983,51.4520706301977 -0.101429879532851,51.4520936183988 -0.101435639504277,51.4521188440457 -0.101438638044064,51.4521323288483 -0.101443480733179,51.4521535755836 -0.101445775007173,51.4521654059815 -0.101450213941358,51.4521895508665 -0.101453351792806,51.4522065127638 -0.101454339388363,51.4522162914052 -0.101454202484189,51.4522343378424 -0.101454056354945,51.4522467429137 -0.101453942771315,51.4522571143289 -0.101453899560857,51.4522627359603 -0.101453626928338,51.4522662549429 -0.101453283462745,51.4522708222438 -0.101452027292684,51.4522869134866 -0.101449322111588,51.4523185748595 -0.101446094472647,51.4523343796637 -0.101439897650455,51.4523646508262 -0.101436591778494,51.4523830353111 -0.101435253484547,51.4524004121002 -0.10143258952011,51.4524161253163 -0.101430525716794,51.4524211179845 -0.101415316439885,51.4524536334284 -0.101388835905252,51.452491806212 -0.101306401979667,51.4525951815609 -0.101225806784551,51.4526873590691 -0.101183912672277,51.4527414143301 -0.101128280460626,51.4528154116337 -0.101101894999863,51.4528512819236 -0.101072970725349,51.452899462749 -0.10105135925981,51.4529367233446 -0.101037176094743,51.4529656231533 -0.101025026597806,51.4529972996352 -0.101009903892064,51.4530522760752 -0.10100812943208,51.4530647932472 -0.101005154481427,51.4530840769708 -0.101004275101757,51.4531110979304 -0.101005823244054,51.4531378560686 -0.101010504904533,51.4531705777859 -0.101022046164051,51.4532164862697 -0.101046442514733,51.4533396700059 -0.101071711928251,51.4534418497902 -0.101089634571886,51.453536167672 -0.101097797769469,51.4535738226231 -0.101104325382469,51.4536076740725 -0.101117881316649,51.4536924840896 -0.101122463718175,51.4537406098435 -0.101124381480224,51.4537797265465 -0.101125272657407,51.4538151395454 -0.101123252314505,51.4538353865849 -0.101119630898857,51.4538515528038 -0.101112211215785,51.453873924592 -0.101101312795725,51.4538947660808 -0.101080489345411,51.4539272462575 -0.101067902116782,51.4539429641283 -0.10102123492095,51.4539956730873 -0.101001447550518,51.4540191726926 -0.100990025466412,51.4540312646341 -0.100962745029053,51.4540563199717 -0.100894181888176,51.4541111173995 -0.10080295108262,51.4541915601358 -0.100621197954802,51.454335351578 -0.100550870666369,51.4543981274447 -0.100486976042483,51.4544448042228 -0.100349520337999,51.4545553050167 -0.100332166234493,51.4545693061369 -0.100245645163081,51.4546328480857 -0.100138484993615,51.4547102523726 -0.100095864517798,51.4547411271816 -0.10000438586379,51.4548076092739 -0.099922556844086,51.4548629203643 -0.099837612694856,51.4549175756667 -0.099820220219039,51.4549289231983 -0.099783629429478,51.4549543075096 -0.099750402931168,51.4549801996039 -0.099680508200787,51.4550275484339 -0.099564917586647,51.4550983208489 -0.099532602403482,51.4551196970631 -0.099449392741429,51.4551733235542 -0.09937626191993,51.4552228841184 -0.099331479504828,51.4552534223247 -0.099259452965782,51.455299677869 -0.099181402285609,51.4553512736298 -0.099129674363509,51.455386078616 -0.099105353616411,51.4554012408347 -0.099009291323776,51.4554616064023 -0.09892676008739,51.4555163001884 -0.098857174333953,51.4555619916621 -0.098799293100582,51.4555994152133 -0.09875440623391,51.455626628647 -0.098728872156831,51.4556419212828 -0.098684066715716,51.4556671728717 -0.098614131791276,51.4557037964416 -0.098561266685177,51.455731030531 -0.098480632535005,51.4557691422947 -0.098385957017585,51.4558135198852 -0.098306295517635,51.4558514953337 -0.098241226020851,51.4558815528218 -0.09819121799178,51.4559040003539 -0.09814087231685,51.4559229684471 -0.098092320414732,51.4559452884894 -0.098010241828005,51.4559832254074 -0.097960049833625,51.4560043101364 -0.097891615507312,51.4560338595765 -0.097852952667382,51.4560509029584 -0.09781700452171,51.4560666306744 -0.097782846898054,51.4560799710655 -0.09774039415755,51.4560951408313 -0.097724402051684,51.4561018291072 -0.097698082666534,51.4561127292534 -0.097680813254744,51.4561210577678 -0.097656883890644,51.4561326010225 -0.097617327954387,51.4561537071866 -0.097575551677945,51.4561758348508 -0.097540698653877,51.4561942996985 -0.097471708382401,51.4562313911643 -0.097428578084258,51.4562553043562 -0.097400068184142,51.4562718370645 -0.097353360991455,51.4562999358805 -0.097320016765473,51.4563204665368 -0.09730522434287,51.4563301823424 -0.097269724509808,51.4563541582173 -0.09722356916519,51.4563851130782 -0.097185176154715,51.4564131354951 -0.097144500336428,51.4564448231874 -0.097125791764548,51.45645940526 -0.097095553324441,51.4564833693946 -0.097066898635773,51.4565027198284 -0.097043430510286,51.4565201238937 -0.096972831645406,51.456582236728 -0.096820559614504,51.4567099272165 -0.096785231361233,51.4567362708507 -0.096709052211136,51.4567940311851 -0.096610352507934,51.4568676496809 -0.096593522500496,51.4568817711716 -0.096529270644776,51.4569371297834 -0.096507018308421,51.4569544671583 -0.096420299165578,51.4570102125654 -0.096332200995762,51.4570707286949 -0.096288567920147,51.4570980433889 -0.096224806730851,51.4571375437214 -0.096182287526691,51.4571628548792 -0.096167217471919,51.4571717926459 -0.096138514840392,51.4571955620594 -0.09609763293979,51.4572248683313 -0.096061904363232,51.4572483590071 -0.096022675968009,51.4572729681741 -0.095963954974211,51.4573083586886 -0.095953624403916,51.4573149570565 -0.095925974081123,51.4573352605856 -0.095898327480343,51.457354747618 -0.095849804107443,51.4573879413503 -0.095812658143686,51.4574149772815 -0.095787383746747,51.4574360190287 -0.09577081191198,51.4574503936985 -0.095757119363428,51.4574650013056 -0.09574338261523,51.4574860668569 -0.09567118627121,51.4575806405138 -0.095648993673749,51.4576175219555 -0.095614857635514,51.4576719090257 -0.095593132051323,51.4577117477003 -0.095532857317402,51.4578269197829 -0.095524691041954,51.4578529670475 -0.095495634137149,51.4579129672283 -0.095451239934469,51.4580011103561 -0.095422932944246,51.4580430542753 -0.095380147467506,51.4581208997316 -0.095352170798114,51.4581691179164 -0.095335454445604,51.4582020325287 -0.09531352203372,51.4582326492196 -0.095307569738261,51.4582480390574 -0.095288899907944,51.4582853463931 -0.095268828779887,51.4583137819868 -0.095238523386336,51.4583612248795 -0.095211525162346,51.4584142521215 -0.095152606736973,51.4585110089114 -0.095084700231532,51.4586109379269 -0.095038229953752,51.4586780299618 -0.094988420226924,51.4587402736041 -0.094947511835766,51.4587871753481 -0.094870621178184,51.4588618843243 -0.094783228029971,51.4589478532809 -0.094636009802079,51.4590955341006 -0.094529722224953,51.4592003405293 -0.09441077781091,51.4593171092685 -0.094355099548814,51.4593659981445 -0.094286474660812,51.4594265218302 -0.094162359314628,51.4595403276244 -0.094102818817621,51.459591276782 -0.093990010767254,51.4596876142418 -0.093898324869015,51.4597665954407 -0.093787840652371,51.4598615541359 -0.093684464741546,51.4599490761709 -0.093533272893444,51.4600757718485 -0.093432962265156,51.460161151079 -0.09331866768201,51.4602551624555 -0.093181327169682,51.4603639166083 -0.093097177974657,51.4604285503414 -0.092992350856524,51.4605049258168 -0.092940530478692,51.4605411051787 -0.092873234784612,51.4605876802034 -0.092787268095712,51.4606471663134 -0.092755785169419,51.460668365361 -0.092669529756609,51.4607257225776 -0.09259181500064,51.4607775559481 -0.092518351619662,51.4608270978458 -0.092461583239209,51.4608658196754 -0.092388545646387,51.4609141885629 -0.092360063720749,51.4609359084813 -0.092325881984676,51.4609674466234 -0.092300409820634,51.4609894502355 -0.092249840357107,51.4610516362879 -0.092244242691841,51.4610583833221 -0.092222791945383,51.461084234774 -0.092207193499422,51.4611054143875 -0.092194874966518,51.4611242669886 -0.092135174631163,51.4612112936644 -0.092076057362514,51.4613019386322 -0.092003771473568,51.4613987064288 -0.091930507359844,51.4614976938763 -0.091836181490814,51.4616222647144 -0.091778018620888,51.4617005958852 -0.091736222408586,51.4617544874901 -0.091594999281419,51.4619249916311 -0.091536920375106,51.4619950785131 -0.091433391573121,51.4621186556368 -0.091388867355496,51.4621716987329 -0.091353456578802,51.4622149216707 -0.09131882273275,51.4622563595821 -0.091300371274145,51.4622761319942 -0.091266221404923,51.4623170435981 -0.091246482310504,51.4623464569429 -0.091198340468228,51.4624191542632 -0.091152951666954,51.4624920429899 -0.091118929508557,51.4625434809592 -0.091081742704019,51.4626080023206 -0.090995141177484,51.462760423264 -0.090947436724953,51.4628338308494 -0.090877254267987,51.4629455198915 -0.090786019700079,51.4630948454123 -0.090707181281072,51.4632237144577 -0.090679587910733,51.4632735555938 -0.09065791251666,51.4633174715322 -0.090649571694551,51.4633407098437 -0.090635487827838,51.4633928960802 -0.09061994529607,51.4634528499503 -0.090600078116667,51.4635485023985 -0.090582829971604,51.4636476291841 -0.090526185655437,51.4639222848035 -0.090492301550162,51.4640761227678 -0.090442446489172,51.4643154733403 -0.090424818660446,51.4643981918618 -0.090403442416623,51.4644858286404 -0.090389094970569,51.464553659896 -0.09035610267895,51.4646937667842 -0.090318325508069,51.464865271545 -0.090269805395416,51.4650808073533 -0.090247277867814,51.4651893849592 -0.090229536934645,51.4652496203946 -0.090213250676759,51.4653081511077 -0.090197987733487,51.4653753442136 -0.090154997448306,51.465513815984 -0.09010752873798,51.4656636482558 -0.090091867920971,51.4657264328661 -0.090073053153008,51.4657911705795 -0.090063113577195,51.4658306130752 -0.090053728804716,51.4658929738785 -0.090043753743773,51.4659689546129 -0.090041574992139,51.4659939650716 -0.090038349976521,51.4660451375431 -0.090039674216029,51.4660655584882 -0.090053178378909,51.4661510522943 -0.090068071375388,51.4661920766438 -0.090082881881661,51.4662256634654 -0.090116220845605,51.466297963359 -0.090133570766444,51.4663217650778 -0.090141725266195,51.4663345625842 -0.090174772586339,51.466375505062 -0.090338181257974,51.4665777765338 -0.090429959065088,51.4666920412894 -0.090490543305271,51.4667672031582 -0.090545665155491,51.4668344360383 -0.090647477824057,51.4669627346596 -0.090743015322966,51.4670794731799 -0.090825723671614,51.4671797201929 -0.090910086834517,51.4672866280552 -0.09101253219722,51.4674146227118 -0.091027557613843,51.4674395680675 -0.091120760450125,51.4675569318254 -0.091150956393325,51.4675960010929 -0.091156662281186,51.4676033836162 -0.091375730310999,51.4678815790191 -0.091683778295733,51.4682737501148 -0.091892176887883,51.4685551475306 -0.092074993687918,51.4688017547989 -0.092220649522594,51.4690133826719 -0.09228604826723,51.469112140787 -0.092386765469526,51.4692669531713 -0.092497343837402,51.46944001862 -0.092551868927499,51.4695217137629 -0.092667347007186,51.4696930494144 -0.092719314970814,51.4697897793286 -0.09275654907854,51.4698693836242 -0.092792440879849,51.4699580128457 -0.092799868156798,51.4699882857525 -0.092836327661282,51.470155922571 -0.092878934200674,51.4703657602046 -0.092929481618785,51.4706370104227 -0.092947950031307,51.4707729964612 -0.092950864342789,51.4708116761547 -0.092951997698487,51.4709248791822 -0.09296898079073,51.4712586391032 -0.092982022347466,51.4715247951706 -0.092993079972635,51.4717227740294 -0.093011835415447,51.4719566021137 -0.093015318851975,51.4720285339251 -0.093016456617568,51.4720521855746 -0.093023280256399,51.4721168749537 -0.093045957868607,51.4721108581143 -0.093118726332637,51.4720911552954 -0.093158336961484,51.472069743928 -0.093194803658096,51.4720499001081 -0.093233925838915,51.4720246606186 -0.093283596344222,51.4719929038546 -0.093319192071293,51.4719708767597 -0.093351068741747,51.4719530571486 -0.093374254098952,51.4719373092805 -0.093401681824805,51.471916888503 -0.093439565399164,51.4718885757358 -0.093492645699784,51.4718478626448 -0.093528738089425,51.4718199946358 -0.093545666565886,51.471806396764 -0.093572045518017,51.4717846027716 -0.093588577950154,51.4717699004285 -0.093610614291815,51.471749483638 -0.093619739086673,51.47174115542 -0.093626170546673,51.4717351242257 -0.093628984710833,51.4717295135133 -0.093653055934507,51.4716827286868 -0.093677279611072,51.4716168761576 -0.093734775630621,51.4714900637659 -0.093768682500146,51.4714138435086 -0.093808349868544,51.4713091629206 -0.093841991198901,51.4712202701363 -0.093896626110446,51.471082516334 -0.093910204127147,51.4710462730566 -0.093949423199811,51.4709484988135 -0.093964102263365,51.4709111933979 -0.09398652581881,51.4708647108486 -0.094005896676011,51.4708300141052 -0.094022526457244,51.4708058105725 -0.094048061462863,51.4707728048931 -0.094087093431097,51.4707256751368 -0.09411570184879,51.4706958291389 -0.094143493874832,51.4706730660948 -0.094201980698954,51.470630717589 -0.094366055758323,51.4705349778502 -0.094458815527386,51.4704868878869 -0.094564179425392,51.4704339649839 -0.094721495593842,51.470356410774 -0.094869845922225,51.4702988212659 -0.095101213239855,51.4702073973517 -0.095657061689797,51.4699900341094 -0.095975331235363,51.4698673963213 -0.096121642240783,51.4699765889115 -0.096435825797763,51.4702034055501 -0.096619246618861,51.4703366588576 -0.096795494273868,51.4704616955537 -0.096984253261618,51.4705947777477 -0.097116188096771,51.4706879316339 -0.097230500661269,51.4707677974655 -0.097287570595109,51.4708052060016 -0.09750729153917,51.4709533771859 -0.09765330655109,51.4710504703204 -0.098004913252124,51.4712864349063 -0.098340608325532,51.4715171015517 -0.098592323955767,51.4716914857618 -0.098829247857802,51.4718716555565 -0.098910117102053,51.4719384277271 -0.098989411537465,51.4720058181814 -0.099031024940461,51.4720480911423 -0.099087167830932,51.4721134936231 -0.099132186145224,51.4721704395766 -0.099147053914933,51.4721906950931 -0.099167464585142,51.4722164101056 -0.099193643453827,51.4722543949211 -0.099231093921782,51.4723074222377 -0.099244565446784,51.4723308214651 -0.09925388478444,51.4723474159441 -0.099285545942705,51.4724125247188 -0.099314673390302,51.4724829584043 -0.099339060813813,51.472548156043 -0.099359568728953,51.4726261846526 -0.099361712711167,51.4726312805708 -0.099364918150034,51.4726431284145 -0.099369732591283,51.472660922314 -0.099388992506516,51.4727261213247 -0.099395740120414,51.4727435158147 -0.099420272488254,51.4728204441997 -0.099441280016306,51.4728715537295 -0.099476453740266,51.4729593632828 -0.099493677323737,51.4730102621644 -0.099516426729682,51.473066203878 -0.099557943893859,51.473149157622 -0.099599336408595,51.4732208710182 -0.099618237058729,51.4732514085792 -0.099656749720623,51.4732953639295 -0.099693453891021,51.4733358528951 -0.099791668652329,51.4734376610069 -0.099971329982216,51.4736246993939 -0.100031605937117,51.4736876413878 -0.100069310150393,51.473726638343 -0.100154792315498,51.4738074870427 -0.100228401107096,51.4738785506085 -0.10025894380402,51.47391212477 -0.100262644377692,51.4739156649629 -0.100312631152836,51.4739708033471 -0.100362152173709,51.4740241571818 -0.100417490086265,51.4740837005864 -0.100500296094041,51.4741785694872 -0.100538701379944,51.4742245947237 -0.100553537442985,51.4742413450314 -0.100571782906193,51.4742635165915 -0.100581694117786,51.4742785360092 -0.100603685448162,51.4743142898423 -0.100613145381797,51.4743309530226 -0.100624873725521,51.4743541250801 -0.100632280022822,51.4743693026428 -0.100636949677776,51.474381514098 -0.10063856431926,51.4743856652605 -0.1006418143421,51.4743938842884 -0.100647640739628,51.4744137835486 -0.100651765159684,51.4744311840072 -0.100654121899558,51.4744473903545 -0.100654646264101,51.474468329597 -0.100655944563399,51.4744968470245 -0.100653431120623,51.4745494312709 -0.100645012366672,51.474624828987 -0.100630885755167,51.4747024030934 -0.100602587000137,51.4748426935554 -0.100572450515025,51.4749874937955 -0.100540377714994,51.4751390728969 -0.100524274654807,51.4752244575815 -0.100497836891111,51.4753676666599 -0.100464649074785,51.4755541049851 -0.10044311563378,51.4756827394582 -0.100418327631414,51.4758340224005 -0.100398008004761,51.4759573114849 -0.100363678095299,51.4761235043862 -0.100336477540494,51.4762373951751 -0.100316366495447,51.4763078554226 -0.10027686078322,51.4764236097134 -0.100265415712344,51.4764525228627 -0.100234590420922,51.4765104273896 -0.100206825425691,51.4765582682989 -0.100134734190497,51.4766708119167 -0.1000979438608,51.4767143923608 -0.099972376916627,51.4768640292324 -0.09997793771057,51.4768664403856 -0.100107988682801,51.4769234317068 -0.10016429262606,51.4769478835704 -0.100220279235959,51.4769674939789 -0.10032651238144,51.4770124741492 -0.100602885756745,51.4771271681825 -0.100978481862291,51.4772812563063 -0.101449652744669,51.4774715309656 -0.101579718876438,51.4775271709619 -0.101847182812272,51.4776440777118 -0.102113520888279,51.4777578163547 -0.102593681295707,51.477955288614 -0.102619674108124,51.4779653223899 -0.10299362634164,51.4781198024267 -0.10328250881166,51.4782372735194 -0.103573515409303,51.4783577350365 -0.103629191977513,51.4783811972201 -0.103883644559517,51.4784863196747 -0.104229388102862,51.4786312533334 -0.104651073611031,51.4787994563157 -0.105273409333824,51.47904139458 -0.105479608444347,51.4791217143345 -0.105500873007844,51.4791302888921 -0.10553360989539,51.4791434884789 -0.105649866030471,51.4791910827387 -0.10584822311794,51.4792723821496 -0.10603291419578,51.4793524533175 -0.106610654390422,51.4796078824101 -0.107177655478536,51.4798489780497 -0.107813870768888,51.4801140282526 -0.10799028666439,51.480188897156 -0.108148914968054,51.4802555553676 -0.108164020754284,51.4802619033021 -0.108180349639572,51.4802687646649 -0.108192841171579,51.4802740056867 -0.108206467736712,51.4802838054272 -0.108209362597169,51.4802861371703 -0.10821243521607,51.480289394431 -0.108217299453045,51.4802946365045 -0.108220097843381,51.4802994405802 -0.108224830186483,51.4803067578371 -0.108228159491856,51.4803171819163 -0.108226804238624,51.4803347713386 -0.108216270273203,51.4803621909787 -0.10820259960438,51.4803744936623 -0.108191542378645,51.4803807135837 -0.108171993680992,51.4803871094616 -0.108157153322917,51.4803898052633 -0.108147751330626,51.4803898496251 -0.108066750297974,51.4804010660551 -0.108025498473346,51.4804058788645 -0.107714153548968,51.4804401857359 -0.107368300227616,51.4804829356327 -0.107056752082304,51.4805221286114 -0.106706647927283,51.4805691127509 -0.106383889813343,51.4806065582369 -0.106089155907947,51.4806407378586 -0.105887017632146,51.4806636931095 -0.105683596085423,51.4806874096483 -0.105638569681999,51.4806925527298 -0.105524372825712,51.480703231161 -0.105466772088186,51.4807093445843 -0.105430104025836,51.4807169706117 -0.105408831214308,51.4807236709082 -0.105382953272653,51.4807322679984 -0.105367909276826,51.4807372658861 -0.105325534218103,51.4807524587552 -0.105293579984035,51.4807597697178 -0.104997600306612,51.4807937304404 -0.104831669513943,51.4808125729839 -0.104591766200321,51.4808394525043 -0.104521567060717,51.4808473177491 -0.104470727378442,51.4808535453635 -0.104173954498448,51.4808862160302 -0.104033775382059,51.4809013766882 -0.104038871540367,51.4809064338413 -0.104182865003683,51.4810493185386 -0.104362514730618,51.4812242889387 -0.104550888085537,51.4814084997569 -0.104611575482664,51.4814673396447 -0.104613843455769,51.4814695390443 -0.104614671483831,51.4814703410868 -0.104608777422163,51.4815482223834 -0.104678272147845,51.4816203060398 -0.104867524831938,51.4818168397239 -0.105124040160427,51.4820838880336 -0.105274718582777,51.4820899862449 -0.1052865912989,51.4821004702077 -0.10535398021587,51.482159980006 -0.10536408557642,51.4821689039511 -0.105590556551446,51.4823707309851 -0.105763264048198,51.482523523393 -0.106018445486838,51.4826980195913 -0.10587962535157,51.4827811837968 -0.105768689222521,51.482851319995 -0.105686440691752,51.4828976536114 -0.105612208007957,51.4829401751612 -0.105619973142435,51.4829453427997 -0.105688394533317,51.4829908809299 -0.105756144893156,51.4830354450625 -0.105866142290463,51.4830870565469 -0.105996238011982,51.4831499995784 -0.10616087299582,51.4832303165747 -0.106221316493789,51.4832606430076 -0.106273066322173,51.4832834586138 -0.10634366405918,51.4833145838371 -0.106465196037911,51.4833702109854 -0.106584940188026,51.4834263774773 -0.106678193131181,51.4834698465317 -0.106717404892443,51.4834856511492 -0.106757345958325,51.4835013047595 -0.106808260152493,51.483520520349 -0.106877691233895,51.4835466867252 -0.107033337581969,51.4835975537879 -0.10718965999099,51.4836490421555 -0.107187403237506,51.4836516828542 -0.107166978180777,51.4836824570961 -0.106976263990411,51.4839515600295 -0.106898139344706,51.48406298323 -0.106826628211605,51.4841669295718 -0.106734583736427,51.4843008498823 -0.106657876650079,51.4844125152281 -0.106614538826298,51.4844752133955 -0.106551135495068,51.4845683085446 -0.106551144329962,51.484568373435 -0.10655428411642,51.4845906667491 -0.106557310992419,51.4846139474404 -0.106562365090113,51.4846528254805 -0.106527332458734,51.4846876903137 -0.106356440578908,51.4848575626466 -0.106355677121433,51.4848670916059 -0.106354411297021,51.4848829064653 -0.106359638472465,51.4848985833654 -0.106593147033917,51.4849949931664 -0.107080378543799,51.48519639207 -0.107406332659085,51.4853309809089 -0.107752099511059,51.4854720026759 -0.107890786782967,51.4855286625556 -0.107907771978733,51.4855343924845 -0.107974013196977,51.4855684825014 -0.108028821595908,51.4855983107326 -0.108060516568016,51.4856180817888 -0.108067294202539,51.4856223097998 -0.108111518102491,51.4856498962099 -0.108112357775699,51.4856504196435 -0.108113643946095,51.4856512218604 -0.108135417627291,51.4856640010672 -0.108135532905943,51.4856640694731 -0.108192928623667,51.485697755879 -0.108219521415325,51.4857133636852 -0.108271200968114,51.4857436961802 -0.108460772195885,51.4858488070536 -0.108135631686397,51.4861652753673 -0.107721094810504,51.4865616629534 -0.107495746257563,51.4867788790097 -0.107409772791593,51.4868682965488 -0.107303590028426,51.4869726746039 -0.107210699356137,51.4870635091227 -0.107141873532408,51.4871290487592 -0.107018958276446,51.4872472211098 -0.106872070040926,51.4873862480645 -0.106847301033365,51.4874111393674 -0.106706456031997,51.4875442475353 -0.106625677486942,51.4876264103 -0.106499066399415,51.4877509423432 -0.106391869527196,51.4878539336044 -0.106102766241095,51.4881590564875 -0.106097418859372,51.488164699397 -0.105807067354975,51.488456466976 -0.105543601889857,51.4887319174027 -0.105366832412432,51.4889085313653 -0.105199327344118,51.489074287649 -0.105064159901748,51.4892041834415 -0.104797631716598,51.4894548634954 -0.104629484308799,51.4896123541602 -0.104435274790982,51.4897960220167 -0.104347094372991,51.4898792865777 -0.104225168644199,51.489996859582 -0.104104346438271,51.4901113936718 -0.104028540323585,51.4901914947579 -0.103975258123871,51.4902481130399 -0.103928064089497,51.4902972488623 -0.103918263056151,51.4903074527187 -0.103889573479712,51.4903373231279 -0.103882363334712,51.4903451102597 -0.103732685871901,51.4905067570345 -0.103723777556326,51.4905163781922 -0.103715986394899,51.4905241757031 -0.103510024062508,51.4907497235467 -0.103397026186453,51.4908725803017 -0.103305646175657,51.4909723785129 -0.103273703444584,51.4910069946751 -0.103247112389606,51.4910358107466 -0.103166221239557,51.4911234719461 -0.103137895309129,51.4911698236214 -0.103141564534399,51.4911720753947 -0.103220986874225,51.4912208136725 -0.10327258430641,51.4912527423189 -0.103413653409998,51.4913386246233 -0.103336754470947,51.4913660443972 -0.10315724751309,51.4914861903934 -0.103153798110521,51.4914884987892 -0.103147966126665,51.491492401727 -0.103178727328103,51.491514031262 -0.103304827580519,51.4915872958002 -0.103465770334179,51.4916820614182 -0.10344476777789,51.4916971793647 -0.103474552808441,51.4917139081873 -0.103476037973374,51.4917147424488 -0.103448041748505,51.4917334648898 -0.10343530082742,51.4917419853856 -0.103391786926219,51.4917710862623 -0.10339327399359,51.4917720482523 -0.103491146958432,51.4918353291954 -0.103550716578614,51.4918751212746 -0.103710670809684,51.4919983298306 -0.103725000222845,51.4920093671827 -0.103750956662002,51.492001616089 -0.103916603532583,51.4919452427146 -0.104172204976146,51.4923856281567 -0.104249589015756,51.4925125197189 -0.104414924690069,51.492769817893 -0.104519239007458,51.4929301066248 -0.104624509376644,51.4930120648381 -0.104677639167776,51.4930411095095 -0.104720867274582,51.493161238328 -0.104782435458176,51.4933336686647 -0.104801836276329,51.4933880035182 -0.104826941341543,51.493459922373 -0.104852528177753,51.49352790478 -0.104870797587208,51.4935279149332 -0.104891710462219,51.4935279264332 -0.105216451973279,51.4935866786929 -0.105381591957207,51.4936243716634 -0.105422317335012,51.4936337336709 -0.105539015316423,51.4936605593586 -0.105715942341557,51.4937099736775 -0.105904156662736,51.4937665178314 -0.105950880333085,51.4937806905352 -0.106212421634048,51.4938600226186 -0.106331444114821,51.4938952636023 -0.106424017463168,51.4939235414779 -0.106524645589485,51.4939531714422 -0.10675605291926,51.4940261992577 -0.106777320729429,51.4940329112604 -0.107088538607756,51.4941488281816 -0.107099081214981,51.4941527546189 -0.107164684001708,51.4941764446294 -0.107256608102638,51.4942093606182 -0.107543262371648,51.4943117927183 -0.107835254291467,51.4944165485235 -0.108065955327388,51.494499151305 -0.108290377305508,51.4945789392297 -0.108521867754829,51.4946624522118 -0.10885977421834,51.4947820771555 -0.109145603722067,51.4948841403688 -0.109568633183276,51.4950344655031 -0.109622786315168,51.4950537087929 -0.109781396961349,51.4951100707306 -0.109803385365059,51.4951183306535 -0.110024229428923,51.4951960179921 -0.11014947481831,51.495240935319 -0.110350128772033,51.4953115269418 -0.110472290459543,51.4953555354252 -0.110562993870521,51.4953850577359 -0.110584089368522,51.4953919236365 -0.110627589590466,51.4954060820911 -0.110666458579369,51.4954164672017 -0.1107125594711,51.4954305856862 -0.110786878884277,51.4954470705773 -0.110853659320872,51.49545860937 -0.110891771085425,51.4954645244993 -0.110927696094132,51.4954682758082 -0.110934225045701,51.4954679664067 -0.110946788004443,51.4955036280926 -0.110992380226606,51.495585575115 -0.111092300130787,51.4957774387706 -0.11135611127944,51.4962654957406 -0.111466744863777,51.4964588436109 -0.111221253154513,51.4965284590855 -0.110950263804659,51.4966038737547 -0.11070828422778,51.4966625573867 -0.110680288497923,51.4966687538391 -0.110654764610624,51.4966744028786 -0.110561835154566,51.4966949704045 -0.110257921215347,51.4967632658585 -0.110270473600765,51.4967831262733 -0.110324724948949,51.4968689630402 -0.110267743305676,51.4969697997179 -0.1100521189766,51.4973532779689 -0.109832329573645,51.4977448100505 -0.109656668446271,51.4980571101124 -0.109639897982128,51.4980872910642 -0.10962403191895,51.4981200567196 -0.10958795741066,51.4981983938539 -0.109561639630041,51.4982661490985 -0.109531500653872,51.4983552454935 -0.109525015451358,51.4983817406203 -0.109513032984212,51.4984108989177 -0.109501459585572,51.4984345602435 -0.109459586856159,51.4985031546514 -0.109406939213179,51.4985916390822 -0.109348928247258,51.4986874803308 -0.109271151120196,51.4988169370486 -0.109207213990355,51.4989225486386 -0.109153455918717,51.4990114862738 -0.109144144633732,51.4990268900192 -0.109099666754488,51.4991004737424 -0.109095772435488,51.4991072562385 -0.109023807260636,51.4992237382292 -0.108940646725822,51.4993544865188 -0.108818939607981,51.499546236025 -0.108762866449835,51.4996346082762 -0.108655427672195,51.4998040905284 -0.108613278878204,51.4998755659563 -0.108587584098967,51.4999192790137 -0.108527548285812,51.5000214145015 -0.108460409919132,51.5001356322778 -0.108328351809296,51.5003493706754 -0.108302911940007,51.5003925167421 -0.10826716027022,51.500442578271 -0.108242967217185,51.5004722840859 -0.108201313491172,51.5005169959412 -0.10817349373046,51.5005418663481 -0.107882875581833,51.5007629687199 -0.107612211324977,51.5009701747833 -0.107323594394066,51.5011868378012 -0.107021315600137,51.50141326161 -0.106990374795931,51.501436438394 -0.106891513407197,51.5015104899114 -0.106806963826269,51.5015751231217 -0.106796029718157,51.5015835877809 -0.106763724505477,51.5016085985914 -0.106700305015144,51.5016575216097 -0.106694185592641,51.5016560289465 -0.106620652916178,51.5016380874768 -0.106608143089602,51.5016331589252 -0.106591845660422,51.5016267258871 -0.106590872462024,51.5016262542426 -0.106564385027084,51.5016136414317 -0.106502129265237,51.5015838720893 -0.10647442047498,51.5015707620232 -0.106384972974728,51.5016393491208 -0.106181857555689,51.5017943801701 -0.106181160793979,51.501798777177 -0.106154264307259,51.5018197537709 -0.106092800866876,51.5018956611956 -0.106026308050051,51.5019477167757 -0.10591680922511,51.5020333609662 -0.105930707225794,51.5020393524725 -0.106042862406797,51.5020877039198 -0.106103054740702,51.5021128295852 -0.106081181777679,51.5021296175128 -0.105989244163846,51.5021993511589 -0.106007490155915,51.5022436726224 -0.106025325918448,51.5023096951127 -0.10603621714209,51.502354203558 -0.10606427256897,51.5024809277159 -0.106077662441698,51.5025242534858 -0.106108519298582,51.5025183102255 -0.106132642377431,51.5025136637959 -0.106217659953493,51.5024972875274 -0.106457449599635,51.5023717053952 -0.10663216216863,51.5022771791559 -0.106727931771297,51.5022255832429 -0.106757605369241,51.5022095973713 -0.106794444407295,51.5022541136143 -0.106796890628391,51.5022573203544 -0.106814432691948,51.5022803426316 -0.106814644477693,51.5022806212289 -0.106844674165229,51.5023200248629 -0.106845110100569,51.5023205966454 -0.106845574709327,51.5023212066604 -0.106862753966887,51.5023434236161 -0.106862808657481,51.5023434946425 -0.106862848291392,51.502343546541 -0.106892837496007,51.5023823299059 -0.106949840203879,51.5024567092053 -0.10703548277656,51.5025692376125 -0.107037215427019,51.5025715146685 -0.107128622913384,51.5026902079613 -0.107151687829748,51.5027201574161 -0.107239932571737,51.5028351098372 -0.10731838598332,51.5029380894824 -0.107387556849014,51.5030290551231 -0.107392538865634,51.5030356058118 -0.107323731565803,51.5030573551136 -0.107045701392146,51.5031445063578 -0.107040180093415,51.5031462373845 -0.10693974613651,51.5031770155584 -0.106754084459408,51.5032397721402 -0.106589813932186,51.5032948198297 -0.106523349529185,51.5033199562985 -0.106521425974489,51.5033206842351 -0.106499754722854,51.5033288802091 -0.106403429284099,51.5033666468937 -0.106429511870581,51.5034125309377 -0.10645886749956,51.5034787591027 -0.106529417460086,51.5036432553194 -0.106546951825107,51.5037365191294 -0.106572730511256,51.5038591964818 -0.106581887615128,51.5039063477136 -0.106602556586081,51.5040430702086 -0.106609994085678,51.5041217861744 -0.106611595232795,51.5041526347376 -0.106611033687179,51.5041860158245 -0.106605736240641,51.5042244580299 -0.106598331129319,51.5042541333334 -0.106590055300067,51.5042750617026 -0.106580662495856,51.504293146512 -0.106536063371954,51.5043761600147 -0.106518323452243,51.5044069526426 -0.10649716680867,51.504440772831 -0.106473590444417,51.5044832868304 -0.106455626883391,51.5045194697018 -0.106444425053251,51.5045513948436 -0.106435247575311,51.504584123346 -0.106414572889911,51.5046578081524 -0.106411544916655,51.5046668536552 -0.10640132978906,51.5046973612752 -0.106399596985698,51.5047589778315 -0.106409142019712,51.5047953161331 -0.10643961097455,51.504915532353 -0.106456338152226,51.5049687140457 -0.106486178890067,51.5050629462934 -0.106502129816358,51.5051050714271 -0.106523630938273,51.5051621826761 -0.106575188265043,51.5052785981089 -0.106587867190665,51.5053065742455 -0.106715763448196,51.5055875638141 -0.106860859584699,51.5059278008859 -0.106961206939833,51.5061640327246 -0.107001627007993,51.506258529068 -0.10705331194592,51.5063862421135 -0.107080967087817,51.5064551782154 -0.107119033191085,51.5065495313043 -0.107137883366841,51.5065958892479 -0.107153037253749,51.5066332829039 -0.107167338349405,51.506668897516 -0.107173619610364,51.5066842631967 -0.10717415858883,51.5066855830393 -0.107180687896653,51.5067019868901 -0.107181975463652,51.5067049581938 -0.107182874798773,51.5067072487751 -0.107187109759551,51.5067172981843 -0.107196035599826,51.5067381831327 -0.107228119388961,51.5068130287585 -0.107242191613203,51.5068458941751 -0.107255857030208,51.5068778321661 -0.107278199306241,51.5069300935268 -0.107328949330819,51.5070484496507 -0.107338877291784,51.5070721385123 -0.107340039358799,51.5070719504295 -0.107443039546003,51.5070577851021 -0.107662661285736,51.5070199419637 -0.108021025591853,51.5069561171194 -0.10812034453133,51.5069357713501 -0.108165299236336,51.5069222024249 -0.10821322087989,51.5069766198496 -0.108268624321348,51.5070591047225 -0.108332830339778,51.5072344990506 -0.10841870108091,51.507451602213 -0.108570991904098,51.5077534377831 -0.108591867421091,51.5077942265297 -0.108617974407181,51.5077936510998 -0.108713693752265,51.5077653385371 -0.108783916714412,51.5079838113728 -0.10881896591542,51.5080815648109 -0.108858296442548,51.5081975166617 -0.108865859708559,51.5082210188722 -0.108871392316947,51.5082453606407 -0.108890041845973,51.5083181177641 -0.108909032544132,51.5084419511549 -0.108922267933431,51.5085039276945 -0.108959924154076,51.5086991677251 -0.108963915899513,51.5087433487469 -0.108986359733602,51.5088641236384 -0.10910000898923,51.5094737318513 -0.109156740594896,51.5097784934618 -0.109174178419201,51.5098743408049 -0.109163307801541,51.5098749029855 -0.108962001960009,51.5098842540714 -0.10888684277138,51.5098866961646 -0.108796761912361,51.5098895622022 -0.10874457447908,51.509890049931 -0.108599475471523,51.5098913246144 -0.108468968461782,51.5098929666136 -0.108394971250751,51.509893553933 -0.108239361859858,51.5098939302654 -0.107892992659411,51.5098971503955 -0.107628803230561,51.5099009677787 -0.10746382773904,51.5099029824462 -0.107336133301593,51.5099044257575 -0.107229488617459,51.5099050179435 -0.107095754317606,51.5099061854773 -0.10679213890033,51.5099088107958 -0.106206397354726,51.5098941713431 -0.105753156155707,51.5098846318378 -0.105537830230712,51.5098808217164 -0.10517787539943,51.5098755689211 -0.104905190369065,51.5098723040956 -0.104624975123771,51.5098692218167 -0.104627970060133,51.5098023296676 -0.104631200683449,51.5097234782153 -0.104632661585501,51.5096834326387 -0.104633644202702,51.5096597659988 -0.104657615082546,51.509659261236 -0.104672273909513,51.5096586069057 -0.104674265362599,51.5096583333282 -0.104687031661151,51.5096565764762 -0.104689225943533,51.5096565894487 -0.104702343587464,51.5096534857561 -0.104718186034001,51.509648342458 -0.104734506810168,51.5096405639049 -0.10474591655641,51.5096346178688 -0.104753112375933,51.5096297503277 -0.104740366858545,51.5096223636522 -0.104726439809633,51.5096163958321 -0.10472521953364,51.50961548493 -0.104710855100222,51.5096104371979 -0.10470475030189,51.5096087072671 -0.10469432949037,51.5096058635365 -0.104684407402987,51.5096039199481 -0.104669666577819,51.5096018984985 -0.104655780230326,51.5096007820394 -0.104643869811572,51.5096001129727 -0.104634768533035,51.5095999200501 -0.104638423487827,51.5095012328566 -0.104645667589208,51.5093121757348 -0.104652720617533,51.5091746819909 -0.104655105156324,51.5091275569215 -0.104671327717017,51.5091266868539 -0.104689290185101,51.5091242774534 -0.104707518495467,51.5091204631751 -0.104738206730427,51.5091112989642 -0.104744180002283,51.5091092183217 -0.10475372868482,51.5091050191921 -0.104763106526701,51.5090997282744 -0.10474326579668,51.5090892026813 -0.10471368409388,51.509077823652 -0.104695150076877,51.5090738677152 -0.104665856796379,51.5090702595093 -0.10465197812167,51.5090701422705 -0.104661662474754,51.5089067899977 -0.104669164819553,51.5087351509899 -0.104673351505614,51.5086333764461 -0.104698485371566,51.5086343158292 -0.104699224887146,51.5086165041129 -0.104717147203998,51.5086049565178 -0.104720861325361,51.5085575320191 -0.104715043250208,51.5085540018759 -0.104695923733338,51.5085435706871 -0.104695958614041,51.5085255146725 -0.104677374742614,51.5085246046851 -0.104684449056256,51.5084052383817 -0.104461571262503,51.5084148346904 -0.104385784115929,51.5084167987866 -0.104205946269038,51.5084212394575 -0.104200970675181,51.50851925756 -0.104185271231918,51.5085195424894 -0.104176773330531,51.5085195040642 -0.10417921001158,51.5085346378092 -0.104147438992289,51.5085449659941 -0.104144335701814,51.5085950873937 -0.104145556862055,51.5085985090953 -0.104168570197667,51.5086103603172 -0.104169076720265,51.5086309898219 -0.104198320455591,51.5086323131822 -0.104184875046369,51.5089150553344 -0.104184660420244,51.5089858449388 -0.104184642355967,51.5090585639758 -0.104164265153221,51.5090586698856 -0.104123860624456,51.5090638513721 -0.104092602362485,51.5090739693385 -0.104080554589188,51.5090851819698 -0.104089065626698,51.5090973986548 -0.104132398521729,51.5091117186212 -0.104181006283785,51.50912047635 -0.104175790079709,51.5094135175489 -0.104176048088116,51.5094282645044 -0.104174128328225,51.5095921990773 -0.104134967611764,51.5095917792816 -0.104076105536306,51.5096063467775 -0.104045107752046,51.5096226407004 -0.104048238639336,51.5096253630643 -0.104070553460765,51.5096395411669 -0.104115861547745,51.5096509029518 -0.104169575420112,51.5096521038261 -0.10416048382404,51.5098694269019 -0.103588020473639,51.5098536777962 -0.103317129190109,51.5098438033872</coordinates></LinearRing></outerBoundaryIs></Polygon>
        </Placemark>
    </Document>
</kml>