<?xml version="1.0" encoding="UTF-8"?>
<kml xmlns="http://www.opengis.net/kml/2.2">
    <Document>
        <Style id="ourPolygonStyle">
            <LineStyle>
                <color>70ff0000</color>
                <width>2</width>
            </LineStyle>
            <PolyStyle>
                <color>3dff5500</color>
            </PolyStyle>
        </Style>
        <Placemark>
            <styleUrl>#ourPolygonStyle</styleUrl>
            <name>Waltham Forest Borough Council</name>
            <Polygon><outerBoundaryIs><LinearRing><coordinates>-0.007977161432709,51.646324366797 -0.00760024683163,51.6462172846486 -0.00734395049896,51.6461616042328 -0.007721917231734,51.6458478707522 -0.007987813839775,51.6455214473776 -0.00791240921498,51.6454608331931 -0.007946288215241,51.6452807028285 -0.007964060829107,51.6452368619251 -0.007993421026753,51.6451951059897 -0.008221079099861,51.6449796035245 -0.008320812460394,51.644683626011 -0.00844598774969,51.6444977617815 -0.008274029221473,51.6444975435451 -0.008284518535594,51.6442908555172 -0.00828050026565,51.6441514388612 -0.008257687215681,51.6439459838861 -0.008258575287863,51.6437625971793 -0.008271761486083,51.6436602421195 -0.008191560653248,51.6436085368333 -0.008137765467981,51.6435824519673 -0.008011047100442,51.6435398472394 -0.007905015773451,51.6435173711258 -0.007281040191578,51.6434438564815 -0.006657136738215,51.6433333898501 -0.006226812761554,51.6433251879286 -0.006024532083793,51.6433235532313 -0.005776564869595,51.6433419098325 -0.005634186904905,51.6433574730904 -0.005493159943679,51.6433775546461 -0.004559561754643,51.6435379099251 -0.004424622083161,51.6433189517629 -0.004394796224832,51.6432410381086 -0.004369182292422,51.6432001467807 -0.004340197192406,51.6431681883436 -0.00420902053549,51.6430616722412 -0.004072944998166,51.6428686764526 -0.003984269570987,51.6427170320215 -0.003655399602572,51.6428328122457 -0.002921569981193,51.6431198063202 -0.002130488919894,51.6433941344017 -0.001821016594873,51.6434967548546 -0.001083216935542,51.6436757864489 -0.000854982191999,51.6437060657 -0.000494878822934,51.6437107257713 -0.000287107476921,51.6436361651652 -0.000456348324652,51.643532870582 -0.000380484773433,51.6434830320954 -0.0003442786325,51.643452747377 -0.000283930479653,51.6433780000523 -0.000268285203736,51.6433408727991 -0.000253226682032,51.6432552083504 0.000098631832332,51.6426475870829 0.000203689967777,51.6424380321361 0.000375429803737,51.6422354334414 0.000486308239777,51.6421283592171 0.000604608698641,51.6420247565152 0.000824366661681,51.6418626992538 0.000934402473669,51.6418014907469 0.001067099051466,51.6417623705755 0.001256431307081,51.6417618432321 0.001458426165456,51.6417539066359 0.001655984914697,51.6416777209532 0.00210705130002,51.6416484585586 0.002551481674745,51.6416660558126 0.002808410190302,51.6416580797485 0.002973730786894,51.6416372813128 0.003014136061373,51.6416023403341 0.003209262903971,51.6416035077803 0.003496197370566,51.6416544437308 0.003533155972605,51.6415413469652 0.004310723104063,51.6415415688037 0.005076779155034,51.6415752448189 0.005479655941172,51.6415990238947 0.005864667185099,51.6416445936249 0.006142948945365,51.6416614178541 0.006409639774667,51.6416478734223 0.006552770763727,51.641648125699 0.006620603419948,51.6416460678231 0.007043285641804,51.6415947960319 0.007410000964787,51.6415876320102 0.008422460351379,51.6414722456042 0.00897393884817,51.6414259572329 0.00968950609696,51.6414604664912 0.009794888400204,51.6414586636864 0.009898523014486,51.6414496983871 0.010042048365097,51.641426566041 0.010760467222548,51.6413639275292 0.011052714043367,51.6413058830151 0.011171390469776,51.641275982374 0.011458075799004,51.6411892646821 0.011513920801499,51.641177520954 0.011592986392956,51.6411680755842 0.011737463055071,51.6411665008889 0.012180019126932,51.6411417511348 0.0124705982215,51.6411107023535 0.01280622397429,51.641052809676 0.013480879127195,51.640882125274 0.013990231015726,51.6408320400757 0.014162014663793,51.6408254988681 0.014447732519698,51.6407198224505 0.014629113065792,51.6406690647962 0.014871023767443,51.6406181680073 0.015133931300384,51.6405812942428 0.015832741956427,51.6404343650111 0.016395463942292,51.6403491915971 0.016803715188425,51.6402981325768 0.017420502200865,51.640257874932 0.018123110525641,51.6402637880212 0.019351956124757,51.6403370672428 0.020079445037708,51.6404469144049 0.021832031532889,51.6409220941392 0.021833461269775,51.6409220695331 0.022719360296219,51.6411154773931 0.022729711202248,51.6410883294969 0.0228649520135,51.6405554101909 0.023007108030712,51.6400467343758 0.022964771342502,51.6395186702995 0.022980130071651,51.638726115354 0.023056967748492,51.6379200064737 0.023082653393729,51.6377180977138 0.023956733441177,51.6375511112298 0.024709700756303,51.6374526419495 0.024921432826203,51.6374391036763 0.025005858420765,51.6373549409938 0.025159029457612,51.6372893706733 0.02502485894554,51.6371315712226 0.024937182998348,51.6370117166214 0.024879441392586,51.6369165189868 0.024836101838706,51.6368209831803 0.024807212039407,51.6367234897307 0.024788163483462,51.6366195336514 0.024719314933031,51.6363392431075 0.024712359751517,51.636215210364 0.0247122194172,51.6360515943912 0.024731234329175,51.6359595683505 0.024764812009191,51.6358681006699 0.024808713554791,51.6357837372587 0.02496407166179,51.635540037588 0.024995446924154,51.6354981425934 0.025224220405576,51.6352495810841 0.025441139265517,51.6350264855035 0.025669173826961,51.6348255822521 0.025738478353098,51.6345653854663 0.025572797585992,51.6343821483844 0.025421360959569,51.6340960896998 0.025013430949996,51.6334709454157 0.0246222616674,51.6329596856157 0.02447222660621,51.6326754012343 0.024329496160869,51.6323891932253 0.024073169412089,51.6318261639277 0.023872692995785,51.6312811399991 0.023842967180413,51.631167390326 0.023899144677856,51.6311286647534 0.023834316590339,51.63093829555 0.02389085533524,51.630910351187 0.023926365944587,51.6308971535011 0.023890097398186,51.6307970008445 0.023751184089909,51.6307274742848 0.023716769921471,51.6307010976046 0.022507385590318,51.6297929924992 0.022160452398426,51.629431185815 0.021818844884898,51.6288327607599 0.021809596473057,51.6288216262194 0.02175572564919,51.6288471514754 0.021564045991643,51.6289351695 0.021485020030613,51.6289709194473 0.021408208239499,51.6290034029255 0.021371941817521,51.6290180759567 0.02136317593699,51.6290105453752 0.021344626594839,51.628998043005 0.021315349942921,51.6289828035359 0.02130535635307,51.6289758354238 0.021299689892523,51.6289724986767 0.021294664452658,51.6289672004227 0.021295214733671,51.6289639455546 0.021298548539846,51.6289529056306 0.021307457527728,51.6289479917049 0.021335539776201,51.6289324694342 0.021352017814947,51.6289238003865 0.021358066545822,51.6289210462151 0.021366475923953,51.6289166273763 0.021376315197389,51.6289111560885 0.021386163231564,51.628903899634 0.021396040236714,51.6288953450596 0.021395691803552,51.6288855591005 0.021393253602479,51.6288776480694 0.021389773019213,51.6288697558733 0.02138617195273,51.6288650032403 0.021384485739697,51.6288622733492 0.021373947007812,51.6288520134694 0.021368744700295,51.6288484241428 0.021361665064335,51.6288436234524 0.021355321682519,51.6288397830841 0.02134296261706,51.6288335579925 0.021334120511799,51.628830194056 0.021322556838948,51.6288262267871 0.021318722257367,51.6288240212545 0.021313257545849,51.6288223293658 0.021310183267794,51.6288216250915 0.021305476992738,51.6288213274821 0.021300462189797,51.6288219551157 0.021293743275935,51.628821367505 0.021266995000055,51.6288276665692 0.021257501798578,51.6288310420323 0.021238258456078,51.6288411785638 0.021210472219335,51.6288552335354 0.02116980034913,51.6288759191622 0.021158368835809,51.6288806768426 0.021154886697803,51.6288824336395 0.021140597913464,51.6288876307515 0.021133892347956,51.6288907235395 0.021121253270453,51.6288967573471 0.021097462761754,51.6289084540517 0.021082218608453,51.6289159525912 0.021079168811583,51.628917424079 0.021076860351301,51.6289180528034 0.021073989835634,51.6289185518133 0.021069995906582,51.6289200746143 0.021063150897763,51.628921266081 0.021058842846683,51.6289219633771 0.021054575838065,51.6289223488258 0.021036649488923,51.6289258073027 0.02102972048677,51.6289263770309 0.02101565486016,51.6289265839368 0.021012456401066,51.628925946537 0.021006908992293,51.6289237920428 0.021002593785454,51.6289218582492 0.020999180149872,51.6289201508442 0.020995792064079,51.6289177505758 0.020992456149136,51.6289090483526 0.020984055584757,51.6288877619003 0.020976660080284,51.6288695821581 0.020971417702496,51.6288600854197 0.020967908346178,51.6288518043316 0.020965092453986,51.6288473565145 0.020959472440026,51.6288410658099 0.020956295728764,51.6288379272155 0.020951306725457,51.6288316922 0.020946412928982,51.6288252586103 0.020928846941735,51.6288016218121 0.020921912275133,51.6287920201952 0.020919020216722,51.6287858588142 0.020915717775733,51.6287807368338 0.020909698994026,51.628767588099 0.020909056056353,51.6287604707905 0.020907959088963,51.6287468453141 0.02090633437098,51.6287397448946 0.020909529749555,51.6287306272668 0.020910634606584,51.6287223603233 0.020927901120312,51.6286654464023 0.02093492461989,51.6286504591483 0.020942406995006,51.6286384162434 0.020951899807272,51.6286274592202 0.020961001472638,51.6286200870479 0.020969042058079,51.6286118905298 0.021008360057772,51.6285725193258 0.02101853851513,51.6285622627085 0.021034709739986,51.6285432485929 0.021050548657602,51.6285241376769 0.021072313576114,51.6284967829812 0.021112382684318,51.6284539330987 0.021136496361508,51.6284295882426 0.021138499491337,51.6284268047664 0.021139189997255,51.6284239413588 0.021139178454086,51.6284163042109 0.021138388714518,51.6284132630394 0.02113880141728,51.6283894284613 0.021135645376463,51.6283589342733 0.02113267362615,51.6283472753428 0.021126676271549,51.628337501142 0.021116963407298,51.6283251434667 0.021110243874248,51.6283175201109 0.021104150931384,51.6283129407333 0.021093364941147,51.6283095625639 0.021083696424767,51.6283092199271 0.021078970031194,51.6283096060873 0.02106447215795,51.6283147438437 0.021037324033548,51.6283186730181 0.021030343991317,51.6283199126699 0.021011882935934,51.6283205360137 0.021000539351605,51.6283193058495 0.020988558346066,51.6283184931119 0.020978004820735,51.6283166387618 0.020964468124565,51.6283139184941 0.020948100934938,51.6283101264502 0.020940367396592,51.628309139922 0.020923592174594,51.6283071875694 0.020887190495472,51.6282980389095 0.020860975008046,51.6282934999316 0.020829921418364,51.6282905720022 0.020816516901394,51.6282895247501 0.020789901480544,51.6282870726055 0.020764117108985,51.6282883965059 0.020740677329145,51.6282887349569 0.020734718859285,51.6282889678417 0.020725341572055,51.6282900409837 0.020717197249047,51.6282905722499 0.020710059128497,51.6282901734672 0.020696386125656,51.6282864339637 0.020686221594591,51.6282839362265 0.020671808836358,51.6282727204763 0.020664723388086,51.6282672651917 0.020661255561938,51.6282661576119 0.020659208078462,51.6282638152084 0.020659283080843,51.6282624794287 0.020660176802394,51.6282599614386 0.020662094320153,51.6282578844569 0.020667142822449,51.6282508320155 0.020669288144859,51.6282478338785 0.02067442845044,51.6282383608704 0.020679226086657,51.6282254694056 0.020683421661583,51.6282115154893 0.020685185163024,51.6282040555377 0.020690951105741,51.6281853832128 0.02069149614106,51.628178791315 0.020690486287727,51.628172552591 0.020690220012354,51.6281665618598 0.020689575789651,51.6281638356187 0.020688311981044,51.6281589699242 0.020687426080321,51.6281508388409 0.020684191734205,51.6281346018315 0.02068213149395,51.6281212123402 0.020676607555411,51.6280935447575 0.020674359941678,51.6280830262029 0.020674017438126,51.6280800339889 0.020672411378961,51.6280745222237 0.020668928429257,51.628069173134 0.020663680685918,51.6280598446364 0.020639419255662,51.6280258952453 0.020617875845015,51.627995558154 0.020619247470702,51.627980419039 0.020618512578477,51.6279638845482 0.020609502985558,51.6279509931724 0.020605473368002,51.6279466075901 0.020602701428605,51.6279359946389 0.020602545992824,51.6279324974247 0.0205927520475,51.6279019582348 0.020581886740003,51.6278760515325 0.020571823261301,51.6278544015843 0.020561338709139,51.6278348181644 0.020529360203083,51.6277840559875 0.020520725044684,51.6277775725283 0.020497014247115,51.6277265197651 0.020488771335305,51.6277136142956 0.020486686960158,51.627701240472 0.020486356026221,51.6276880397531 0.0204855058096,51.6276804179307 0.020487589209194,51.6276745963118 0.020495503335641,51.6276705133772 0.020506450596905,51.6276623748046 0.020511452760106,51.6276564912933 0.020527305844367,51.6276437478015 0.020543407485454,51.6276305827793 0.020546357635766,51.6276291139169 0.020549259623357,51.6276265613851 0.020549569821552,51.6276244706849 0.020551268318386,51.6276223426172 0.020551051186316,51.627615539016 0.020551494700754,51.6276129694193 0.020552781551635,51.6276100642843 0.020554847920204,51.6275968376186 0.020554757164546,51.6275880660794 0.020564974832196,51.6275682911422 0.020570322713827,51.6275536393722 0.020574708529599,51.6275422108815 0.020576529169996,51.6275354189912 0.020576980571546,51.6275331244297 0.020577506808382,51.6275250365003 0.020577929616649,51.6275225212146 0.020579064996081,51.6275189388502 0.020588692472945,51.6275040578981 0.020594057117052,51.6274959928576 0.020601827832798,51.6274807193944 0.020605704722202,51.6274728921669 0.020609355869867,51.6274646021103 0.020610312412872,51.6274554681432 0.020610664311528,51.6274465136356 0.020609991849352,51.6274344392581 0.020609398546143,51.6274226180072 0.020608894004123,51.6274174101259 0.020603640259082,51.6273973140887 0.020593539658768,51.6273647487637 0.020588096224393,51.6273511449898 0.020579826581719,51.627335166344 0.020537695865452,51.6272896155039 0.020502331928422,51.6272649466918 0.020466051194899,51.6272481926657 0.020440354172695,51.6272411303819 0.020419974592667,51.6272395061367 0.020404826199276,51.6272413466593 0.020382262159683,51.6272476590052 0.020362937302934,51.6272554956226 0.020345393956481,51.6272605363984 0.020330175394211,51.6272607981328 0.020308422979936,51.6272568279502 0.020286027505384,51.6272503518175 0.020261126328144,51.6272410393692 0.020253372547968,51.6272366665661 0.020246940109823,51.6272308798962 0.020226101853062,51.6272147387927 0.020212735427683,51.6272059572592 0.020146388806177,51.6271579190513 0.020126610174778,51.6271433495862 0.02009846970918,51.6271230131306 0.020087405575668,51.6271132369874 0.020062825493276,51.6271005476833 0.020044552176677,51.6270936139436 0.019993420269835,51.6270622936918 0.019975415508149,51.6270499894896 0.019956818636592,51.6270336263529 0.019944139053513,51.6270206595538 0.019938543578736,51.6270058722556 0.019934959124003,51.6269661375119 0.019929146198826,51.6269172201609 0.019924877561698,51.6268386710946 0.019929543197835,51.6268091484721 0.019937844372113,51.6267912104423 0.019954616313133,51.6267650379862 0.019963140007535,51.6267462877006 0.019976063043578,51.6267387851418 0.019988026923718,51.6267272551402 0.020006203315845,51.6267151336116 0.020031088915023,51.6267019255168 0.020077958530658,51.6266804124686 0.020168775984788,51.6266418042249 0.020175601442759,51.6266374810455 0.020179102991169,51.6266285227325 0.020175534750431,51.6266125684232 0.02014734059925,51.6265396077974 0.020110095518797,51.6264614954296 0.020091744656951,51.6264349260757 0.020087544581284,51.6264287485034 0.020083127446798,51.6264212626554 0.020083010968868,51.6263272335027 0.020083891633494,51.6262698892616 0.020086347867003,51.6262549644062 0.020085837908703,51.6262434870333 0.02008043627792,51.6262272405192 0.020069705141461,51.6262080120119 0.020046969815278,51.6261876959099 0.020004326602614,51.6261653040544 0.019948349592472,51.6261384329854 0.019926644007872,51.6261295852966 0.019903219873114,51.6261230314705 0.019862869882948,51.6261157983862 0.019824346169684,51.6261086957516 0.019774460018207,51.626097420807 0.019742300860952,51.6260872960371 0.019710891178454,51.6260765118105 0.019790482550129,51.6259958742905 0.019806193400796,51.6259750589498 0.019812274247677,51.6259621067843 0.019816093369716,51.6259540521646 0.019817177340654,51.625944889036 0.019817042055189,51.6259418437983 0.019814398819395,51.6259350639273 0.019809780943772,51.6259269925123 0.019803819924106,51.6259211770337 0.019789149469828,51.6259092120501 0.019755777392204,51.6258806923671 0.019720985210815,51.625861411724 0.019670955073248,51.6258323502215 0.019595593119443,51.6257863407922 0.019527977589149,51.6257452906014 0.01949574282288,51.6257236008962 0.019485508726042,51.625713830218 0.019466023930155,51.625694537232 0.019451949615763,51.6256702601995 0.019434025059113,51.62563020994 0.019430555010031,51.6256092046276 0.019430255350458,51.6255932849335 0.019435081862294,51.6255830907744 0.019446706864327,51.6255705055313 0.01945436190623,51.6255600100546 0.019456393559197,51.6255508756006 0.019458624945004,51.6255005358042 0.019458651120804,51.6254828406252 0.019472104213335,51.6254603724508 0.019495736032252,51.6254399900183 0.019512039965302,51.6254230266529 0.019516472067478,51.6254130918717 0.019520341466262,51.6253996281781 0.019519646051095,51.6253839687373 0.019512600419188,51.6253350514453 0.019505040954133,51.6253140272283 0.019497330424436,51.6252975720482 0.019479547999097,51.6252686500337 0.019462963083237,51.6252381283297 0.01944637535451,51.6252218257644 0.019424063190369,51.6252052259363 0.019401362621082,51.6251941623286 0.019387768707802,51.6251859978442 0.019361149346999,51.6251777200606 0.019324828930762,51.6251616811705 0.019273756741412,51.625135380821 0.019247232190573,51.6251233802478 0.019165078689594,51.6250819220719 0.019146107389336,51.6250702763405 0.019129271007229,51.6250598888419 0.019124800311417,51.6250528480523 0.019120040989124,51.625045163858 0.019120365494229,51.6250407905772 0.019124552030877,51.6250355415773 0.01913088639311,51.6250318743242 0.019209632743065,51.6250002120552 0.019259117582821,51.6249812988699 0.019273389898488,51.6249749061825 0.019282192184916,51.6249682837938 0.019288830872743,51.6249597570972 0.019294108179028,51.6249467638007 0.019295198888027,51.6249413602846 0.019291811099421,51.6249325149554 0.019287555770459,51.6249265828532 0.019266490262338,51.6249129677945 0.019260540613147,51.6249071097809 0.019250961248957,51.6249003960199 0.019222993669507,51.624888659455 0.019168132587249,51.6248719347705 0.019087030536341,51.6248460768185 0.019065069117703,51.6248373699969 0.019053640908377,51.6248229534713 0.019056920740333,51.624811047554 0.0190644618012,51.6247951197426 0.019060485499233,51.6247770203544 0.019059539314919,51.624755708884 0.019049701734054,51.6246484488612 0.019055778346806,51.6245709325657 0.019055068887253,51.6245120954278 0.019053891957595,51.6244998722415 0.019045848771572,51.6244759175391 0.019042001110219,51.624432142983 0.019036076942227,51.6243844545727 0.019033563805997,51.6243695997407 0.019027497949987,51.6243520101791 0.019013277230414,51.6243059967155 0.018990111470602,51.6242689848185 0.018956412102501,51.6242419981677 0.018946924959278,51.6242343961325 0.018934647519915,51.6242201120002 0.018911629457557,51.6242046168282 0.01888470355295,51.6241808275067 0.018849828841297,51.6241626081262 0.018827107634902,51.6241543846433 0.01880197621474,51.6241392531056 0.018792542462712,51.6241253346439 0.018784024273376,51.6241058088516 0.018781404531587,51.6240917723765 0.018781111997825,51.6240776968027 0.018782754195113,51.6240659692149 0.01878956781218,51.6240508389745 0.018797456408395,51.6240411784369 0.018801573395629,51.6240289937551 0.018820169297838,51.6239945067824 0.018839196936294,51.623969745968 0.01883969711646,51.6239660099411 0.01884484626434,51.6239583631643 0.01884724969957,51.6239525234305 0.018846641337387,51.6239425943735 0.018844067628521,51.6239370479146 0.018838930409187,51.6239299924957 0.018817649222056,51.623896502055 0.018790666141675,51.623843494968 0.018785182708395,51.6238291605981 0.018785283280859,51.6238093598774 0.018790624916497,51.6238004841037 0.018825658878881,51.6237657658546 0.018845485344708,51.623745821227 0.018862496273878,51.6237333357855 0.018875271806441,51.6237285443634 0.018881747293889,51.6237257163987 0.018893618140263,51.6237197472072 0.018901498724514,51.6237174256531 0.018916598630308,51.6237146472831 0.018930360090711,51.6237152722332 0.018949143415666,51.6237187271603 0.018960781818104,51.6237219065263 0.019006908844809,51.62374655819 0.019019350529384,51.6237486635157 0.019027124692199,51.6237487286186 0.019037591388987,51.6237470910016 0.019049705280515,51.6237417803702 0.019055843630504,51.6237361749828 0.019057793269311,51.6237297144613 0.019064027065634,51.6236950838321 0.019066732485294,51.6236841041293 0.019067021200241,51.6236785992951 0.019065936266286,51.6236685453392 0.019061039032658,51.623658955288 0.019059092003469,51.6236558746214 0.019054382908454,51.6236505222438 0.01904551738607,51.6236450416783 0.019033446810214,51.6236393518234 0.018971707926365,51.6236057484204 0.018908346056859,51.6235798111941 0.018899555174216,51.6235738958925 0.01887368706207,51.6235675151451 0.018738618539749,51.6235529009134 0.018572203151284,51.6235365501266 0.018545140572391,51.6235306961195 0.018534826519061,51.6235270811954 0.018517492946651,51.623520807293 0.018506434856548,51.6235187222032 0.018492032669092,51.6235053198519 0.018491893065567,51.6234941669412 0.018493880407688,51.6234864711005 0.018498523863749,51.623477619029 0.018513015510912,51.6234613002255 0.01852740956501,51.623451831855 0.01854300241707,51.6234400776465 0.018566112330572,51.6234278705162 0.018585969648219,51.6234200465152 0.018619406927737,51.6234106159541 0.018652890054663,51.6234024138825 0.018666647212272,51.6233975084898 0.01868365111146,51.6233941425802 0.018700772795613,51.6233875391088 0.018717669075462,51.6233817488421 0.018735324880508,51.6233696354159 0.018748398055794,51.6233597041178 0.018764107161045,51.6233447123436 0.018782033057488,51.6233211089265 0.01880779025057,51.6233041648072 0.018826759667602,51.6232923534197 0.018838290983803,51.6232769478419 0.018844918231682,51.6232564504179 0.018843528738455,51.6232427237251 0.01884185211753,51.6232283545007 0.018834359707858,51.6232118200049 0.018822713996143,51.6231953568964 0.018803074736668,51.6231745025098 0.0187648955809,51.6231517006459 0.018717074848225,51.6231224324458 0.018699099392386,51.6231097992531 0.018683421132275,51.6230903326719 0.018652435266302,51.6230363467269 0.018608326847948,51.6229560554594 0.018523246334204,51.6228509581387 0.01846803876373,51.6227860676489 0.018438244293823,51.6227600551252 0.018425195287193,51.6227496627197 0.018415736926653,51.6227451742932 0.018401536689018,51.6227403527962 0.018365450297594,51.622723611833 0.018338720729208,51.6227114149928 0.018316610038248,51.6227001324568 0.018300398829005,51.6226898753119 0.018284855586607,51.6226798899534 0.018281461787215,51.6226770211837 0.018219913712734,51.622624138545 0.018210752815357,51.6226164553201 0.018194388024741,51.6226075218128 0.018185084966196,51.6226040576547 0.018117470090622,51.6225721914843 0.018102766923171,51.6225632294144 0.018083870402723,51.6225511883907 0.018021960825855,51.6225121595611 0.017928316360167,51.622460938841 0.017875966744441,51.6224342858569 0.017804784095599,51.62239506463 0.0177357097229,51.622357576886 0.017710679841486,51.6223425872929 0.017681070646723,51.6223342490456 0.017660691208439,51.6223325767096 0.017644975773951,51.6223304600489 0.017634088562431,51.6223273998534 0.017620048476987,51.6223204847409 0.017610517807155,51.6223168050314 0.017585008693279,51.6223099646351 0.017567006436315,51.6223082415557 0.017522617242465,51.6223089716944 0.017524011053828,51.622310397357 0.017508932354841,51.62231169142 0.017500607806794,51.622311524171 0.017484360982354,51.6223127348815 0.017472485351002,51.6223150098655 0.01746274782577,51.6223167301487 0.017452021149063,51.6223224016783 0.017439701726101,51.622329653585 0.01743081105421,51.6223392287311 0.017428982663719,51.622342987564 0.017408861777027,51.6223616366853 0.01739847243788,51.6223700280678 0.017388685552953,51.6223773776516 0.017380648642069,51.6223818060599 0.017371408572681,51.6223854916629 0.017366645510866,51.6223874484289 0.017350306396876,51.6223917577515 0.017347868382605,51.6223930424025 0.01732820648302,51.6223961147614 0.017303922827213,51.6223998024572 0.017286337242361,51.6224008293039 0.017275874525578,51.6224012158363 0.017234841382165,51.6223948802997 0.017210498702673,51.6223898111116 0.017203241272361,51.6223874502071 0.017194235133645,51.622383153557 0.017173492581463,51.6223767797548 0.017145405425334,51.622370867512 0.017101843535574,51.6223654638275 0.017085955093629,51.622363452579 0.017072966465413,51.6223610246303 0.017065003488503,51.6223591074785 0.017057613981779,51.6223557227799 0.017053425534113,51.6223531760705 0.017049792032828,51.6223495910791 0.017047280591065,51.6223451810822 0.017046268652987,51.6223362085751 0.017047242399425,51.6223305085395 0.017051739279674,51.6223182175848 0.017055781821984,51.622314119482 0.017064060540857,51.6223021457631 0.017080147773709,51.6222785741951 0.017090206046688,51.6222653559131 0.017096091892825,51.6222555221557 0.017102327512741,51.6222423695228 0.0171098598779,51.6222171841236 0.017113167922001,51.62219424568 0.017115170869906,51.6221794058902 0.017116134322187,51.622152366628 0.017114584190881,51.6221136702834 0.017111855000836,51.6220971519159 0.017107363249987,51.6220783850983 0.017098912081041,51.6220528537152 0.017088202641149,51.6220289132357 0.017078059875472,51.622013970895 0.017065851846911,51.6219975119025 0.017052909262333,51.6219869664578 0.017039790639515,51.6219799437325 0.01700309858488,51.6219664932813 0.016968110849597,51.6219539451825 0.01694859314993,51.6219488965028 0.016920031241569,51.6219387226899 0.016891170276429,51.6219255513826 0.016853952682274,51.6219103797396 0.016824824856325,51.6218960439641 0.016797292641353,51.6218865772435 0.016770573573316,51.6218766819958 0.016750722458189,51.6218716390103 0.016724551079074,51.6218666011335 0.016658276310506,51.6218523339404 0.016609969912397,51.6218435584062 0.01653367347853,51.6218355152259 0.016469283233218,51.6218296344267 0.016436980876676,51.6218279246912 0.016343963260958,51.6218214022523 0.016324680694023,51.6218214913931 0.016313674205996,51.6218208521334 0.016306305991829,51.6218197367535 0.016295089220836,51.6218167657293 0.016288364655432,51.6218149180935 0.016280734007387,51.6218118261521 0.016273614198466,51.6218080042356 0.016267397835157,51.6218041614135 0.016259689034854,51.6218002515886 0.016229121039308,51.6217745737776 0.016214409748166,51.6217503916908 0.016212319286128,51.6217445257482 0.01621161388712,51.6217248665916 0.016213994639818,51.6217185102332 0.016220091025195,51.6217097079544 0.016241570908967,51.6216839729401 0.016246369895814,51.6216759186334 0.016254024994096,51.6216642794125 0.016257681549062,51.6216576007987 0.016257777171109,51.6216490040499 0.016255486684831,51.6216383655829 0.016251174811357,51.6216290567492 0.016242650997163,51.6216185261908 0.016227264617072,51.6215938772908 0.016221120949026,51.62158427617 0.016214328183804,51.6215775979893 0.016196663993144,51.6215660912762 0.016188867710814,51.6215602396535 0.016173749945012,51.6215533806516 0.016150165767202,51.6215372850298 0.016141770976223,51.6215296640473 0.016132030100825,51.621515109513 0.016125585477632,51.6214987187622 0.016124478200704,51.6214854728175 0.01612594107228,51.6214657107938 0.016129357158463,51.6214548133969 0.01613953769021,51.6214441227116 0.016153058530139,51.6214383907439 0.016171411280416,51.6214361341897 0.01619030378232,51.6214343539659 0.016232341272087,51.6214269993761 0.016279196783482,51.6214169739919 0.0162912173097,51.6214125617965 0.016300083865527,51.6214073944149 0.016313321789062,51.6213940433754 0.016313506915097,51.6213867813867 0.016309110127088,51.621376501915 0.016304213673386,51.6213715708155 0.016303228172055,51.6213610727109 0.016307913296394,51.6213495060543 0.016307726977711,51.6213453034234 0.016303669198094,51.6213358274637 0.01629879998842,51.6213315433621 0.016284408203329,51.621311730691 0.016276411256851,51.6213013520582 0.016253931417426,51.6212808689056 0.016222052904275,51.6212594149342 0.016202297873352,51.6212458758264 0.016181973492568,51.6212346467915 0.016146628660776,51.6212176757578 0.016075765231457,51.6211893282292 0.016059036315703,51.621183403326 0.01604051141899,51.6211745066282 0.016026267295513,51.6211646048139 0.016013493005183,51.6211466015329 0.016005908930114,51.6211293373743 0.016003552164849,51.6211061859702 0.015996577132468,51.6210876694815 0.015988981518082,51.6210739252153 0.01597558911428,51.6210569684865 0.015958700133313,51.621039543912 0.01593809999378,51.6210237198694 0.015930248411382,51.6210114682656 0.015922294661197,51.6209969441921 0.015920193291404,51.6209770113436 0.01591836852479,51.6209668387876 0.015913592538673,51.6209566710269 0.01590611530061,51.6209493445261 0.015888532981193,51.6209391888547 0.01587229762561,51.620933152042 0.01585307410924,51.6209285028145 0.015797239266627,51.6209159786046 0.015780250860323,51.6209138439949 0.015758921109704,51.6209134007614 0.015729901290082,51.6209095311496 0.015701849190699,51.6209040271571 0.015670479824137,51.6208940496321 0.015647156135044,51.6208837874347 0.01562615107491,51.6208731329305 0.015610790296305,51.6208626090655 0.015595837891216,51.6208518138084 0.015585459145246,51.6208463293062 0.015574106998186,51.6208423183061 0.015558424955397,51.6208403222126 0.015538688674424,51.6208406609249 0.015515622468839,51.6208427599748 0.015502761965195,51.6208450372833 0.015480472247665,51.6208478370109 0.015441940097227,51.6208529468943 0.015426421940948,51.6208555944341 0.015368168697768,51.6208660156156 0.01532024848884,51.6208768808404 0.015304412076221,51.6208798449679 0.015296630980176,51.6208816663958 0.015288848248416,51.6208821794318 0.015281594385075,51.6208827931015 0.015275518240297,51.6208824360465 0.015271044663299,51.6208818608494 0.015265225142407,51.6208784599005 0.015261452794149,51.6208749959461 0.015258606583249,51.6208698066112 0.015257530720437,51.6208629691343 0.015257045442427,51.6208544300201 0.015257649486435,51.6208512389817 0.015256925821229,51.620844492581 0.015254753244797,51.6208363133466 0.015249115284291,51.6208218493153 0.015243015450606,51.620811665581 0.015237658516896,51.6208036740778 0.015231492130091,51.6207942378687 0.015221041057837,51.620786598158 0.015212284852911,51.6207811820038 0.015178360421951,51.6207579095122 0.01514487634373,51.6207328696094 0.015090750231678,51.6206694645576 0.015069431585403,51.6206465755508 0.015005855088614,51.6205955947256 0.01498747541859,51.6205840299354 0.014970515507321,51.6205769901296 0.014948673905495,51.6205697813722 0.014919561590393,51.6205634563062 0.014906487405278,51.6205616581509 0.014898373259573,51.62056179734 0.014877477259842,51.6205576064428 0.014864650681931,51.6205537015723 0.014858206971149,51.6205500352245 0.014849659786323,51.6205442800136 0.014844303141138,51.6205394880327 0.014794531648259,51.6204836076384 0.014775253628899,51.6204637949525 0.014760182952383,51.6204529952915 0.014728998517056,51.6204365468152 0.014707638824384,51.6204270393415 0.014654701361624,51.6204129441229 0.014515603728639,51.6204027438201 0.014478693848371,51.6204000154206 0.014439706322221,51.6203737648056 0.014323366202313,51.6203049839665 0.014270535848688,51.6202765678757 0.014388201093021,51.6202927500795 0.01469326100486,51.6199243053502 0.014680296938065,51.6199172922917 0.014727682325269,51.6197611580078 0.014742727833938,51.6196809631597 0.014744126806567,51.6196597463676 0.014743937634003,51.6195874808036 0.014736848622993,51.6195094011921 0.014715561362636,51.6194488506449 0.01470263515498,51.6194084789942 0.014668330870628,51.6193105906416 0.014537911247325,51.6188930579262 0.014087591510031,51.6188679956839 0.013863420513449,51.6189049222812 0.013617851658661,51.6189290843356 0.013252248679254,51.6189823530348 0.013186012442489,51.6189909926444 0.013038322573301,51.6190085325587 0.012974603534093,51.6190167332324 0.012685381100417,51.6190618549292 0.012446488304977,51.6190858011768 0.012321662991635,51.6190989359362 0.012201985087668,51.6191065940351 0.012144682044239,51.6191020461895 0.012107295145031,51.6190968675777 0.012088170785932,51.6190957707704 0.011957476204475,51.6190916356549 0.011931715046672,51.6190967683472 0.011867373262325,51.6191005970044 0.011845073982285,51.6191010742826 0.011787575032508,51.6191000978665 0.011659568973707,51.6190956061268 0.011631077534067,51.6190918882767 0.011619392415366,51.6190920884043 0.011608513917259,51.619092921281 0.011596224514332,51.6190966388532 0.011450567283442,51.6191001558084 0.011409849616468,51.6190961616829 0.011310592602742,51.6190789338706 0.011297348045337,51.6190762102123 0.011271326843903,51.61907291579 0.01126671762951,51.619072207868 0.011253364268717,51.6190709437613 0.011242386510261,51.6190698260197 0.011233274797755,51.6190686673316 0.011210888938467,51.6190668924374 0.011197127047613,51.6190661901603 0.011121976140725,51.6190598431695 0.011088800855871,51.6190573870098 0.011029757941277,51.6190517110722 0.010938095146924,51.6190416332971 0.010866307622708,51.6190322870957 0.010785986275726,51.6189953808875 0.010788036428807,51.6189936228163 0.010761095975747,51.6189813622571 0.010727507451549,51.6189680212902 0.010691748822449,51.6189537246857 0.010647603861925,51.6189616366608 0.010613007958848,51.6189744254835 0.010614582602388,51.6189761583712 0.010599960004596,51.6189901663893 0.010530287055462,51.6190220182407 0.010516730810365,51.6190276341289 0.01049123405701,51.6190378032009 0.010489412632861,51.6190358470242 0.010420304071923,51.619059554483 0.010422087898367,51.6190613791138 0.010374705489187,51.619088148923 0.010353542073752,51.6191143890216 0.010273117504259,51.6191443969127 0.010263983167464,51.6191479227568 0.010208776940117,51.6191688157777 0.010198272539674,51.6191369640885 0.01019854211126,51.6191312968655 0.010203855392015,51.6191221468351 0.010205184286049,51.6191169470799 0.010199950311325,51.6191102418854 0.010183993160337,51.6190961179091 0.010176233782889,51.6190910736943 0.010172117681143,51.619084264837 0.010162169893988,51.6190736674055 0.010147409999855,51.6190633600561 0.010130497065697,51.6190559806573 0.010120194598129,51.6190534717972 0.010107568553998,51.6190537912915 0.010099308650471,51.6190550720055 0.010090098442518,51.6190574040246 0.010057137902733,51.6190642835624 0.010039034298585,51.6190686310293 0.009991352972166,51.6190773649391 0.009950552432059,51.6190828022161 0.009925484839218,51.6190859820015 0.009884806647596,51.6191064140366 0.00986084628132,51.6191346496862 0.009859964128528,51.6191382240323 0.009855742767614,51.6191426639478 0.00984911294078,51.619145527316 0.009840325927182,51.6191466488701 0.00982387116661,51.6191506506513 0.009771740244491,51.6191648084758 0.009730136546981,51.6191760353303 0.009710632249797,51.6191822933477 0.009684543982653,51.6191852279615 0.009670563193849,51.6191864374692 0.009648389721399,51.6191856765994 0.009633466344339,51.6191852026386 0.009612291565807,51.6191829813707 0.009566740007991,51.6191758400888 0.00949522311161,51.6191604544204 0.009467203332151,51.6191540032368 0.009421163499466,51.61914718769 0.009381188264542,51.6191423708329 0.009335126269977,51.6191426390614 0.009274507998578,51.6191492055674 0.009191569213266,51.6191676076624 0.009164059056706,51.6191747192402 0.009128444027507,51.619180343596 0.009104082918982,51.6191818924602 0.009072825735679,51.6191807365159 0.009051694490834,51.6191784208805 0.009034146752042,51.6191750466738 0.009004911970255,51.619166270008 0.008971663924032,51.6191551996367 0.008854481979076,51.6191086719965 0.008826229435489,51.6190984198981 0.008694267663644,51.6190698700841 0.008850231675675,51.6190241527208 0.009078459904683,51.6189625852964 0.009206329750924,51.6189272209065 0.009784254075917,51.6187654393666 0.010329752178259,51.6186125109086 0.010337697592152,51.6186103920575 0.011147639026691,51.618391095857 0.011791118498045,51.6182140542421 0.012590778971797,51.617994216103 0.013254402157187,51.6178101296276 0.013687232517203,51.6176932016312 0.014552837546062,51.6174523633942 0.01470598699258,51.617407697895 0.014922347229001,51.6173447602633 0.015066230542378,51.6172967973926 0.015312809359811,51.6172214083596 0.015689990894228,51.6170974321755 0.015953270287248,51.6169928079455 0.016103014181576,51.6169284421496 0.016182457409509,51.616894764794 0.016243076692794,51.6168729158152 0.016274256332088,51.6168571603561 0.016300220182691,51.6168424575642 0.016327567804186,51.6168240700931 0.016356998368113,51.6167967836819 0.016522586555125,51.6166437177331 0.016830247878019,51.6163571505485 0.017246334857075,51.615976997396 0.017559272858156,51.6156903375303 0.017997668084347,51.6152853390952 0.018364462082112,51.6149525955947 0.01893459015792,51.614436907093 0.019469927848814,51.6139440987514 0.020018692758931,51.6134348870962 0.020825493024043,51.6127022145508 0.021064702154875,51.6124841948754 0.021141614503929,51.6124127847575 0.021250261431231,51.6123074321976 0.021286253788353,51.6122673014839 0.021300958466623,51.6122411782157 0.021328752150525,51.6121854019846 0.021389353953264,51.6120140509037 0.021443587079356,51.6118028711524 0.021414698633162,51.6116092939483 0.021222484509918,51.6111888914123 0.021383871902151,51.6111654164542 0.021424420789395,51.6110918102311 0.021284561572607,51.6108345715231 0.021210315009929,51.6106937968311 0.021141875930515,51.6105646818486 0.021118817853629,51.6105218042034 0.020898778081094,51.6105683959488 0.020866810581905,51.6105120306118 0.020776887494378,51.6104945183182 0.020772835549394,51.610490374087 0.020755105245385,51.610493990342 0.020707097289104,51.6104472525135 0.020772743184252,51.6103467797097 0.020685482539275,51.6101673569347 0.020682612440826,51.6101571708641 0.020685176480901,51.6101496007651 0.020692967959142,51.6101384956062 0.020707875886141,51.6101272346977 0.02071731111824,51.6101219545812 0.020693318691354,51.6100703808303 0.020589942448078,51.6099287680752 0.020570195002575,51.6098938791008 0.020529596092402,51.6098419445272 0.02052079738225,51.6098227526936 0.020429391942942,51.6097168100849 0.020368923669923,51.6097380940253 0.020230268603208,51.609739580585 0.020201101841018,51.609684749594 0.020150827012631,51.6095938443487 0.02008411592394,51.609466522757 0.01992400773366,51.6091911931875 0.019853513043112,51.6090808059245 0.019844510192112,51.6090813447899 0.019718704262084,51.6089310597301 0.019621369222983,51.6088178554235 0.01955356312734,51.6087379245069 0.019596547610527,51.6087285863937 0.019603376617491,51.6087268727374 0.01961230653738,51.6087281741386 0.019615547545494,51.6087280779226 0.019621453143701,51.6087306480466 0.019622815668242,51.608733361963 0.019645800333558,51.6087271258887 0.019641959652685,51.6087219762342 0.019649125883455,51.6087176102464 0.019661774946137,51.6087137083864 0.019686344958063,51.6087072669796 0.019719686646601,51.6086984642905 0.019681763134865,51.6086486482644 0.01960715068929,51.6085083923601 0.019571888797399,51.6084409283615 0.019526290348094,51.6083589805788 0.019500549023239,51.608309312862 0.019495500025582,51.6082932066945 0.019488421344496,51.608263941465 0.019280585556145,51.6082456172732 0.019283105024916,51.6082379841708 0.019296784689434,51.6081997667707 0.019328327569486,51.6080870341399 0.019333743761874,51.6080747047286 0.019454212569941,51.6077974477401 0.019578826274479,51.6076109178057 0.019472501479259,51.6076541010322 0.019144881604743,51.6077901817619 0.019130915627135,51.6077679466831 0.018732883811446,51.6071623891445 0.01854933139284,51.6068923617872 0.018290443193231,51.6064887327253 0.018020262444131,51.6060525164117 0.018189267689048,51.6059923203081 0.018186752759786,51.605990971481 0.018181752606823,51.605991158149 0.018179693046959,51.6059920991088 0.018173918199636,51.605993053574 0.01817158197997,51.6059931944498 0.018138737412749,51.6059977328655 0.01810587048257,51.6059946674962 0.01805968121972,51.6059768547991 0.018056714680935,51.6059755479037 0.018054702274906,51.6059738720975 0.018050143762317,51.6059712841393 0.018009784903513,51.6059229914364 0.018009144673793,51.6058897935913 0.018008880837622,51.6058825734546 0.018049904614392,51.60586955473 0.01806283211796,51.6058650097723 0.017981773143045,51.6057822833599 0.017960827914958,51.605761724728 0.017909066959842,51.6057134831863 0.017874086641607,51.6056822262407 0.017560979378891,51.6053996572005 0.017529657635389,51.6053720818121 0.017473523169003,51.6053162157575 0.017451084186218,51.6053175608522 0.017431191801358,51.6053144549004 0.017412410390641,51.6053072858737 0.017400076735652,51.605300204789 0.01721349977206,51.6050467198548 0.017137768819882,51.6049407048704 0.017043950360104,51.6048087214513 0.017000639573108,51.6047430100635 0.016877909107539,51.6045876028443 0.016804275979468,51.6044717640465 0.016332885429047,51.6038099177279 0.015936863911665,51.6032566580707 0.015669985206846,51.6028849387641 0.015300505710862,51.6023901113113 0.015254183512138,51.6023295273296 0.015128459496742,51.6021409860639 0.015031773213114,51.6019964591999 0.014949920506081,51.6018980648009 0.014851003955727,51.6017729819408 0.014698507795704,51.6015861783013 0.014426016019572,51.6012349006122 0.014215643952236,51.6009705622462 0.014042664192867,51.6007472570819 0.013907564774038,51.6005702645077 0.013896257898725,51.6005528897395 0.013872908714205,51.6004864630318 0.013870065860499,51.6004820956034 0.013865108684212,51.6004693618558 0.013831921336658,51.6004267764176 0.013822130703509,51.6004137380591 0.013788217991851,51.6003633029031 0.013760132252219,51.6003220533999 0.013641548089531,51.6001689210924 0.013539534052086,51.6000271801999 0.0134415235602,51.5998805118868 0.013360510152244,51.5997558145956 0.013289507247898,51.5996513144245 0.013256615178973,51.5995937899516 0.013189418172219,51.5994856112402 0.013026709715472,51.5992411641271 0.013004880398761,51.599206867184 0.012988318093818,51.5991620071775 0.012966284267939,51.5991230816971 0.012951622492363,51.5990858713799 0.012929415408897,51.5990317209492 0.012924551099081,51.5990222210979 0.012914827526126,51.5989851715381 0.01290554454507,51.5988733138025 0.012881194157057,51.5985361635262 0.012863729358913,51.5982942274165 0.012836922036803,51.5979709246081 0.012811629234719,51.5977119381394 0.012798921927839,51.597560153962 0.01278277419578,51.5974422883323 0.012754033680372,51.5972641551623 0.012717221151241,51.597016403797 0.012689943956632,51.5968131788933 0.012673741641423,51.5967000100965 0.012638256668847,51.5964921132547 0.012624478642114,51.596369790746 0.012623586111125,51.5963617146 0.012629969033745,51.5963058335044 0.012632786607763,51.59627121254 0.012633621223707,51.5961064338074 0.012636006968569,51.5960809593421 0.012633821691631,51.5960666304057 0.012631886178826,51.5960368129756 0.012628672242754,51.5959729988092 0.012619029975979,51.5958723168493 0.012602332228383,51.5956553182184 0.012601945326218,51.5956524436571 0.012583419049925,51.5955460672284 0.012574408517603,51.5954955562466 0.012548203733957,51.5953697259002 0.012546734651739,51.5953634680431 0.012545489071782,51.5953571056342 0.012522461691664,51.5952238442027 0.012485373682313,51.5950015751854 0.012479786221596,51.5949599107461 0.012470358352346,51.5949116793362 0.012464413595256,51.5948750640296 0.012468316036167,51.5948746364589 0.01244621299425,51.5947769245544 0.012425010851663,51.5946736542054 0.012408481585997,51.5945854650398 0.012385970351078,51.5944664802621 0.012373706054115,51.5944050866314 0.012363142063977,51.5943473093859 0.012362160904732,51.59434173468 0.012355383111737,51.5943032200643 0.012344099507824,51.5942370939315 0.012331384066893,51.5941633280534 0.012303318951979,51.5939988780314 0.012272072426701,51.5938063297534 0.012227516176053,51.5935288993681 0.012224149060717,51.5935096745103 0.012203289220784,51.5933588234173 0.012189149887421,51.5932656221862 0.012175521919122,51.5931710857847 0.012170569364447,51.5931286811628 0.012160299357418,51.5930664646706 0.012151218426162,51.5930179953068 0.01214067516957,51.5929756740387 0.012103850878777,51.5927965726762 0.012099727509406,51.5927555818365 0.012095694596809,51.5926904571436 0.012112783816163,51.5925309820428 0.012117228213847,51.5924572903774 0.012118647075058,51.5923821713656 0.01212025695948,51.592306016734 0.012120883569778,51.5922558448527 0.012122298088413,51.5922074300744 0.012122918508452,51.5921571110517 0.012229409979328,51.5921549884674 0.012230752124132,51.592121033663 0.012260611238442,51.5920516244329 0.012265032003822,51.5920444670759 0.012273417105367,51.5920251442568 0.012279808997162,51.5920036426271 0.012279949396723,51.5920014271976 0.012282382608654,51.5919975492952 0.012282884096363,51.5919928196992 0.012280041181485,51.5919713290932 0.012279481802679,51.5919425703362 0.012277554998722,51.5919150157453 0.012278258768979,51.5918558438293 0.012279110106874,51.5918322242725 0.012276790837563,51.5917850541882 0.012273600388327,51.5917426110525 0.012270715528199,51.5916688953359 0.012269065827901,51.5916147527724 0.012270572690423,51.5915985910185 0.012277646600217,51.5915827941248 0.012294825275305,51.5915276368904 0.012299006110142,51.5915049745249 0.012300024728808,51.5914924037066 0.01229978730292,51.5914870258538 0.012307535096677,51.5914736750038 0.012307895223229,51.5914680980553 0.01230835948421,51.5914648798142 0.012308059576885,51.5914580867371 0.012311615134274,51.5914468985641 0.012317906976487,51.5914334333209 0.012319945352618,51.5914260084129 0.012367084586279,51.5913788661831 0.012404791374505,51.591342037312 0.012411269685267,51.5913332215102 0.012421918275634,51.5913222694809 0.01242661600989,51.5913159922104 0.012432080643808,51.5913110299479 0.012446012522991,51.5912939723985 0.012451704398893,51.5912833994973 0.012459727602719,51.5912612799535 0.012462487954546,51.5912486927247 0.012439053326821,51.5911648644274 0.012434087145953,51.5911529628528 0.012479508628307,51.5911590983246 0.012443525896098,51.5910649742446 0.012440192316065,51.5910552918381 0.01242400486547,51.5909581194697 0.012410487361557,51.590886660789 0.012391103335236,51.5907745017592 0.012409941752239,51.5906815112202 0.012423389581488,51.5905949636102 0.012450945949733,51.5904836930184 0.012476029724219,51.5903803790378 0.012484496910235,51.5902843841051 0.012493507217276,51.5902006912908 0.012541629533984,51.5900473484737 0.01250098209944,51.5900303969034 0.012514709913898,51.5899483999959 0.012528860371348,51.5898498516806 0.012530927803667,51.5898349455204 0.012527230255962,51.5898347068483 0.012534440319849,51.5897876042785 0.012538075487867,51.5897875418777 0.012543043053365,51.5897524268537 0.012558208698429,51.5896610163278 0.01258292845554,51.5895033703973 0.012629236888916,51.5891896933295 0.012645523470428,51.589085522257 0.012688286932272,51.5887992068145 0.01273589944615,51.5884721994682 0.012792847956779,51.5880978758289 0.012836571967815,51.5878091599044 0.012906950286304,51.5873602458974 0.012952876737848,51.5870777948192 0.012966424388061,51.5869669731666 0.012966949470332,51.5869619958675 0.013004138693971,51.5867070630377 0.013049490074125,51.5863914776831 0.013065783519692,51.5863129355226 0.013143347766311,51.5857998218074 0.013230176459892,51.5852408226838 0.013327202706905,51.584561178394 0.013403273303754,51.5840463310584 0.013414854291308,51.5839889748407 0.013413334977541,51.5837835900015 0.01347565063014,51.5837021990245 0.013502697497315,51.5836862469349 0.013533226139962,51.5836705947319 0.013844683004058,51.5835260879675 0.014161343479876,51.583377314001 0.014198356083059,51.5833729147738 0.01430479695805,51.5833693971587 0.014641568343796,51.5833652989419 0.014862514675005,51.5833592509474 0.014892934969541,51.5833587353026 0.014935294508263,51.5833577140977 0.015423247345515,51.5833459555794 0.015540428903924,51.5833465788803 0.015533502828031,51.5832218307652 0.015507966208201,51.5832102792809 0.015494916955593,51.5832013151749 0.015486508051998,51.583189373965 0.015464826059574,51.5831676820635 0.01545109471996,51.5831431557897 0.015448133417206,51.5831096651456 0.015435682078081,51.5830634155808 0.015414650874746,51.583045407451 0.015388573221761,51.5830047947066 0.015380814234945,51.5829861987561 0.015376079937163,51.5829444988753 0.015396632069414,51.5829124502198 0.015414376176535,51.582882250097 0.01542454409856,51.5828706046611 0.015428974040301,51.5828621170545 0.015424925302452,51.5828524515038 0.015393194788241,51.5828257041434 0.015384404791827,51.5828143476875 0.015382047883594,51.5827723884293 0.015390394238703,51.5827519590831 0.015384845259265,51.5827352270343 0.015367433055097,51.5827180073746 0.015425062621663,51.5826792839485 0.015416384754791,51.5826032910997 0.01541118942713,51.58254436796 0.015407321886336,51.5825431116582 0.01541081886856,51.5825399356947 0.015395092419133,51.5825338798698 0.015382710199567,51.5825280498222 0.015359409877821,51.5825113719937 0.015348548017278,51.5825000331622 0.01533637481867,51.5824841055807 0.015332259361031,51.5824747253333 0.015334935185187,51.582459926458 0.0153609770541,51.5823281272872 0.01537318149239,51.5822641660988 0.015376361745225,51.582247260631 0.015380524167659,51.5822419959922 0.015411528228464,51.5822278908997 0.015485725638914,51.5820754609558 0.015519534402085,51.5820044803209 0.015530118107208,51.5819823273279 0.015703495917461,51.5818370749732 0.015641369672712,51.5817787132764 0.015595306362151,51.5817568137677 0.015347480940546,51.5816695870783 0.015350924863364,51.5816428744917 0.015425410117058,51.5814788817096 0.015579785614694,51.5811498138772 0.015773134945328,51.5807215876347 0.016001209487972,51.5802282858366 0.016287294119164,51.5796160642702 0.016352616014875,51.5794548360615 0.01642675043332,51.5792749103518 0.016454853462998,51.5792567785675 0.016700711820472,51.5791167612471 0.016972725763932,51.5785198157068 0.017038742199988,51.5783850180502 0.017229583075186,51.5779772327905 0.017283473058008,51.5778631156658 0.017329513387118,51.5777604594902 0.017402551797742,51.5775943065719 0.017429318928756,51.5775460091568 0.017505413257479,51.5773876826957 0.017477368071358,51.5769067002341 0.017447625244118,51.5761844955308 0.017420421337864,51.5753701869528 0.017434178919788,51.574834085382 0.017431117968225,51.5746533186687 0.017423407840698,51.5745584487159 0.017412512665684,51.5744862381341 0.017384559188286,51.5743728996468 0.017344444154913,51.5742521492529 0.017325889905956,51.5742096631298 0.017314425650181,51.5741857280168 0.017267459478992,51.574104052995 0.017213317885198,51.5740300650545 0.017105371157839,51.5738896478338 0.016826899865429,51.5735245477264 0.016558955692121,51.5731841643959 0.016441039674475,51.5730331422457 0.016413933014374,51.5729920134692 0.01640276163886,51.5729702772947 0.016385783539386,51.572928320536 0.016382646011244,51.5729162768275 0.01648086655328,51.5728887688554 0.016486546329718,51.5728871981771 0.01662591235486,51.5728493899734 0.016663532128055,51.5728393752797 0.016757575136613,51.5728093023269 0.017125699343733,51.5727031964005 0.017200374200844,51.572679580279 0.017299151512111,51.5726389796865 0.017378345340551,51.5726000253361 0.017466496898968,51.5725543369274 0.017484099303508,51.5725471906681 0.017495877335636,51.5725390637383 0.017548863032627,51.5725086167305 0.01768940486441,51.5724060649723 0.017762554236854,51.5723349293538 0.01780695906911,51.5722934638779 0.017933771269554,51.5721616912604 0.018054573037445,51.5720374300342 0.018148875170622,51.5720394081476 0.018171447875692,51.5720401004536 0.018496498496921,51.5721623709226 0.018920938466825,51.572322059913 0.018927698264733,51.5722494752613 0.018930586969989,51.5722223264729 0.018935117811541,51.5721506677712 0.018972503592033,51.5717475642662 0.018995639559731,51.5714939329777 0.01901079233296,51.5712458382934 0.019013013972488,51.5712177055129 0.019028194299115,51.5710384303136 0.019040665997388,51.5709024244418 0.019053643405046,51.5707386750384 0.019077349010439,51.5705203719085 0.019091284048641,51.5703246527751 0.019130891238554,51.5698548589858 0.019133717695156,51.5698191746287 0.019095760661499,51.5698234298906 0.019052836386282,51.5698280332724 0.019018197484488,51.5698343572004 0.018976146241349,51.5698419265487 0.018973685277353,51.5698424329473 0.018910308204675,51.5698598467941 0.018843276929884,51.5698804754246 0.018813684721557,51.5698905279222 0.018780440830776,51.5699028087021 0.018731100640234,51.5699211254818 0.01868043402111,51.5699413912856 0.018644997843299,51.5699564677927 0.018533522638166,51.5700092446332 0.018468073455139,51.5700453102979 0.018365367939624,51.5701014664596 0.018315114298093,51.5701282652782 0.018298091175101,51.5701354025858 0.018281469492422,51.5701385699628 0.018256571871943,51.5701375579969 0.018217200691054,51.5701340956354 0.018152102198809,51.5701288720884 0.018081128216822,51.5701246354153 0.017967715850715,51.5701176338181 0.017935764554903,51.5701144959642 0.017878115159841,51.5701074201692 0.01785465510956,51.5701039050263 0.017792779736917,51.5700872565194 0.017763200783366,51.570076848674 0.017739376875697,51.5700681115015 0.017719476563908,51.5700570937268 0.01770676972719,51.5700481652064 0.017690512483757,51.5700285283126 0.017683250424964,51.5700141950778 0.017681921165079,51.5700002021661 0.017679225407319,51.5699821015955 0.017679389949096,51.5699590841281 0.017682101710462,51.5699454640994 0.017707997333601,51.5698886602893 0.017789771522359,51.5697113630181 0.017892490836287,51.5694816625727 0.018007020009228,51.5692331873251 0.018096436576758,51.5690269704239 0.01822435199942,51.5687308539871 0.018387195820773,51.5683620985124 0.01851988681166,51.5680657241667 0.018671722586373,51.5677247074048 0.018785932327979,51.5674760147579 0.018842705033718,51.5673441280106 0.018913103632914,51.5672005284847 0.018973880821772,51.5670435857951 0.018997986332315,51.566976198038 0.01900736179884,51.5668820483023 0.019006356318531,51.5667982084454 0.019001648156979,51.5666919202058 0.018996046513394,51.5666469932771 0.018981321040383,51.566599971725 0.01895359474367,51.5665244704931 0.018941851070675,51.5664835890093 0.018917903722481,51.566432223655 0.018899366360143,51.5663890473409 0.01885875553318,51.5663259934556 0.018848654819909,51.566312820538 0.018791710156729,51.5662465938435 0.01875255483877,51.5662060045264 0.018705691326174,51.5661584014863 0.018680134870041,51.5661325614961 0.018603642823695,51.5660702818473 0.018508848774291,51.5660030314077 0.018437504445273,51.5659594342342 0.018376122834844,51.5659243316883 0.018343881891683,51.5659062144772 0.018274377113537,51.56587352417 0.018187267422831,51.5658358348433 0.018116387057144,51.5658054738346 0.01803365956176,51.5657748553994 0.017958948122931,51.5657498614001 0.017894449808116,51.5657299945108 0.017842803469107,51.5657163603838 0.017767421981688,51.5657012903729 0.017638299265939,51.5656753891847 0.017577485633892,51.5656635268937 0.017470410953738,51.5656510767339 0.017399862179678,51.5656449141515 0.017341282940061,51.5656417730085 0.017268701695815,51.5656397945221 0.017183244675254,51.5656394206092 0.017000740448241,51.5656358756652 0.016737674946324,51.5656339474734 0.016403907113423,51.5656306979849 0.016094520888846,51.5656267980338 0.015933996624703,51.565626792414 0.015709368546718,51.565624200033 0.015288281767743,51.5656192509419 0.015070907587823,51.5656175847757 0.014888809076569,51.5656163918821 0.014658153213457,51.5656149531583 0.014464582821756,51.5656157579723 0.01446797988783,51.5655914815514 0.014470037271456,51.5655660465192 0.014473363577297,51.5655658949393 0.01448070930157,51.5654887207714 0.014477076061463,51.5654887832031 0.014478046327778,51.5654757721821 0.014478818556835,51.5654278533807 0.014491791487846,51.5652637433957 0.014497220406759,51.5652034984116 0.014486052992284,51.5652023935707 0.014484247946239,51.5651950470349 0.014481962383834,51.5651600474288 0.014466527821262,51.5649872683824 0.014488640252443,51.5649832077309 0.01447957975362,51.5649350981816 0.014466829747011,51.5648427471425 0.014453305314273,51.5647590549221 0.014447244055869,51.5647134153655 0.014442567293858,51.5647122277664 0.014440861985164,51.5647057661889 0.014426358887187,51.5646132798015 0.014420702557493,51.5645857147656 0.01441184317956,51.5645860972072 0.014387679787857,51.564396856936 0.014383895253286,51.5643969219645 0.014381446592457,51.5643897348637 0.01435957382422,51.5643018848983 0.014342674699898,51.5642354895166 0.014327525081268,51.5641765882053 0.014323259509988,51.5640232499181 0.014319165290077,51.56384215023 0.014320285453835,51.5637628879194 0.014323695252111,51.5636961939357 0.014320140594371,51.5636427218795 0.014308762805456,51.5635078453549 0.01429097489107,51.5632892217763 0.014285246152945,51.5632617425034 0.014275202589019,51.5631774949414 0.014268938411653,51.5630680237549 0.014264143438634,51.5630683363521 0.014262690567988,51.563027097724 0.014259485133423,51.5629796645076 0.014254981000016,51.5628944485791 0.014248971700821,51.5627668420625 0.0142473864245,51.5626723549352 0.014248998217036,51.5625916444441 0.014243443388172,51.5625915096732 0.014238391239137,51.5625441081826 0.014249457304495,51.5625434567286 0.014250404863537,51.5624560725253 0.014254030366395,51.5623707169098 0.014254970485356,51.5623250568504 0.014260562893247,51.5622256056581 0.014282698528456,51.5618809558524 0.014281543625839,51.5617270847567 0.01427575853096,51.5615961569844 0.014299763166317,51.5615966240182 0.01429864939501,51.5615394841752 0.014303490581993,51.5612659152051 0.01434045562058,51.5610675832895 0.014353412380471,51.5609946021529 0.014362490574932,51.560951582773 0.014408568877106,51.560791226606 0.014378944660925,51.5607877734792 0.014388495792854,51.5607685188995 0.014431829395379,51.5606114508261 0.014453366090581,51.5605365210176 0.01449448524158,51.5603816518972 0.014539077124736,51.5602156270696 0.014541783965589,51.5601964379311 0.014551342845559,51.5601693641063 0.014556898327469,51.5601511394858 0.014588036095985,51.560055683533 0.014590796985614,51.5600413746669 0.01461722017688,51.5598852005091 0.014630344038724,51.5598076922614 0.014695301151343,51.5598130596541 0.014702106710772,51.5597578331238 0.014736873740201,51.5596423340155 0.014772683991443,51.5595242963297 0.014794406478932,51.5594666515969 0.014819779911958,51.5594262342555 0.01494778122099,51.5594235450913 0.015036691743706,51.5594210115228 0.015037117129509,51.5594252829078 0.015383621814162,51.5594100594156 0.015427890337436,51.5594049755813 0.015576627296495,51.5593840481827 0.015703953794167,51.5593624087286 0.015845299382055,51.559331163132 0.015989279016341,51.5592941086842 0.016042356654862,51.5592791484861 0.016164876486811,51.5592403019465 0.016369686568213,51.5591676223158 0.016455134962814,51.5591398580592 0.016486430889799,51.5591288738793 0.016646485829653,51.5590665308733 0.016767925093836,51.5590194893098 0.016839142097019,51.5589908320359 0.016883030888085,51.5589714046287 0.017015549369533,51.5589073442638 0.017140509031789,51.5588406332842 0.017407129378949,51.5586786401589 0.017611969045246,51.5585332886499 0.01765204562949,51.5584987369626 0.017717763334748,51.5584544985572 0.017778813662187,51.5584050374713 0.017881331150938,51.5583232811883 0.017957061184583,51.558262963152 0.018046114247713,51.5581901425062 0.018140858107616,51.5581128551759 0.018171244782654,51.5580943916529 0.018188494504801,51.5580837081388 0.01832676369027,51.5579910492106 0.018343606989907,51.5579799527123 0.018443841108132,51.5578946624368 0.018617484580057,51.5577447132139 0.018765666722092,51.5576200552606 0.019015089814353,51.5574068471182 0.019182104623697,51.5572638555076 0.019307567919265,51.5571612002634 0.019504176505402,51.5569950053576 0.019809675755845,51.5567304020035 0.019951934800043,51.5566026035627 0.020091979582327,51.5564755085554 0.02016572849736,51.5564093221596 0.020337787319794,51.5562525757051 0.020474015074908,51.556128099922 0.020640076951649,51.5559639411754 0.020845555229021,51.5557519333452 0.020935413036338,51.555660898016 0.021218696001089,51.5553712352734 0.021400061990827,51.5551857596161 0.021283600469639,51.555138511316 0.021395027264967,51.5550232218074 0.021500237955296,51.5549161381966 0.021522967544682,51.5548944947024 0.021261643257354,51.5547995869044 0.021151828762696,51.5547596976869 0.021035069630736,51.5547195683951 0.020744615882968,51.5546178928996 0.0207091751456,51.5546065103056 0.020676318999506,51.55459476031 0.02061866110921,51.5545755098826 0.020558139473003,51.554555762035 0.020478681354012,51.5545297489197 0.020333613763466,51.5544826771201 0.020267719729143,51.5544620010499 0.020170064346056,51.5544316827097 0.020150876457682,51.5544252445973 0.020050187939063,51.5543837321802 0.019970188281647,51.5543514727465 0.019896058180355,51.5543288493956 0.019820854466118,51.5543140636364 0.019713563462517,51.5542747501052 0.019623505974576,51.5542398598166 0.019434652937762,51.5541650677723 0.019277546329038,51.5541020836043 0.019301440982613,51.5540801866649 0.019252876702843,51.5540605846819 0.01901032740721,51.5539630697768 0.018915726385677,51.553925684406 0.018892365692142,51.5539485990342 0.018742511136553,51.5538875827546 0.018444632776149,51.5537660819478 0.018471551602381,51.5537419802562 0.018300602489099,51.5536734481714 0.018195872089746,51.5536324776973 0.018153384840286,51.5536173155381 0.017974080427527,51.5535476435815 0.017820224614001,51.5534875511305 0.01775247592635,51.553462130481 0.017588903087973,51.5533954281109 0.017534705370267,51.553371867592 0.017209406915313,51.5532409526885 0.01699338697597,51.553151020191 0.016755376289584,51.553378919829 0.016524647872711,51.5532909157662 0.016280602700045,51.5531926836325 0.016245780407337,51.5532422459411 0.016172915136026,51.5533093472384 0.016070959095462,51.5534433597542 0.016051114622322,51.5534661908484 0.016016190834256,51.5534995689075 0.016004910747708,51.5535188534647 0.015949988873307,51.5535965190571 0.015946626309601,51.5536051621958 0.015940861911286,51.5536139662437 0.015888571854627,51.5536767747036 0.015863765473244,51.5537061739169 0.015845663306575,51.5537307016043 0.015809627145799,51.5537770364909 0.015747555173095,51.5538236922916 0.015699425674834,51.5538752961804 0.015521587599476,51.5540609719989 0.015361147306257,51.5542276472431 0.015331381551,51.5542561783776 0.015139297003356,51.5544544157763 0.015074496548757,51.5545202518188 0.014882001312413,51.5547199784785 0.014751597452788,51.5548539156257 0.014718005517857,51.5548905130974 0.014649457594756,51.5549573583448 0.014641099673548,51.5549643463029 0.014513778053036,51.5549204288677 0.014278491906921,51.5548391062096 0.014103049825955,51.5547783661198 0.013873688103062,51.5546987411996 0.013422601297348,51.5545407428322 0.013078746289118,51.5544217569032 0.012681606017937,51.5542813748997 0.012331375987486,51.5541593766811 0.011648597861936,51.553918812853 0.011632219352972,51.5539144860606 0.011421052935502,51.5541141793762 0.011240858303493,51.5542861120265 0.011138727561006,51.5543857916776 0.010796757943861,51.5541648482902 0.010333975134675,51.5538654958487 0.009899906390853,51.5535825321313 0.009637732790425,51.5534131867815 0.009642581054961,51.5534057269798 0.009635808648301,51.5534030760329 0.009709248523172,51.5533326597999 0.00983550801103,51.55321062289 0.009850791200026,51.5531959671947 0.009853208504862,51.5531971064887 0.009913753818799,51.5531372015104 0.010165785840441,51.5528878711331 0.010433591021597,51.552627379563 0.010473238819296,51.5525871858017 0.010546908844558,51.5525147192452 0.010641616482346,51.5524219658498 0.010823305592626,51.5522460255631 0.010825267334913,51.5522446196312 0.010720860887504,51.5521845930329 0.010570024354208,51.5520986589221 0.010427114699625,51.5520190427176 0.010327872754751,51.551965419013 0.010284051825046,51.5519359721832 0.010283520347172,51.5519322925022 0.01023951182785,51.5519069980926 0.010149264175541,51.5518476877092 0.010096868991591,51.5518082440983 0.010058094557685,51.5517842429459 0.010013504230517,51.5517558874296 0.009958826767811,51.5517168884593 0.00986904157713,51.5516460287336 0.009830573771013,51.5516384042042 0.009603721460479,51.551482890935 0.009508096631276,51.5514168351093 0.009485550781536,51.5514001193173 0.009568575230039,51.5512469528177 0.009353533277604,51.5512185171257 0.008953364916655,51.5511647073841 0.008199976574569,51.5510682506077 0.007932296669731,51.5510296089774 0.00748547347618,51.5509685997651 0.006971553573115,51.5509008573082 0.006620090225557,51.550852845056 0.006468262899779,51.5508284298409 0.006287432300987,51.5507808717694 0.005876568746492,51.5506753423728 0.00583728714314,51.5506647583839 0.005793692180277,51.5506587508158 0.005772970829982,51.550659668303 0.00572014655076,51.5506695773811 0.0056037726194,51.5506918289294 0.005561434742653,51.5507019092414 0.005595703436291,51.5507719073435 0.005639440204928,51.5508739165307 0.005741159532325,51.5510883645149 0.00578800741009,51.5512368889654 0.00582737589979,51.5514232701255 0.005835635505374,51.5514893220568 0.00583620840701,51.5515283836136 0.005833145982892,51.551616557899 0.005830931064318,51.5516435603226 0.005795058128129,51.5517364946828 0.005759424845579,51.5518294042467 0.005747861199162,51.5518621708553 0.005583097115708,51.5518645905396 0.005589652391228,51.5518428672026 0.005273014264516,51.5518158662731 0.005279863102533,51.5518402424559 0.005259296498717,51.5519374866908 0.005247197861274,51.5519850589395 0.005111196426469,51.5519716264751 0.005122883708708,51.551908955389 0.00476583211798,51.5518758971308 0.004687927692766,51.5518699462148 0.004060704443058,51.5518139952546 0.003875893498173,51.5517991449013 0.00383637481214,51.5519787466665 0.003746306633877,51.5519722440632 0.003708227812744,51.5519684318642 0.003708088603986,51.5519706473395 0.003597566333606,51.551959701136 0.003598165318861,51.5519571819438 0.003375796636412,51.5519357453014 0.003341822549502,51.552094739856 0.003320173491268,51.5520951098194 0.003193193632266,51.5520815209605 0.002979244253367,51.5520609765505 0.002835319063341,51.5520488027155 0.002618452402687,51.5520308955795 0.002475269327819,51.5520200143609 0.002482601287731,51.5519896332845 0.002420450189407,51.5519820502743 0.002306164744829,51.5519713955481 0.002213334902011,51.5519625351978 0.002051330748884,51.5519440505782 0.001894522768269,51.5519254770009 0.001893106297554,51.5519327052162 0.001626303419491,51.5519221165182 0.001550465623612,51.5519187450978 0.0013503859677,51.5518968035518 0.00122155178779,51.55188215071 0.000855514697633,51.5518416405363 0.000716184621215,51.5518263695335 0.000366087787982,51.5517873195699 0.000221546183596,51.5517717763029 0.000069982878815,51.55175419172 -0.000078614410961,51.5517383566729 -0.000261322122257,51.5517220232964 -0.000345301671642,51.5517120450369 -0.000428759835693,51.5517018509928 -0.000512563994449,51.5516903444659 -0.000714579507048,51.5516623983415 -0.000804694778215,51.5516495271403 -0.000866988374135,51.5516387029643 -0.000993386830208,51.5516152850678 -0.001056866400312,51.5516037607022 -0.001132768774271,51.5515856047062 -0.001200510663321,51.5515691098528 -0.001290442019161,51.5515472307866 -0.001337819943938,51.5515339911144 -0.001515064943548,51.5514840640714 -0.001756637297246,51.5514165011027 -0.001919119219092,51.5513738841552 -0.002103373123536,51.551322272769 -0.002292868566965,51.5512696694195 -0.002422143941862,51.5512333297675 -0.002661372928877,51.5511664442056 -0.002837416040761,51.5511175731205 -0.002959653125763,51.5510836346028 -0.003257930829182,51.5510008241887 -0.003580738794938,51.5509119467035 -0.003605096438472,51.5509441448671 -0.003660305883515,51.5510212522099 -0.003663222670278,51.55102035761 -0.003706978209588,51.5510801632813 -0.003703628729907,51.5510809911683 -0.003717668067043,51.5511008529537 -0.003760665418687,51.5511660206237 -0.003787119816383,51.5511613988669 -0.003860897528389,51.5511400627423 -0.004007270386136,51.5510894719709 -0.004276844127275,51.550992114175 -0.005095396686098,51.5507522105927 -0.005458634016895,51.5506514993072 -0.005664716879231,51.550591360498 -0.005800457858357,51.5505396595839 -0.005993075249255,51.5504703111805 -0.00616245282354,51.550415198581 -0.006188248214622,51.5504066316705 -0.006231860407138,51.5504001687596 -0.006254674351569,51.5503937130109 -0.006565087961554,51.5503370342221 -0.007204297385651,51.5502094883722 -0.008039841347784,51.5500385779926 -0.008236714503436,51.5499903859262 -0.008433953349704,51.54993714674 -0.008560762053046,51.5499066566301 -0.00859686700671,51.5499067065098 -0.008636361402142,51.5499118794897 -0.008686433061289,51.5499228596046 -0.008710263239956,51.549939427521 -0.008725257471929,51.5499536485539 -0.00874555369577,51.5499928792157 -0.00880512988891,51.5501351825836 -0.008831401964055,51.5501950611493 -0.008877035073421,51.5503143394706 -0.008947865949464,51.5504873909299 -0.009010548685617,51.5506212414854 -0.009061141573532,51.5507612023824 -0.009073805352549,51.55080885366 -0.009085300272353,51.5508420140825 -0.009100464694718,51.550884226753 -0.009107615183816,51.550915237942 -0.009116384783459,51.5509523115918 -0.009122851410958,51.5509797257942 -0.009141271910028,51.5510974180058 -0.009150933424533,51.5512710911867 -0.009136781023543,51.5515298554607 -0.00914433559096,51.5516155741642 -0.009157972574232,51.5516525712316 -0.009168893223736,51.5516896400091 -0.009177615904584,51.551712066481 -0.009188435365813,51.5517352650316 -0.009196495748355,51.5517511884497 -0.009198954032057,51.551759935075 -0.009212802882616,51.5517842182859 -0.009241979130601,51.5518267055612 -0.009267691324237,51.5518644866361 -0.009332235624073,51.5519529501556 -0.009357690998019,51.5519881918178 -0.009383815678572,51.5520165285621 -0.009402742961973,51.5520403628516 -0.009414073845131,51.5520518508012 -0.009419256183673,51.5520855947238 -0.00942886048787,51.552128174338 -0.009443239582714,51.5521968840518 -0.009634494180003,51.5522548825094 -0.009683569528205,51.5522680970682 -0.009713846586371,51.552277615962 -0.009736834445669,51.5522886991209 -0.009819144465529,51.5523438086556 -0.009836047636938,51.5523552328179 -0.009880519379599,51.5523803321638 -0.009957704164305,51.5524144664725 -0.010034650709813,51.5524475841146 -0.010206689010028,51.552522674533 -0.010332457175073,51.5525761961446 -0.010438536119083,51.5526212183838 -0.010492424805852,51.5526441040252 -0.010520899128011,51.5526535912443 -0.010544896520587,51.5526597615796 -0.010577101513712,51.5526631889312 -0.010619871717044,51.5526628341474 -0.010663969262219,51.5526585387809 -0.01070232539399,51.5526534257345 -0.010740182003148,51.5526465038715 -0.010772020617705,51.5526404089043 -0.010842560745313,51.5526236636042 -0.010906111261394,51.5526084580098 -0.010934121201069,51.5526015768741 -0.011142376403107,51.5525265581292 -0.011376625564408,51.552445386173 -0.011633404970526,51.5523534995103 -0.011760002678424,51.5523072436756 -0.011864043132588,51.5522814298072 -0.011977004216876,51.5522580169728 -0.012116274904665,51.5522316739574 -0.012308281698675,51.552196656924 -0.012547614893309,51.5521528730723 -0.012915293187875,51.5520848105676 -0.013311253249983,51.5520099093607 -0.013642380279446,51.5519519197156 -0.013789109698205,51.5519200724545 -0.013908821925955,51.5519074661348 -0.014268152703772,51.5518651479857 -0.014719082135117,51.5518131216889 -0.015316981198753,51.5517444443682 -0.015988582377979,51.5516623783381 -0.01644304241113,51.5516120939071 -0.016501897664077,51.5516080233506 -0.01662121985899,51.5515835885612 -0.016965061674451,51.5515652004891 -0.016918858971362,51.5514028946457 -0.017163736332544,51.5513974660996 -0.017171447232753,51.5515315434496 -0.017174511949256,51.5515772610284 -0.017171367712602,51.5516221992216 -0.017175060101277,51.5516701674869 -0.017174227847735,51.5516758718737 -0.017179854939626,51.5517458887411 -0.017198823574127,51.5519075768542 -0.017202227932078,51.5519433623478 -0.017279503005236,51.5523889332634 -0.017348302408817,51.5527397577854 -0.017451080496704,51.5531935157275 -0.017481347605577,51.5533408840935 -0.017625729884031,51.5536537451111 -0.017761695749758,51.5539227412987 -0.017928383201863,51.5542210293626 -0.018046701717222,51.5540744483156 -0.018048030918051,51.554088104586 -0.018133098766822,51.5543224459818 -0.018331448160268,51.5548403254167 -0.018464328309649,51.5551846071466 -0.018633441640595,51.5552616150513 -0.018774074846374,51.5553258051793 -0.018963893160623,51.5554128074535 -0.019247263493471,51.5555421898344 -0.019592044748888,51.5557010734712 -0.019983208085624,51.5558819455364 -0.020479475006099,51.5561105774021 -0.020787097672478,51.5562519150054 -0.021192962570183,51.5564399955827 -0.021269105298436,51.556474067648 -0.021688957108391,51.5566676464667 -0.022078751448197,51.5568463850045 -0.022510663244427,51.5570448941082 -0.02252968817057,51.557053887894 -0.023006466733418,51.5572723733658 -0.023677470331868,51.5573429926995 -0.023940961166719,51.5573697589075 -0.023941131811009,51.5573744091962 -0.023946956194507,51.5574784131268 -0.023994376903014,51.5576523443942 -0.024031779866872,51.5578341366511 -0.024055502752603,51.5579267449328 -0.024158805697493,51.5582231218101 -0.024292326495529,51.558558993794 -0.024338880472071,51.5586389610911 -0.024532680424142,51.5588831412188 -0.024741231289078,51.5590821441891 -0.024903137787914,51.55922323465 -0.025116535896175,51.5593910411048 -0.025601597407317,51.5597551086475 -0.025736759601911,51.5598517103831 -0.025778418078903,51.5598757133848 -0.02592772348644,51.5599541347771 -0.026173210114351,51.5600665416569 -0.026344476970758,51.560144127519 -0.026396172929079,51.560167470768 -0.026727079785829,51.5603152197435 -0.027006822951024,51.5604442991809 -0.027218978816513,51.5605455020322 -0.027540302421122,51.5606911255811 -0.027731367744768,51.5607728755632 -0.027851804055447,51.5608101682591 -0.027900702670222,51.5608268389833 -0.027955181938459,51.5608472130565 -0.02810447833789,51.5609071273726 -0.028217869092904,51.5609553929588 -0.028282827996936,51.5609804274791 -0.028390733370793,51.5610202250315 -0.028649426691104,51.5611083678093 -0.028743612083835,51.5611414195445 -0.028871122809131,51.5611776770979 -0.029021031604839,51.5612348281073 -0.029122052229886,51.5612678746575 -0.029240622211975,51.561297066404 -0.029375652820594,51.5613219228014 -0.029555232467903,51.5613343882261 -0.029703357025317,51.5613472464993 -0.030008256659673,51.5613611212613 -0.030039790081247,51.5613588840743 -0.030093023418869,51.5613564020707 -0.030150200190104,51.5613533782833 -0.030226784563639,51.5613449255774 -0.030313148814606,51.5613347187131 -0.030424191835924,51.5613201343811 -0.030520298962379,51.5613058543123 -0.030626675220849,51.5612834335422 -0.030787934781303,51.5612404935323 -0.030894805309888,51.5612160745372 -0.030900640744104,51.5612142839184 -0.030956254092437,51.5611963371519 -0.031011907592769,51.5611774926633 -0.031021758314882,51.5611738961843 -0.031136806366077,51.5611360710973 -0.031267971897461,51.5610887428458 -0.031423470801097,51.5610215618326 -0.031736771758581,51.5608955452073 -0.031779237209749,51.5608750054152 -0.0319885223649,51.5608118320216 -0.032137298744957,51.5607790261089 -0.032413237184318,51.5607078205418 -0.032580627887427,51.5606697504601 -0.032657535954332,51.5606551910433 -0.032805830086178,51.5606335415054 -0.033053309848573,51.5606167957986 -0.033170613333286,51.5606169591709 -0.033285481569302,51.5606199637986 -0.03348910763271,51.5606416548896 -0.033575797316105,51.5606567105955 -0.03365039802267,51.5606717032135 -0.033673117638552,51.5606772472159 -0.033900836702452,51.5607404456501 -0.033966180925951,51.5607590195634 -0.0340363925002,51.5607830633378 -0.034119442641402,51.5608167634026 -0.034209293996564,51.5608519054734 -0.034267757019888,51.560879440355 -0.034287862830043,51.5608891958279 -0.034327872796884,51.5609063895705 -0.034378439766626,51.5609281978864 -0.034472593104389,51.5609685816579 -0.034502631419499,51.5609816426766 -0.034586762030775,51.5610155313614 -0.034638425526043,51.5610365081098 -0.034769189197609,51.5610921399175 -0.034919505486877,51.5611554790511 -0.035018266534796,51.5611896355308 -0.035099465434674,51.561219347978 -0.035180723940698,51.5612476791899 -0.035354697201876,51.5612960026241 -0.035444395269398,51.5613173283426 -0.035551136697115,51.5613465459802 -0.035626540454094,51.561364866315 -0.035735007969362,51.5613883492427 -0.035929786304718,51.5614259551793 -0.036023059114137,51.5614415768223 -0.036163092435343,51.5614621295167 -0.03628680222304,51.5614752635256 -0.036403957402234,51.5614859820923 -0.036551868965355,51.561495371227 -0.036640843795471,51.5614991634887 -0.036693045195755,51.5614979615221 -0.036721254623253,51.5614956669369 -0.036788301368343,51.5614879263096 -0.036935244805287,51.561470932228 -0.037043418747103,51.5614550912223 -0.037214043496505,51.5614215575697 -0.037922554304562,51.5612175439501 -0.03813291211721,51.561177381479 -0.038237850030793,51.5611650644066 -0.038371291599299,51.5611592034574 -0.038535482439587,51.5611592155429 -0.038577137622318,51.5611624471548 -0.038625667175593,51.5611692512423 -0.038661857961454,51.5611705471681 -0.038689996293546,51.5611698651096 -0.038784029584398,51.5611592170382 -0.038819929069101,51.5611586636514 -0.038854602386759,51.5611608568274 -0.03888880615278,51.5611653469773 -0.038974576134044,51.5611834668524 -0.03901327093373,51.5611953187245 -0.03905289382804,51.5612114252304 -0.039077570077861,51.5612224414081 -0.039122351624441,51.5612492094158 -0.039233710911123,51.5613205856481 -0.03940263335628,51.561437587576 -0.039452292005377,51.5614654314622 -0.039514584297405,51.5615086137059 -0.039566415073023,51.5615397356632 -0.039635152945986,51.5615808644908 -0.039741186616309,51.5616417054398 -0.039811996435002,51.5616800540346 -0.039891285052789,51.561712647591 -0.03994417395001,51.5617326208255 -0.040017635780005,51.5617579795613 -0.040073797923446,51.5617690020905 -0.040136389984332,51.5617783315559 -0.040176067051031,51.561782955827 -0.040229670267867,51.5617850310277 -0.040287673904626,51.5617813352857 -0.040449920410013,51.5617651631826 -0.040583552832337,51.5617449173036 -0.040714601905688,51.5617183350981 -0.041052249777968,51.5616150974833 -0.041687237969594,51.5614440870489 -0.041861672341588,51.5614155300625 -0.042166070099273,51.5613828463013 -0.042362870389342,51.5613681459329 -0.042512311102329,51.5613814252821 -0.042659907109817,51.5614035350841 -0.042809101794511,51.5614409157318 -0.043177524410186,51.5615461082017 -0.043579396818807,51.5616750803089 -0.043650569625809,51.561698986781 -0.043694553858718,51.5617110798832 -0.04373776155973,51.5617191762777 -0.043826713667207,51.5617256748962 -0.04399264746303,51.5617327999894 -0.044152569419945,51.5617372231505 -0.044195861461424,51.561736792124 -0.044245955610372,51.5617330157678 -0.044296527490888,51.56172671141 -0.044347445860466,51.5617147474125 -0.044440034609597,51.5616922175036 -0.044470159906167,51.5616883387697 -0.04451576960257,51.5616856404922 -0.044552069656936,51.5616844004818 -0.044626370019677,51.5616854073188 -0.04469616485237,51.5616879523854 -0.044777950056874,51.5616955377819 -0.044854402668386,51.5617067231459 -0.04492772510605,51.5617210559487 -0.045020696112006,51.5617422579429 -0.045077340238656,51.5617595692783 -0.045129909599196,51.5617899168931 -0.045147926496009,51.561800317353 -0.045295324839004,51.5619026675947 -0.045463271925147,51.5620145366448 -0.045537666859829,51.5620627218592 -0.045552433458806,51.562074969219 -0.045578865801738,51.5621057665575 -0.045638022931173,51.5621791141389 -0.045680627366292,51.5622158279624 -0.045724144603775,51.56224443837 -0.04576093891865,51.5622581106707 -0.045784494059679,51.5622658784021 -0.045830449193002,51.5622779315506 -0.045898794086495,51.5622906359789 -0.045997189554597,51.5623058960558 -0.046055915643818,51.5623141391642 -0.046186732043467,51.5623309186577 -0.04622688918628,51.5623357799751 -0.046395541234764,51.5623520321777 -0.046560706085241,51.5623624870108 -0.046812919842882,51.5624641074193 -0.04693245761528,51.5625162195793 -0.047079296574135,51.5625920829075 -0.047212878942944,51.5626733739339 -0.047248292103292,51.5627060845734 -0.047273624357208,51.5627361573061 -0.047293388029495,51.5627640187748 -0.047316516516404,51.5628191174425 -0.047326710679543,51.5628588214263 -0.047332015092183,51.5629069161118 -0.047324897372317,51.5629805727779 -0.047306362461252,51.5630430973345 -0.047287912355497,51.5631134487231 -0.04724320479542,51.563189492048 -0.047165236419696,51.5632893821491 -0.047125238929306,51.5633360806123 -0.047033892544244,51.5634257006665 -0.046871287387507,51.5635643471554 -0.04682750539273,51.5636133188786 -0.046729120247736,51.5637302474979 -0.046663045376884,51.5638448888065 -0.046632834142575,51.5639181388622 -0.046616122599775,51.5639840110285 -0.046607458984236,51.5640730463827 -0.046615152396611,51.564235805941 -0.046656487920893,51.5643767224692 -0.04707994786128,51.5648585748784 -0.047298478514177,51.5651020734979 -0.047412084456392,51.5652146692292 -0.047517408002612,51.5652902248338 -0.048019691391193,51.5655520303696 -0.048040615957745,51.5655645703915 -0.048231768286802,51.5656620613321 -0.048469556176936,51.5658219302443 -0.048656181540626,51.5659647798272 -0.048811424625568,51.5661047984407 -0.049055366124546,51.5663375298517 -0.049228688188986,51.5664882428273 -0.04942726964523,51.566611655141 -0.049673048945664,51.566754427022 -0.049963078983333,51.5669257357155 -0.050164939289748,51.567060677639 -0.05043053091772,51.5672557723113 -0.050674328004858,51.5674350011712 -0.050837744880341,51.567552284196 -0.050994918527271,51.5676534582604 -0.051075631438591,51.567695747448 -0.051116070175114,51.5677157949333 -0.051145144453189,51.5677293715673 -0.051147255551653,51.5677301835619 -0.051179181817874,51.5677424640075 -0.051227892880292,51.5677621217433 -0.051276408027443,51.5677802186803 -0.051588875093286,51.567897186729 -0.051887860299773,51.5680130295748 -0.052084763269643,51.5680890622953 -0.052394912314549,51.568212745727 -0.052438099342514,51.5682322145608 -0.052553995390867,51.5682773411654 -0.052764485290231,51.5683771285757 -0.052880102863179,51.5684292348229 -0.053011945322969,51.568494602959 -0.05313229051622,51.5685651072886 -0.053287694598874,51.5686589890516 -0.053358437992451,51.5687088893621 -0.053441021575669,51.5688015628036 -0.053461915081329,51.5688634077127 -0.053511105498512,51.5689914793411 -0.053668434642501,51.5692731824723 -0.053800236011888,51.5695095550565 -0.053936222372122,51.5697384107399 -0.054103852088136,51.5699976982604 -0.054193397389381,51.5701207586312 -0.054239148513379,51.570182443064 -0.054272570603968,51.5702175312595 -0.054355468856448,51.5702851359386 -0.054416698049632,51.5703268355839 -0.054473697468352,51.5703608959009 -0.054532336386668,51.5703921453128 -0.054597103928263,51.5704220773391 -0.05468973768551,51.5704572017895 -0.054778243866392,51.5704823235108 -0.054881304405399,51.5705043746186 -0.054953686544361,51.5705159825498 -0.055021120491711,51.5705189941166 -0.055232888857793,51.5705196677621 -0.055334540766959,51.5705213537372 -0.055461904283329,51.5705253589871 -0.055523248648242,51.5705287413876 -0.055620846072342,51.5705365099476 -0.055895006899307,51.5705694394994 -0.055960004305505,51.5705761942325 -0.056028431651708,51.5705915209336 -0.05612592157198,51.5706196286578 -0.056225143228011,51.5706605381646 -0.056316355471277,51.5707112489922 -0.056414509928764,51.5707772130444 -0.056491584489203,51.5708390426012 -0.056554339833599,51.5709162460015 -0.056598673324157,51.5709803717791 -0.056655830569839,51.5710820826192 -0.056750334015113,51.57130504333 -0.056772360821406,51.571340414954 -0.056794172877239,51.5713630107598 -0.056848154633712,51.571414523181 -0.056906049958779,51.5714632623527 -0.057060325073076,51.571584085651 -0.057097786053367,51.5716135628924 -0.057432209776804,51.5718537444702 -0.057708096699693,51.5720502610513 -0.058034428557609,51.5722700239244 -0.058330606191099,51.5724737643312 -0.058432298311061,51.5725648872997 -0.058481969429635,51.5726241035075 -0.058528013621448,51.572712826549 -0.058587036653189,51.5728867683195 -0.058661643499108,51.5731964548145 -0.058717082157207,51.5735046449571 -0.058722449531679,51.5735155213933 -0.058839146481009,51.5737566792327 -0.059174368787067,51.5742822890083 -0.059360728130949,51.5745307997613 -0.059565218400368,51.5747853565468 -0.059694647779021,51.5749624277012 -0.059884559815528,51.5752473769838 -0.060134721368127,51.5756406135621 -0.060168462202336,51.5757353091678 -0.060447014374126,51.5762903559798 -0.060787018375359,51.5771275229301 -0.060901736593583,51.577341227596 -0.061158761716309,51.5777860114155 -0.061286130792462,51.5779638662584 -0.061518534196864,51.5783110814372 -0.061633583492086,51.5784783682135 -0.061769754819161,51.5786555046923 -0.061949186634326,51.5788576216622 -0.062121837826108,51.5790613007019 -0.062157951023673,51.579128002174 -0.062184775702829,51.5791920402974 -0.062201112654124,51.5792500473136 -0.062223167965607,51.5794579314923 -0.062202202051346,51.5795404258193 -0.062164945781687,51.5796586312528 -0.062101467521094,51.5798230021149 -0.062045265585748,51.5799109796007 -0.061943693185912,51.5800295869063 -0.061711962875507,51.5802537903684 -0.061502510140353,51.5804557551495 -0.061386411943944,51.5805727675699 -0.061283043202554,51.5806582221528 -0.061149966329386,51.5807555970468 -0.061000891562237,51.5808501983245 -0.060868668488734,51.5809275047336 -0.060553250989929,51.5810836751241 -0.060186381852642,51.581276857841 -0.059987166997581,51.5813924282953 -0.059836456790507,51.581479905001 -0.059777539492459,51.5815110616744 -0.05977356087235,51.5815131792505 -0.059742510274155,51.5815297037855 -0.059729418780447,51.5815367900698 -0.059572614840379,51.5816201333295 -0.059345795288607,51.5817129028878 -0.059275416070091,51.5817493991808 -0.059189333608415,51.581792719012 -0.0589617872508,51.5818949279435 -0.058773118982957,51.5819855231174 -0.058596094067995,51.5820650654991 -0.058458110843812,51.582136149016 -0.058259877487904,51.5822292630106 -0.05805223796793,51.5823651795097 -0.057967908719492,51.582424181833 -0.057832540066982,51.5825145871883 -0.057770487300904,51.5825788952613 -0.057705526152407,51.5826791120865 -0.057586856864738,51.5828663806998 -0.057528681214955,51.5829708500243 -0.057471643891202,51.5830485617783 -0.057424628630685,51.5830997035944 -0.057359951516023,51.5831550059473 -0.057282878946326,51.583229525156 -0.057220536333385,51.5832804390467 -0.057193085182208,51.5832992635135 -0.057109518273541,51.5833439346525 -0.056912374000379,51.5834243138467 -0.056706801990441,51.5835150591231 -0.056502743864649,51.5836236039327 -0.05628445184871,51.5837635098091 -0.056226190714751,51.5838207272117 -0.056081801640684,51.5839599017972 -0.056005909979921,51.5840261201272 -0.055859309126978,51.5841377558577 -0.055763557517363,51.584226135679 -0.055736530881727,51.5842551413351 -0.055694125934531,51.584302099846 -0.055652440746332,51.5843522832609 -0.055588679957237,51.5844363742969 -0.055493424585241,51.5845606642813 -0.055422405502001,51.58465202481 -0.05539638116596,51.5846884162709 -0.055378132735827,51.5847225788634 -0.055357241825026,51.5847866666316 -0.055341916881693,51.584862157348 -0.055325327470362,51.5849156910098 -0.05530176154875,51.5849780204464 -0.055280097278271,51.5850602600296 -0.055259308376964,51.5851219502851 -0.055238379061499,51.5851740415086 -0.055202220658895,51.5852478153329 -0.055147756293818,51.5853637845431 -0.055085916041505,51.5854720912478 -0.054998053295139,51.5855971022064 -0.054840023207814,51.5857805858669 -0.054765074468016,51.5858476317757 -0.05469480550226,51.5859087582317 -0.054636869716796,51.5859513239045 -0.054561032410514,51.5860007909615 -0.054476253767862,51.5860535357174 -0.054391605041062,51.5861031990667 -0.054313107011945,51.5861505643365 -0.054219155743127,51.5861990444596 -0.054135972741911,51.5862401630709 -0.054031655955372,51.5862994390458 -0.053943825740669,51.5863463065596 -0.053841781469639,51.5864039061137 -0.05374280198765,51.5864670400035 -0.053659363212219,51.5865270038599 -0.053573901950774,51.5866085275147 -0.05353426935358,51.586647626792 -0.053493389763264,51.5866901323543 -0.053466320837912,51.5867184721435 -0.053435557573494,51.5867468513102 -0.053393034029214,51.5867854601128 -0.05334964022244,51.5868224403149 -0.053254112849139,51.5868948851199 -0.053200902090149,51.5869326203943 -0.053178082377153,51.5869488028012 -0.053126514398801,51.5869839332402 -0.053088624124222,51.587007981031 -0.052990946424513,51.5870663374805 -0.052930030474891,51.5871013125996 -0.052769236609224,51.5871704106722 -0.052683054155135,51.5872095593605 -0.052647449974711,51.5872269546245 -0.052603294068979,51.5872549564474 -0.052585268428054,51.5872647465269 -0.052484836634856,51.5873159419958 -0.052394553375712,51.5873667565072 -0.052344936140046,51.587401276912 -0.052290474002627,51.587448568731 -0.052213151740238,51.5875479621296 -0.052178196443645,51.5876014688433 -0.052157571065711,51.5876616404581 -0.052152824840813,51.5877132399456 -0.052152998949701,51.5878088327834 -0.052171971857415,51.5878878691045 -0.052224074631517,51.5879963743977 -0.052247629006559,51.5880487110948 -0.052320307802619,51.5881748136514 -0.05234006556424,51.5881986119811 -0.052375915572064,51.5882459445161 -0.052435370013955,51.5883168892667 -0.052481968448871,51.5883718424112 -0.052517534970866,51.5884130122162 -0.052541582378999,51.5884353467684 -0.052562193899537,51.5884455906366 -0.052594274622531,51.588466820358 -0.052638343437417,51.5885018258879 -0.052675965105725,51.5885468992098 -0.052744404961477,51.5886754894874 -0.052767695014441,51.5887138979032 -0.052858829287677,51.5888546468638 -0.052934051145035,51.588985492574 -0.05298670233341,51.5890409902947 -0.053016040804556,51.5890657326674 -0.053080936924393,51.5891293092269 -0.053179004651458,51.5892482775552 -0.053327996652756,51.5894455581006 -0.053418004861184,51.5895987137005 -0.05348312461529,51.5897449185661 -0.053527603718254,51.5898829366603 -0.053532845570719,51.5900059217845 -0.053528804117606,51.5901496708778 -0.053478100474554,51.5904521522371 -0.053439670347396,51.5907129984409 -0.053423321747009,51.5908500065899 -0.053396342182098,51.5909410786469 -0.053352303778551,51.5910384040032 -0.053231701084188,51.5912573559945 -0.05307242391251,51.5915462665542 -0.052895136511159,51.5918636407245 -0.052726628193686,51.5921720088186 -0.05250215401673,51.5925775547198 -0.052488867091377,51.5926025037203 -0.052430014097335,51.5927321927844 -0.052387413518512,51.5928235951083 -0.052357174142138,51.5929275196789 -0.052348195052054,51.592976638071 -0.052334716371042,51.593110829858 -0.052332842154219,51.5932350404386 -0.052319191656662,51.5933531635389 -0.052272279238669,51.5936458502164 -0.052244308135783,51.5937771232484 -0.052221112753866,51.5938570669658 -0.052161065363723,51.5940145827783 -0.052101349576241,51.594144258198 -0.052070661064594,51.5941983716946 -0.05197106538602,51.5943156025189 -0.051909214632062,51.5943745530988 -0.051819608105378,51.5944592830985 -0.05172880817612,51.5945316754044 -0.051626025277891,51.5946027983791 -0.051549164907047,51.5946507901925 -0.051468006485287,51.5946987103024 -0.05139727434658,51.5947441264252 -0.051321651254173,51.5948033842141 -0.051262420947399,51.5948613081038 -0.051201217694716,51.5949351984625 -0.051151882559631,51.5950205641218 -0.051108831261369,51.5951160759084 -0.051087870857491,51.5951977294623 -0.051081766385532,51.5952461600324 -0.051074303812152,51.5953891203608 -0.051060466565443,51.5954926483868 -0.051011114211785,51.5956725668529 -0.050946366370471,51.5958354947371 -0.050872166085046,51.5959681428509 -0.050800311123115,51.59607740018 -0.050586478548495,51.5963959977589 -0.050462778234091,51.5965863950794 -0.050403021536955,51.5966640568817 -0.050336767169312,51.5967365902372 -0.050233082107371,51.5968346748394 -0.050147721015364,51.5969099452963 -0.050066952269055,51.5969715741121 -0.049939254068357,51.5970636490104 -0.049122156840236,51.5976580647999 -0.048471086466912,51.5981365720874 -0.047959904883854,51.5985134184393 -0.04757663269355,51.598793301239 -0.047221625214896,51.5990553031883 -0.046934823623075,51.5992841856145 -0.046647181726357,51.5995326268333 -0.046485650473604,51.5996804062141 -0.046032566692276,51.600121823379 -0.045596458718812,51.6005794267935 -0.045187485983649,51.6009995643275 -0.044782590822408,51.6014160993491 -0.044431144019357,51.601777248549 -0.0440902424358,51.6021214452568 -0.043874710091994,51.6023368324693 -0.043677420922607,51.6025390670577 -0.043518796439547,51.602710138632 -0.043442166324808,51.6028018353417 -0.043398574693822,51.6028561597131 -0.043258687624379,51.6030483404668 -0.042823852931132,51.6036576580689 -0.042596037462808,51.6039756000364 -0.04250457375687,51.6041380041663 -0.042253896683396,51.6044849236452 -0.04202484487642,51.6047857174845 -0.041880387743591,51.6049924995733 -0.0417252699162,51.6052186784472 -0.041585366496663,51.6054108567457 -0.041470593842682,51.6055550395525 -0.041390886930069,51.6056467697681 -0.041330550696499,51.6057093044767 -0.041254582767911,51.6057806534039 -0.041166802228858,51.6058531152405 -0.041076715508882,51.6059166736613 -0.040942599760002,51.6060005473347 -0.040816531250017,51.606066558501 -0.04070991503364,51.6061188013356 -0.040561430562209,51.6061797392249 -0.040115256689123,51.6063500149126 -0.039498961903972,51.6065871289093 -0.038683401896147,51.6068960703476 -0.038371410714681,51.6070161247974 -0.037943553509722,51.6071694731864 -0.037720342567544,51.6072450365053 -0.037105897501373,51.6074782847656 -0.03634006585246,51.607768657436 -0.03603971208852,51.6078871252521 -0.035737960441212,51.6080222140283 -0.035412954527661,51.6081715766542 -0.035224251822726,51.6082681935263 -0.03501396658514,51.6083922642078 -0.034901193373303,51.6084623360358 -0.034749925222121,51.6085733781721 -0.034707223995615,51.6086098704301 -0.034585472577823,51.6087184975818 -0.03457492990559,51.608728210062 -0.034535970919328,51.6087617191594 -0.034527363863432,51.6087690180927 -0.034388612388232,51.6089066780995 -0.034306239119002,51.6089923779093 -0.034250274758143,51.6090513073259 -0.034181905757099,51.6091275664086 -0.034120827001623,51.6091975861604 -0.034074358498861,51.6092563840983 -0.034010873922565,51.6093544943596 -0.033968055545595,51.6094462989714 -0.03395497337356,51.6094793391835 -0.033947438603474,51.6095019581084 -0.033922918692864,51.6095791477524 -0.033909202121427,51.6096507280307 -0.033907990762304,51.6097489743077 -0.033914811311204,51.6098369623373 -0.033943114857983,51.6099546004027 -0.033965141118605,51.6100418981021 -0.034005284539214,51.6101313887444 -0.034056287025286,51.6102153923538 -0.034107862362131,51.6102861773195 -0.034190427799502,51.610377323867 -0.034417712039931,51.6106384781083 -0.034607281540951,51.6108593524002 -0.035024545093448,51.6113413095764 -0.035245997208443,51.6115945245091 -0.035379585299631,51.6117557840126 -0.035447103569072,51.6118566939901 -0.035493951984056,51.611963908763 -0.035529158472602,51.612093304148 -0.035540642838129,51.6121872281033 -0.035535110545745,51.6123153360454 -0.035520049806705,51.6124166759704 -0.03549730328181,51.6125160742584 -0.035458086352812,51.6126369662026 -0.035401611537346,51.6127751057438 -0.03532264440705,51.6129842254991 -0.035246087658267,51.613182500831 -0.035228365577908,51.6132330009775 -0.035205638355082,51.6133094196327 -0.035164134319068,51.6134107239842 -0.03514717488722,51.6134364746428 -0.035099245587509,51.6135093902679 -0.035048498379979,51.6135813603056 -0.034993385947982,51.6136523579349 -0.034970851795614,51.6136769459601 -0.034768190101898,51.6138858148854 -0.034564980505956,51.6140723875343 -0.034443719104713,51.6142092519346 -0.034211734846523,51.6145200070343 -0.033968839582128,51.6148022318938 -0.033503115666971,51.615323553582 -0.032795905791948,51.6161290073636 -0.032458933293101,51.6165154754625 -0.032312859896947,51.6166642045704 -0.032099278504087,51.6168647124555 -0.031921111426683,51.6170151181571 -0.031678347186882,51.6172088087231 -0.031414427890489,51.6174029145054 -0.031064509868007,51.6176447246255 -0.030260841582603,51.6182014844835 -0.029692966974522,51.6185949529965 -0.029477561749492,51.6187670745927 -0.02925871147841,51.6189485861865 -0.02886798462374,51.619278383979 -0.028393382766196,51.6196870812803 -0.027805386303362,51.6201902436789 -0.027223729434094,51.620686895778 -0.026590079034601,51.6212270770184 -0.026402566146639,51.6213854901597 -0.02607948023845,51.621624766365 -0.025963845906813,51.6217194618828 -0.025938506768629,51.6217423705557 -0.025871316743308,51.6217987394425 -0.025669491392259,51.6219666806503 -0.025583683057704,51.6220383799462 -0.025504028744818,51.6221140459218 -0.025432638357209,51.6221948966143 -0.025377441419878,51.6222632417688 -0.025332194956194,51.6223275433221 -0.025313012961149,51.6223606944408 -0.025256622653008,51.6224517269915 -0.025229164328219,51.622510086438 -0.025179814019261,51.622620217712 -0.025104768164541,51.6227865277357 -0.025028295578084,51.6229582324821 -0.024952099454782,51.6231224916436 -0.024763526198594,51.6235500700642 -0.024697017947012,51.6237007284882 -0.024629995208982,51.6238208733679 -0.02456893177602,51.6239285121839 -0.024484772233865,51.6240565270712 -0.024419745531135,51.6241445289304 -0.024256427272064,51.6243699669797 -0.024024858177779,51.6246439403105 -0.023791952577754,51.6248855270852 -0.023499123558322,51.6251737485687 -0.023337582087433,51.6253328425132 -0.02310833728951,51.6256028072501 -0.022994722465784,51.6257504535317 -0.022862391585283,51.6259130917753 -0.022765420999071,51.6260342652485 -0.022572385660284,51.6262745876828 -0.022403586080734,51.6264847435647 -0.022199069045512,51.6267442356449 -0.021948683163601,51.6270605350058 -0.021733745205436,51.6273336084706 -0.021496357118473,51.6276333101542 -0.021280552657465,51.6279073867072 -0.020984881658108,51.6282855973817 -0.020769004993991,51.6285612010383 -0.020564537337593,51.6288191605069 -0.020283118983694,51.6291729290905 -0.020034199046714,51.6294851238112 -0.019670270170357,51.6299336148688 -0.019368675865447,51.630309972778 -0.01874584436438,51.6310971833663 -0.018478881520216,51.6314328497361 -0.018231691958809,51.6317427324503 -0.017715213293538,51.6323940580613 -0.017015937901713,51.6332712315643 -0.016809328921403,51.6335288955489 -0.016801235742574,51.6335392214314 -0.016625757871781,51.63376312411 -0.01658610216054,51.6338114076275 -0.016301476539234,51.6341705853033 -0.015551196408388,51.6351106619313 -0.015408672517024,51.6352966879105 -0.015226028481107,51.6355485413283 -0.015088830774232,51.6357608568998 -0.015037357404014,51.6358456386777 -0.01497351994356,51.6359725341918 -0.014886904675598,51.6361574893295 -0.014854479862034,51.6362325159058 -0.014849379610228,51.6362566143718 -0.01485050983364,51.6362863593812 -0.014856251667269,51.6363217253696 -0.014861269411712,51.636373704619 -0.014862394756388,51.6364220920832 -0.014854268501002,51.6364783841327 -0.014820145363522,51.636610820368 -0.014799768173058,51.6366880658077 -0.014780300836505,51.6367387858939 -0.014751280477701,51.6368157242675 -0.014711880215694,51.6368835800229 -0.014663493405454,51.6369532991032 -0.014589692737746,51.6370301459446 -0.014531270616229,51.637088611073 -0.014469717048756,51.6371631460553 -0.01440791629509,51.6372618606067 -0.014337752730571,51.6374037636523 -0.014257071443471,51.6375655971805 -0.013860242781314,51.6384244461606 -0.01366638304199,51.6388333803221 -0.013559667244537,51.6390703937206 -0.013405769397914,51.6393962130756 -0.013398792727156,51.6394138149867 -0.01333204305325,51.6396096787067 -0.013308883368115,51.6396949387581 -0.013290500299858,51.639819075444 -0.013258160209398,51.6400402156777 -0.013194319789433,51.6404447162539 -0.013088497472701,51.641096014346 -0.01300971142592,51.6415867087412 -0.012913945724011,51.6421716632761 -0.012701039843118,51.6434826532955 -0.012694675221238,51.643524774068 -0.012259876129708,51.6462286939966 -0.01201292228088,51.6462236164164 -0.012007141729931,51.6462576813983 -0.011636904697146,51.646392652878 -0.011515762802799,51.6464211701467 -0.011097349811666,51.6464015016178 -0.010751896649489,51.646370480544 -0.010376454908102,51.6462948983676 -0.010176034376032,51.6465144623769 -0.009214265122194,51.6465278373635 -0.008982113084347,51.6465140141154 -0.008819468696717,51.6464968737847 -0.008592588616293,51.6464633602646 -0.00833660213541,51.6464005848165 -0.007977161432709,51.646324366797</coordinates></LinearRing></outerBoundaryIs></Polygon>
        </Placemark>
    </Document>
</kml>